user_id,content_id,event_type,watch_time_seconds,timestamp
USR-0497,CNT-0297,view,137,2025-01-01T00:04:59
USR-0565,CNT-0233,view,1013,2025-01-01T00:07:06
USR-0226,CNT-0022,click,103,2025-01-01T00:20:21
USR-0421,CNT-0357,view,1608,2025-01-01T00:34:55
USR-0646,CNT-0210,like,512,2025-01-01T00:47:59
USR-0480,CNT-0167,skip,153,2025-01-01T00:49:26
USR-0229,CNT-0447,click,1823,2025-01-01T01:04:01
USR-0324,CNT-0110,click,672,2025-01-01T01:06:19
USR-0253,CNT-0177,view,334,2025-01-01T01:14:55
USR-0713,CNT-0387,click,117,2025-01-01T01:42:32
USR-0722,CNT-0023,like,1838,2025-01-01T01:47:32
USR-0391,CNT-0099,click,223,2025-01-01T01:58:37
USR-0602,CNT-0340,click,38,2025-01-01T02:06:44
USR-0507,CNT-0039,like,1035,2025-01-01T02:09:56
USR-0980,CNT-0182,view,139,2025-01-01T02:19:42
USR-0277,CNT-0127,complete,158,2025-01-01T02:21:02
USR-0663,CNT-0299,like,32,2025-01-01T02:21:08
USR-0545,CNT-0026,complete,693,2025-01-01T02:45:42
USR-0124,CNT-0225,view,6547,2025-01-01T02:49:15
USR-0832,CNT-0186,like,1696,2025-01-01T03:03:24
USR-0893,CNT-0183,click,5188,2025-01-01T03:10:39
USR-0156,CNT-0302,view,12,2025-01-01T03:14:57
USR-0717,CNT-0295,complete,69,2025-01-01T03:19:06
USR-0334,CNT-0099,skip,166,2025-01-01T03:21:18
USR-0635,CNT-0206,complete,208,2025-01-01T03:28:11
USR-0169,CNT-0499,complete,258,2025-01-01T03:29:42
USR-0316,CNT-0005,view,2014,2025-01-01T03:40:42
USR-0287,CNT-0063,view,32,2025-01-01T04:14:08
USR-0578,CNT-0145,view,123,2025-01-01T04:18:06
USR-0785,CNT-0301,view,66,2025-01-01T04:21:02
USR-0222,CNT-0109,skip,116,2025-01-01T04:26:34
USR-0702,CNT-0080,like,20,2025-01-01T04:33:50
USR-0005,CNT-0414,complete,192,2025-01-01T04:35:17
USR-0836,CNT-0031,view,825,2025-01-01T04:51:00
USR-0911,CNT-0144,view,2002,2025-01-01T04:51:36
USR-0818,CNT-0475,skip,18,2025-01-01T04:58:05
USR-0428,CNT-0342,complete,2289,2025-01-01T05:12:43
USR-0360,CNT-0137,view,400,2025-01-01T05:21:46
USR-0233,CNT-0386,complete,815,2025-01-01T05:30:36
USR-0921,CNT-0083,click,213,2025-01-01T05:39:49
USR-0834,CNT-0205,view,951,2025-01-01T05:41:31
USR-0387,CNT-0386,like,115,2025-01-01T05:41:45
USR-0573,CNT-0354,view,405,2025-01-01T05:42:04
USR-0992,CNT-0395,skip,10,2025-01-01T05:46:44
USR-0087,CNT-0102,view,988,2025-01-01T05:52:39
USR-0477,CNT-0183,skip,764,2025-01-01T06:01:13
USR-0585,CNT-0231,view,3162,2025-01-01T06:08:19
USR-0897,CNT-0286,view,680,2025-01-01T06:21:20
USR-0520,CNT-0224,view,200,2025-01-01T06:30:51
USR-0298,CNT-0404,view,157,2025-01-01T06:40:27
USR-0250,CNT-0098,view,2122,2025-01-01T06:59:57
USR-0962,CNT-0118,view,892,2025-01-01T07:03:51
USR-0566,CNT-0335,click,3820,2025-01-01T07:16:46
USR-0609,CNT-0144,view,1409,2025-01-01T07:25:41
USR-0374,CNT-0492,view,812,2025-01-01T07:27:59
USR-0679,CNT-0259,view,351,2025-01-01T07:29:02
USR-0100,CNT-0450,skip,349,2025-01-01T07:37:08
USR-0008,CNT-0412,complete,1999,2025-01-01T07:40:53
USR-0074,CNT-0452,skip,23,2025-01-01T07:50:50
USR-0448,CNT-0128,skip,34,2025-01-01T07:55:37
USR-0699,CNT-0179,view,29,2025-01-01T07:56:05
USR-0642,CNT-0094,complete,944,2025-01-01T08:13:56
USR-0114,CNT-0437,complete,4373,2025-01-01T08:21:16
USR-0268,CNT-0020,view,41,2025-01-01T08:32:27
USR-0602,CNT-0358,click,71,2025-01-01T08:35:44
USR-0265,CNT-0306,like,57,2025-01-01T08:38:41
USR-0799,CNT-0134,view,565,2025-01-01T08:48:35
USR-0088,CNT-0094,complete,1061,2025-01-01T08:53:54
USR-0764,CNT-0476,view,11,2025-01-01T08:57:01
USR-0588,CNT-0331,click,2303,2025-01-01T08:57:52
USR-0119,CNT-0298,view,5188,2025-01-01T09:05:56
USR-0811,CNT-0232,view,34,2025-01-01T09:06:35
USR-0759,CNT-0026,view,602,2025-01-01T09:20:33
USR-0319,CNT-0310,complete,3441,2025-01-01T09:45:59
USR-0255,CNT-0050,view,185,2025-01-01T10:01:22
USR-0022,CNT-0368,like,218,2025-01-01T10:03:04
USR-0878,CNT-0201,like,3601,2025-01-01T10:03:07
USR-0058,CNT-0450,click,178,2025-01-01T10:09:57
USR-0366,CNT-0102,like,1336,2025-01-01T10:12:15
USR-0064,CNT-0256,view,742,2025-01-01T10:13:00
USR-0967,CNT-0146,view,244,2025-01-01T10:17:42
USR-0280,CNT-0382,like,1296,2025-01-01T10:21:01
USR-0715,CNT-0359,view,493,2025-01-01T10:26:08
USR-0329,CNT-0317,complete,879,2025-01-01T10:29:07
USR-0126,CNT-0032,like,327,2025-01-01T10:32:51
USR-0534,CNT-0251,view,346,2025-01-01T10:33:36
USR-0248,CNT-0163,view,1137,2025-01-01T10:36:14
USR-0172,CNT-0285,like,522,2025-01-01T10:37:23
USR-0591,CNT-0014,view,4716,2025-01-01T10:49:41
USR-0173,CNT-0003,complete,3472,2025-01-01T10:51:39
USR-0432,CNT-0500,like,3357,2025-01-01T10:55:08
USR-0391,CNT-0112,like,2379,2025-01-01T11:02:31
USR-0879,CNT-0068,click,577,2025-01-01T11:03:41
USR-0747,CNT-0283,click,197,2025-01-01T11:27:50
USR-0525,CNT-0285,click,303,2025-01-01T11:30:25
USR-0370,CNT-0141,view,1364,2025-01-01T11:31:37
USR-0813,CNT-0092,complete,1935,2025-01-01T11:40:10
USR-0170,CNT-0349,view,142,2025-01-01T11:45:38
USR-0201,CNT-0400,skip,3,2025-01-01T12:05:46
USR-0292,CNT-0372,click,396,2025-01-01T12:15:44
USR-0920,CNT-0059,complete,672,2025-01-01T12:24:20
USR-0455,CNT-0225,view,4548,2025-01-01T12:25:06
USR-0598,CNT-0391,click,1,2025-01-01T12:27:23
USR-0979,CNT-0382,view,1259,2025-01-01T12:33:26
USR-0917,CNT-0454,click,203,2025-01-01T12:43:55
USR-0482,CNT-0309,like,117,2025-01-01T12:47:30
USR-0088,CNT-0033,skip,22,2025-01-01T12:47:58
USR-0977,CNT-0226,view,263,2025-01-01T12:56:58
USR-0011,CNT-0105,click,6,2025-01-01T13:04:58
USR-0568,CNT-0031,complete,1416,2025-01-01T13:14:04
USR-0325,CNT-0066,click,142,2025-01-01T13:14:47
USR-0041,CNT-0043,click,815,2025-01-01T13:14:56
USR-0059,CNT-0392,view,1085,2025-01-01T13:17:32
USR-0220,CNT-0219,complete,145,2025-01-01T13:18:03
USR-0089,CNT-0468,view,1745,2025-01-01T13:29:21
USR-0465,CNT-0308,view,1347,2025-01-01T13:31:38
USR-0120,CNT-0186,complete,2807,2025-01-01T13:31:44
USR-0624,CNT-0181,complete,6157,2025-01-01T13:39:47
USR-0640,CNT-0448,view,7,2025-01-01T13:42:27
USR-0040,CNT-0066,view,239,2025-01-01T13:45:06
USR-0807,CNT-0253,like,13,2025-01-01T13:45:14
USR-0383,CNT-0231,click,1836,2025-01-01T13:50:08
USR-0954,CNT-0385,view,1276,2025-01-01T13:52:14
USR-0552,CNT-0128,complete,365,2025-01-01T13:54:58
USR-0642,CNT-0486,view,233,2025-01-01T14:06:16
USR-0309,CNT-0274,skip,770,2025-01-01T14:29:31
USR-0077,CNT-0019,complete,82,2025-01-01T14:31:58
USR-0471,CNT-0227,skip,16,2025-01-01T14:51:39
USR-0955,CNT-0499,skip,40,2025-01-01T14:57:08
USR-0622,CNT-0154,view,117,2025-01-01T14:57:32
USR-0254,CNT-0121,click,60,2025-01-01T15:10:36
USR-0983,CNT-0077,skip,1,2025-01-01T15:10:37
USR-0358,CNT-0081,view,68,2025-01-01T15:20:26
USR-0207,CNT-0214,click,3149,2025-01-01T15:21:00
USR-0993,CNT-0199,skip,13,2025-01-01T15:25:07
USR-0249,CNT-0065,skip,7,2025-01-01T15:26:45
USR-0903,CNT-0395,view,18,2025-01-01T15:33:56
USR-0425,CNT-0472,complete,170,2025-01-01T15:52:21
USR-0935,CNT-0460,click,3388,2025-01-01T16:04:20
USR-0845,CNT-0399,skip,108,2025-01-01T16:05:28
USR-0786,CNT-0080,skip,15,2025-01-01T16:24:39
USR-0760,CNT-0254,skip,612,2025-01-01T16:26:57
USR-0025,CNT-0319,view,219,2025-01-01T16:30:58
USR-0540,CNT-0095,complete,604,2025-01-01T16:34:47
USR-0604,CNT-0018,view,62,2025-01-01T16:39:58
USR-0555,CNT-0434,view,27,2025-01-01T17:01:22
USR-0335,CNT-0500,skip,1187,2025-01-01T17:02:11
USR-0955,CNT-0265,skip,31,2025-01-01T17:19:37
USR-0858,CNT-0212,like,1758,2025-01-01T17:28:23
USR-0923,CNT-0464,skip,138,2025-01-01T17:29:20
USR-0697,CNT-0401,view,11,2025-01-01T17:38:42
USR-0047,CNT-0153,skip,733,2025-01-01T17:41:08
USR-0027,CNT-0368,click,104,2025-01-01T17:43:48
USR-0162,CNT-0204,like,1157,2025-01-01T17:49:22
USR-0055,CNT-0492,like,543,2025-01-01T17:53:16
USR-0778,CNT-0056,view,18,2025-01-01T17:57:36
USR-0904,CNT-0042,like,159,2025-01-01T18:00:43
USR-0574,CNT-0409,like,3107,2025-01-01T18:07:30
USR-0500,CNT-0050,complete,652,2025-01-01T18:24:42
USR-0524,CNT-0070,complete,658,2025-01-01T18:41:57
USR-0777,CNT-0419,view,1343,2025-01-01T18:45:27
USR-0649,CNT-0436,complete,1030,2025-01-01T18:53:23
USR-0846,CNT-0299,view,76,2025-01-01T19:00:54
USR-0864,CNT-0399,click,6641,2025-01-01T19:08:28
USR-0371,CNT-0472,view,38,2025-01-01T19:14:05
USR-0580,CNT-0036,click,571,2025-01-01T19:17:21
USR-0113,CNT-0252,complete,3069,2025-01-01T19:18:27
USR-0741,CNT-0371,like,136,2025-01-01T19:22:23
USR-0276,CNT-0425,click,60,2025-01-01T19:26:09
USR-0712,CNT-0149,view,68,2025-01-01T19:29:41
USR-0562,CNT-0477,skip,500,2025-01-01T19:29:47
USR-0905,CNT-0482,click,1149,2025-01-01T19:30:04
USR-0876,CNT-0090,complete,1021,2025-01-01T19:44:52
USR-0700,CNT-0091,view,27,2025-01-01T19:50:53
USR-0403,CNT-0272,click,537,2025-01-01T19:55:29
USR-0699,CNT-0336,like,274,2025-01-01T19:57:12
USR-0399,CNT-0105,view,7,2025-01-01T20:13:07
USR-0438,CNT-0165,view,1780,2025-01-01T20:17:37
USR-0201,CNT-0263,view,23,2025-01-01T20:43:04
USR-0979,CNT-0355,view,692,2025-01-01T20:51:53
USR-0596,CNT-0436,view,850,2025-01-01T21:09:59
USR-0932,CNT-0078,skip,103,2025-01-01T21:19:18
USR-0680,CNT-0295,view,50,2025-01-01T21:24:38
USR-0534,CNT-0271,skip,539,2025-01-01T21:30:40
USR-0395,CNT-0422,click,156,2025-01-01T21:33:12
USR-0660,CNT-0211,view,180,2025-01-01T21:38:52
USR-0137,CNT-0255,view,957,2025-01-01T21:42:55
USR-0981,CNT-0241,view,398,2025-01-01T21:47:40
USR-0802,CNT-0015,view,73,2025-01-01T21:48:42
USR-0771,CNT-0433,like,161,2025-01-01T22:15:04
USR-0730,CNT-0119,complete,2302,2025-01-01T22:22:21
USR-0173,CNT-0360,view,292,2025-01-01T22:23:08
USR-0275,CNT-0377,complete,38,2025-01-01T22:23:29
USR-0720,CNT-0388,like,3731,2025-01-01T22:24:14
USR-0015,CNT-0096,complete,2136,2025-01-01T22:25:50
USR-0381,CNT-0184,skip,15,2025-01-01T22:26:47
USR-0884,CNT-0036,complete,547,2025-01-01T22:36:38
USR-0508,CNT-0284,view,1030,2025-01-01T22:39:22
USR-0659,CNT-0184,view,268,2025-01-01T22:43:30
USR-0796,CNT-0409,click,3506,2025-01-01T22:45:25
USR-0684,CNT-0386,complete,825,2025-01-01T22:50:03
USR-0614,CNT-0047,complete,783,2025-01-01T22:56:13
USR-0210,CNT-0021,like,61,2025-01-01T22:57:58
USR-0242,CNT-0274,view,3059,2025-01-01T23:02:42
USR-0282,CNT-0411,view,680,2025-01-01T23:05:07
USR-0645,CNT-0223,click,1183,2025-01-01T23:23:49
USR-0701,CNT-0155,view,26,2025-01-01T23:38:54
USR-0678,CNT-0399,view,6513,2025-01-01T23:42:13
USR-0345,CNT-0222,click,26,2025-01-01T23:54:06
USR-0040,CNT-0094,skip,151,2025-01-01T23:54:50
USR-0289,CNT-0104,like,1449,2025-01-02T00:03:18
USR-0210,CNT-0042,complete,518,2025-01-02T00:14:40
USR-0523,CNT-0233,complete,2146,2025-01-02T00:23:02
USR-0332,CNT-0460,view,279,2025-01-02T00:24:54
USR-0143,CNT-0152,click,114,2025-01-02T00:25:54
USR-0316,CNT-0174,view,19,2025-01-02T00:35:48
USR-0332,CNT-0481,skip,63,2025-01-02T00:51:41
USR-0388,CNT-0102,view,291,2025-01-02T01:03:43
USR-0195,CNT-0194,view,562,2025-01-02T01:05:11
USR-0661,CNT-0085,click,159,2025-01-02T01:05:39
USR-0112,CNT-0121,skip,13,2025-01-02T01:08:35
USR-0315,CNT-0452,complete,94,2025-01-02T01:10:15
USR-0887,CNT-0470,like,798,2025-01-02T01:20:51
USR-0987,CNT-0012,skip,42,2025-01-02T01:38:27
USR-0442,CNT-0227,view,62,2025-01-02T01:39:49
USR-0481,CNT-0374,complete,546,2025-01-02T01:47:04
USR-0235,CNT-0452,click,52,2025-01-02T01:53:59
USR-0535,CNT-0108,view,134,2025-01-02T01:56:21
USR-0240,CNT-0175,complete,3520,2025-01-02T02:02:14
USR-0443,CNT-0197,click,2108,2025-01-02T02:04:54
USR-0822,CNT-0332,skip,62,2025-01-02T02:06:26
USR-0887,CNT-0383,view,297,2025-01-02T02:10:29
USR-0680,CNT-0488,click,1698,2025-01-02T02:13:21
USR-0988,CNT-0147,skip,281,2025-01-02T02:18:15
USR-0214,CNT-0147,complete,1959,2025-01-02T02:32:31
USR-0901,CNT-0470,view,450,2025-01-02T02:37:11
USR-0789,CNT-0114,like,616,2025-01-02T02:38:38
USR-0677,CNT-0234,click,4393,2025-01-02T02:43:21
USR-0233,CNT-0109,click,584,2025-01-02T02:49:09
USR-0923,CNT-0011,view,776,2025-01-02T02:59:02
USR-0510,CNT-0020,complete,56,2025-01-02T03:11:59
USR-0010,CNT-0155,like,398,2025-01-02T03:16:51
USR-0916,CNT-0119,complete,2392,2025-01-02T03:31:53
USR-0579,CNT-0367,complete,798,2025-01-02T03:32:35
USR-0491,CNT-0333,complete,165,2025-01-02T03:36:40
USR-0022,CNT-0379,click,383,2025-01-02T03:42:09
USR-0910,CNT-0483,view,1154,2025-01-02T03:42:52
USR-0599,CNT-0408,view,122,2025-01-02T03:48:58
USR-0561,CNT-0006,view,34,2025-01-02T03:52:19
USR-0766,CNT-0342,click,2664,2025-01-02T03:54:36
USR-0022,CNT-0139,click,134,2025-01-02T03:55:53
USR-0462,CNT-0325,skip,57,2025-01-02T03:56:23
USR-0518,CNT-0032,view,327,2025-01-02T04:00:49
USR-0950,CNT-0192,complete,49,2025-01-02T04:01:10
USR-0676,CNT-0131,view,1124,2025-01-02T04:01:13
USR-0507,CNT-0018,skip,12,2025-01-02T04:07:44
USR-0976,CNT-0364,click,957,2025-01-02T04:12:12
USR-0283,CNT-0189,view,1240,2025-01-02T04:13:45
USR-0734,CNT-0422,click,190,2025-01-02T04:24:23
USR-0260,CNT-0465,view,479,2025-01-02T04:27:06
USR-0382,CNT-0473,view,803,2025-01-02T04:30:54
USR-0066,CNT-0359,skip,181,2025-01-02T04:37:41
USR-0151,CNT-0125,like,1322,2025-01-02T04:44:53
USR-0626,CNT-0101,complete,349,2025-01-02T04:47:40
USR-0877,CNT-0412,complete,1854,2025-01-02T04:48:40
USR-0797,CNT-0197,view,1313,2025-01-02T04:59:32
USR-0622,CNT-0037,view,2454,2025-01-02T05:02:29
USR-0059,CNT-0136,like,324,2025-01-02T05:02:59
USR-0207,CNT-0413,click,74,2025-01-02T05:06:55
USR-0189,CNT-0378,complete,1859,2025-01-02T05:08:33
USR-0176,CNT-0416,view,80,2025-01-02T05:13:48
USR-0381,CNT-0132,like,39,2025-01-02T05:23:44
USR-0510,CNT-0110,view,404,2025-01-02T05:30:44
USR-0886,CNT-0349,skip,672,2025-01-02T05:35:51
USR-0303,CNT-0064,view,3505,2025-01-02T05:43:09
USR-0178,CNT-0386,skip,67,2025-01-02T05:48:41
USR-0891,CNT-0080,complete,66,2025-01-02T05:53:14
USR-0217,CNT-0213,click,761,2025-01-02T05:56:46
USR-0956,CNT-0483,skip,653,2025-01-02T06:19:09
USR-0186,CNT-0214,click,1224,2025-01-02T06:20:47
USR-0011,CNT-0317,skip,188,2025-01-02T06:23:55
USR-0513,CNT-0254,complete,3730,2025-01-02T06:24:04
USR-0418,CNT-0479,like,591,2025-01-02T06:24:16
USR-0906,CNT-0414,skip,39,2025-01-02T06:29:52
USR-0501,CNT-0082,click,557,2025-01-02T06:35:34
USR-0948,CNT-0180,click,103,2025-01-02T07:03:50
USR-0059,CNT-0426,click,51,2025-01-02T07:12:52
USR-0389,CNT-0266,view,1561,2025-01-02T07:27:53
USR-0310,CNT-0419,view,981,2025-01-02T07:33:54
USR-0912,CNT-0442,view,266,2025-01-02T07:40:19
USR-0203,CNT-0366,click,144,2025-01-02T07:48:58
USR-0972,CNT-0306,view,36,2025-01-02T08:00:03
USR-0397,CNT-0427,click,376,2025-01-02T08:01:29
USR-0809,CNT-0305,view,201,2025-01-02T08:03:52
USR-0700,CNT-0267,view,33,2025-01-02T08:07:58
USR-0065,CNT-0206,click,172,2025-01-02T08:08:13
USR-0492,CNT-0408,like,141,2025-01-02T08:16:59
USR-0373,CNT-0020,click,4,2025-01-02T08:21:56
USR-0327,CNT-0408,click,56,2025-01-02T08:24:19
USR-0424,CNT-0498,complete,1578,2025-01-02T08:25:20
USR-0108,CNT-0415,complete,5194,2025-01-02T08:26:26
USR-0890,CNT-0099,view,498,2025-01-02T08:36:14
USR-0684,CNT-0246,complete,644,2025-01-02T08:39:13
USR-0982,CNT-0166,complete,247,2025-01-02T08:53:24
USR-0948,CNT-0283,complete,262,2025-01-02T08:55:15
USR-0953,CNT-0464,skip,110,2025-01-02T09:05:11
USR-0068,CNT-0348,view,28,2025-01-02T09:05:41
USR-0257,CNT-0008,view,1730,2025-01-02T09:06:06
USR-0538,CNT-0244,click,388,2025-01-02T09:09:51
USR-0081,CNT-0157,like,264,2025-01-02T09:42:38
USR-0210,CNT-0003,complete,3802,2025-01-02T09:52:04
USR-0082,CNT-0149,complete,175,2025-01-02T09:55:25
USR-0592,CNT-0274,complete,3997,2025-01-02T10:14:09
USR-0449,CNT-0368,view,38,2025-01-02T10:18:40
USR-0155,CNT-0220,view,134,2025-01-02T10:25:47
USR-0394,CNT-0099,complete,557,2025-01-02T10:35:48
USR-0685,CNT-0435,complete,143,2025-01-02T10:37:31
USR-0689,CNT-0440,view,3368,2025-01-02T10:39:30
USR-0148,CNT-0036,complete,582,2025-01-02T10:40:09
USR-0388,CNT-0167,like,443,2025-01-02T10:47:47
USR-0062,CNT-0004,complete,4041,2025-01-02T10:59:06
USR-0164,CNT-0308,like,740,2025-01-02T11:03:24
USR-0172,CNT-0375,click,454,2025-01-02T11:04:54
USR-0945,CNT-0037,view,3904,2025-01-02T11:07:37
USR-0634,CNT-0298,click,5871,2025-01-02T11:08:06
USR-0768,CNT-0353,click,2774,2025-01-02T11:10:22
USR-0369,CNT-0361,complete,4512,2025-01-02T11:13:16
USR-0579,CNT-0267,click,352,2025-01-02T11:21:59
USR-0749,CNT-0171,view,123,2025-01-02T11:22:16
USR-0142,CNT-0135,view,64,2025-01-02T11:26:14
USR-0227,CNT-0160,skip,8,2025-01-02T11:29:46
USR-0253,CNT-0187,view,12,2025-01-02T11:51:19
USR-0128,CNT-0279,like,2335,2025-01-02T11:58:30
USR-0316,CNT-0023,skip,15,2025-01-02T12:09:08
USR-0274,CNT-0038,click,70,2025-01-02T12:21:13
USR-0868,CNT-0298,click,1292,2025-01-02T12:25:16
USR-0822,CNT-0058,skip,34,2025-01-02T12:26:50
USR-0423,CNT-0100,like,384,2025-01-02T12:35:00
USR-0945,CNT-0190,view,622,2025-01-02T12:50:35
USR-0136,CNT-0166,view,46,2025-01-02T13:07:11
USR-0733,CNT-0119,view,2344,2025-01-02T13:22:12
USR-0818,CNT-0211,skip,2,2025-01-02T13:24:53
USR-0462,CNT-0141,complete,5055,2025-01-02T13:27:24
USR-0589,CNT-0342,skip,629,2025-01-02T13:37:11
USR-0369,CNT-0248,click,58,2025-01-02T13:37:17
USR-0027,CNT-0071,like,1,2025-01-02T13:52:39
USR-0641,CNT-0313,view,9,2025-01-02T13:52:57
USR-0001,CNT-0368,complete,217,2025-01-02T13:59:14
USR-0896,CNT-0232,view,86,2025-01-02T14:04:46
USR-0496,CNT-0381,view,2962,2025-01-02T14:06:56
USR-0271,CNT-0040,complete,51,2025-01-02T14:20:58
USR-0345,CNT-0199,complete,100,2025-01-02T14:28:14
USR-0016,CNT-0176,like,1752,2025-01-02T14:33:05
USR-0418,CNT-0159,like,1006,2025-01-02T14:33:14
USR-0910,CNT-0102,complete,2469,2025-01-02T14:37:07
USR-0379,CNT-0475,view,44,2025-01-02T14:38:37
USR-0673,CNT-0049,complete,375,2025-01-02T14:43:10
USR-0424,CNT-0341,view,41,2025-01-02T14:45:05
USR-0783,CNT-0453,complete,515,2025-01-02T14:47:55
USR-0610,CNT-0282,click,1182,2025-01-02T15:31:26
USR-0658,CNT-0037,view,2888,2025-01-02T15:38:51
USR-0318,CNT-0275,view,41,2025-01-02T15:47:23
USR-0132,CNT-0386,like,843,2025-01-02T15:49:09
USR-0733,CNT-0475,complete,149,2025-01-02T16:14:52
USR-0267,CNT-0390,skip,706,2025-01-02T16:29:33
USR-0115,CNT-0353,click,4376,2025-01-02T16:41:20
USR-0814,CNT-0087,complete,543,2025-01-02T16:51:49
USR-0203,CNT-0039,view,869,2025-01-02T17:03:08
USR-0328,CNT-0382,click,805,2025-01-02T17:15:03
USR-0198,CNT-0231,view,1158,2025-01-02T17:20:35
USR-0951,CNT-0411,complete,927,2025-01-02T17:21:20
USR-0675,CNT-0140,view,1379,2025-01-02T17:23:23
USR-0686,CNT-0177,like,5302,2025-01-02T17:30:40
USR-0540,CNT-0088,skip,77,2025-01-02T17:36:16
USR-0842,CNT-0055,view,126,2025-01-02T17:49:27
USR-0877,CNT-0080,view,68,2025-01-02T18:01:59
USR-0267,CNT-0379,click,105,2025-01-02T18:05:44
USR-0286,CNT-0440,click,732,2025-01-02T18:11:08
USR-0296,CNT-0474,view,753,2025-01-02T18:13:56
USR-0224,CNT-0115,click,125,2025-01-02T18:20:41
USR-0499,CNT-0175,click,3212,2025-01-02T18:35:31
USR-0871,CNT-0375,complete,458,2025-01-02T18:50:05
USR-0154,CNT-0074,view,13,2025-01-02T18:57:27
USR-0486,CNT-0341,skip,18,2025-01-02T19:00:41
USR-0382,CNT-0070,view,11,2025-01-02T19:02:02
USR-0614,CNT-0430,view,267,2025-01-02T19:05:47
USR-0990,CNT-0012,complete,178,2025-01-02T19:07:48
USR-0610,CNT-0352,view,3562,2025-01-02T19:17:43
USR-0890,CNT-0140,click,2610,2025-01-02T19:17:49
USR-0010,CNT-0271,view,174,2025-01-02T19:20:50
USR-0190,CNT-0033,complete,130,2025-01-02T19:43:15
USR-0785,CNT-0063,click,80,2025-01-02T19:45:57
USR-0092,CNT-0312,click,66,2025-01-02T20:08:11
USR-0657,CNT-0133,view,161,2025-01-02T20:20:40
USR-0645,CNT-0294,click,30,2025-01-02T20:31:03
USR-0974,CNT-0193,view,42,2025-01-02T20:52:34
USR-0959,CNT-0198,like,1462,2025-01-02T20:55:38
USR-0119,CNT-0207,like,1443,2025-01-02T20:56:43
USR-0854,CNT-0261,complete,769,2025-01-02T20:57:41
USR-0631,CNT-0343,like,876,2025-01-02T20:59:35
USR-0935,CNT-0467,click,681,2025-01-02T21:02:28
USR-0864,CNT-0242,view,34,2025-01-02T21:05:02
USR-0227,CNT-0308,like,1032,2025-01-02T21:16:54
USR-0519,CNT-0480,skip,97,2025-01-02T21:22:01
USR-0201,CNT-0026,view,161,2025-01-02T21:24:29
USR-0120,CNT-0279,complete,3121,2025-01-02T21:31:00
USR-0821,CNT-0289,like,53,2025-01-02T21:31:37
USR-0166,CNT-0411,view,964,2025-01-02T21:34:43
USR-0775,CNT-0407,click,31,2025-01-02T21:44:25
USR-0082,CNT-0029,view,432,2025-01-02T21:45:39
USR-0656,CNT-0202,complete,2037,2025-01-02T21:55:23
USR-0536,CNT-0459,click,90,2025-01-02T21:58:41
USR-0881,CNT-0415,skip,407,2025-01-02T22:02:22
USR-0879,CNT-0171,click,451,2025-01-02T22:04:26
USR-0349,CNT-0435,complete,163,2025-01-02T22:06:14
USR-0043,CNT-0010,complete,5533,2025-01-02T22:10:03
USR-0025,CNT-0392,click,102,2025-01-02T22:15:21
USR-0391,CNT-0256,click,785,2025-01-02T22:29:47
USR-0322,CNT-0462,skip,554,2025-01-02T22:55:16
USR-0276,CNT-0329,complete,2497,2025-01-02T23:08:17
USR-0254,CNT-0020,skip,2,2025-01-02T23:14:49
USR-0568,CNT-0329,view,553,2025-01-02T23:21:40
USR-0109,CNT-0476,click,38,2025-01-02T23:37:29
USR-0183,CNT-0388,complete,3885,2025-01-02T23:41:05
USR-0167,CNT-0285,skip,116,2025-01-02T23:49:13
USR-0937,CNT-0424,view,65,2025-01-03T00:00:04
USR-0703,CNT-0077,like,1816,2025-01-03T00:13:32
USR-0925,CNT-0322,view,388,2025-01-03T00:13:44
USR-0036,CNT-0342,skip,144,2025-01-03T00:26:48
USR-0199,CNT-0491,click,1662,2025-01-03T00:34:35
USR-0756,CNT-0220,click,21,2025-01-03T00:36:37
USR-0131,CNT-0260,view,638,2025-01-03T00:39:03
USR-0852,CNT-0372,view,612,2025-01-03T00:46:10
USR-0142,CNT-0323,like,2081,2025-01-03T00:49:13
USR-0292,CNT-0083,complete,431,2025-01-03T00:51:04
USR-0330,CNT-0307,complete,504,2025-01-03T01:18:01
USR-0557,CNT-0353,like,1008,2025-01-03T01:25:04
USR-0997,CNT-0292,complete,128,2025-01-03T01:32:36
USR-0451,CNT-0335,click,935,2025-01-03T01:36:30
USR-0848,CNT-0376,skip,13,2025-01-03T01:44:23
USR-0224,CNT-0276,view,49,2025-01-03T01:44:33
USR-0403,CNT-0047,view,308,2025-01-03T01:57:17
USR-0715,CNT-0406,view,43,2025-01-03T01:57:46
USR-0442,CNT-0234,skip,466,2025-01-03T01:57:59
USR-0471,CNT-0116,complete,64,2025-01-03T01:59:35
USR-0829,CNT-0038,view,86,2025-01-03T02:04:20
USR-0169,CNT-0013,view,728,2025-01-03T02:08:23
USR-0617,CNT-0014,view,2770,2025-01-03T02:10:42
USR-0402,CNT-0149,complete,151,2025-01-03T02:15:07
USR-0975,CNT-0417,skip,65,2025-01-03T02:29:45
USR-0380,CNT-0024,like,49,2025-01-03T02:29:53
USR-0586,CNT-0483,view,2692,2025-01-03T02:34:10
USR-0101,CNT-0028,click,1734,2025-01-03T02:34:10
USR-0198,CNT-0469,click,341,2025-01-03T02:34:50
USR-0073,CNT-0145,skip,85,2025-01-03T02:43:02
USR-0420,CNT-0226,complete,536,2025-01-03T02:45:30
USR-0187,CNT-0431,view,291,2025-01-03T03:02:00
USR-0097,CNT-0191,skip,179,2025-01-03T03:06:09
USR-0082,CNT-0103,view,2046,2025-01-03T03:20:59
USR-0421,CNT-0364,like,856,2025-01-03T03:21:28
USR-0506,CNT-0327,skip,28,2025-01-03T03:26:39
USR-0416,CNT-0186,click,2220,2025-01-03T03:34:01
USR-0329,CNT-0006,view,273,2025-01-03T03:34:07
USR-0032,CNT-0468,view,362,2025-01-03T03:41:33
USR-0372,CNT-0051,click,42,2025-01-03T03:55:10
USR-0414,CNT-0428,view,239,2025-01-03T04:02:08
USR-0151,CNT-0464,view,455,2025-01-03T04:13:35
USR-0860,CNT-0098,complete,6221,2025-01-03T04:20:51
USR-0104,CNT-0054,view,338,2025-01-03T04:31:40
USR-0088,CNT-0316,like,457,2025-01-03T04:35:54
USR-0229,CNT-0183,view,977,2025-01-03T04:44:26
USR-0579,CNT-0348,like,16,2025-01-03T04:58:35
USR-0223,CNT-0357,view,1524,2025-01-03T05:15:40
USR-0061,CNT-0037,click,1785,2025-01-03T05:18:37
USR-0910,CNT-0396,complete,860,2025-01-03T05:20:07
USR-0958,CNT-0306,skip,3,2025-01-03T05:22:44
USR-0846,CNT-0370,view,481,2025-01-03T05:33:35
USR-0675,CNT-0139,view,647,2025-01-03T05:46:35
USR-0202,CNT-0332,view,501,2025-01-03T05:52:36
USR-0753,CNT-0436,like,1016,2025-01-03T05:53:02
USR-0498,CNT-0206,view,10,2025-01-03T05:54:28
USR-0600,CNT-0215,view,143,2025-01-03T06:04:14
USR-0060,CNT-0081,complete,320,2025-01-03T06:07:32
USR-0798,CNT-0340,view,601,2025-01-03T06:09:09
USR-0630,CNT-0423,complete,3169,2025-01-03T06:09:32
USR-0065,CNT-0426,complete,1883,2025-01-03T06:10:33
USR-0786,CNT-0257,click,190,2025-01-03T06:16:15
USR-0031,CNT-0087,click,55,2025-01-03T06:28:15
USR-0842,CNT-0457,like,240,2025-01-03T06:36:29
USR-0599,CNT-0165,skip,568,2025-01-03T06:43:41
USR-0555,CNT-0416,click,28,2025-01-03T06:57:26
USR-0658,CNT-0371,click,137,2025-01-03T06:58:40
USR-0351,CNT-0071,click,60,2025-01-03T06:59:20
USR-0225,CNT-0359,view,34,2025-01-03T07:13:33
USR-0058,CNT-0290,click,1918,2025-01-03T07:27:35
USR-0276,CNT-0500,complete,5570,2025-01-03T07:28:41
USR-0394,CNT-0459,click,453,2025-01-03T07:32:25
USR-0795,CNT-0329,view,2035,2025-01-03T07:49:19
USR-0261,CNT-0264,click,796,2025-01-03T07:50:41
USR-0476,CNT-0364,like,767,2025-01-03T07:52:23
USR-0322,CNT-0428,click,318,2025-01-03T08:00:22
USR-0117,CNT-0200,like,1809,2025-01-03T08:01:05
USR-0616,CNT-0065,skip,11,2025-01-03T08:09:12
USR-0026,CNT-0231,like,1520,2025-01-03T08:14:59
USR-0542,CNT-0398,view,149,2025-01-03T08:29:25
USR-0811,CNT-0240,view,38,2025-01-03T08:29:36
USR-0298,CNT-0456,view,480,2025-01-03T08:34:01
USR-0597,CNT-0056,view,32,2025-01-03T08:45:23
USR-0001,CNT-0282,view,629,2025-01-03T08:46:00
USR-0406,CNT-0420,skip,119,2025-01-03T08:49:24
USR-0289,CNT-0354,view,136,2025-01-03T08:53:10
USR-0332,CNT-0461,complete,2444,2025-01-03T09:01:09
USR-0845,CNT-0498,complete,1593,2025-01-03T09:01:13
USR-0810,CNT-0466,click,221,2025-01-03T09:03:00
USR-0244,CNT-0432,skip,372,2025-01-03T09:04:29
USR-0902,CNT-0359,click,347,2025-01-03T09:05:00
USR-0778,CNT-0180,complete,101,2025-01-03T09:05:11
USR-0723,CNT-0307,complete,455,2025-01-03T09:13:34
USR-0242,CNT-0195,click,732,2025-01-03T09:15:48
USR-0027,CNT-0492,click,3412,2025-01-03T09:23:07
USR-0074,CNT-0306,complete,54,2025-01-03T09:32:33
USR-0377,CNT-0393,view,391,2025-01-03T09:35:51
USR-0860,CNT-0114,view,217,2025-01-03T09:47:55
USR-0857,CNT-0247,like,42,2025-01-03T09:54:38
USR-0621,CNT-0375,view,271,2025-01-03T09:58:31
USR-0351,CNT-0365,complete,883,2025-01-03T09:58:35
USR-0724,CNT-0477,complete,4017,2025-01-03T10:03:18
USR-0998,CNT-0284,click,1213,2025-01-03T10:06:31
USR-0852,CNT-0287,view,95,2025-01-03T10:12:01
USR-0399,CNT-0240,like,36,2025-01-03T10:18:21
USR-0649,CNT-0475,view,98,2025-01-03T10:20:14
USR-0764,CNT-0328,skip,4,2025-01-03T10:30:22
USR-0500,CNT-0036,complete,646,2025-01-03T10:34:34
USR-0215,CNT-0207,click,3746,2025-01-03T10:36:14
USR-0881,CNT-0375,click,261,2025-01-03T10:48:26
USR-0665,CNT-0275,complete,65,2025-01-03T10:59:36
USR-0732,CNT-0376,view,59,2025-01-03T11:10:56
USR-0393,CNT-0054,complete,497,2025-01-03T11:11:51
USR-0270,CNT-0038,click,657,2025-01-03T11:13:07
USR-0523,CNT-0154,click,155,2025-01-03T11:21:35
USR-0813,CNT-0042,view,353,2025-01-03T11:24:41
USR-0769,CNT-0306,view,33,2025-01-03T11:32:57
USR-0318,CNT-0411,complete,988,2025-01-03T11:33:47
USR-0255,CNT-0367,complete,821,2025-01-03T11:42:04
USR-0819,CNT-0098,click,6737,2025-01-03T12:03:55
USR-0567,CNT-0475,complete,155,2025-01-03T12:11:40
USR-0946,CNT-0099,complete,686,2025-01-03T12:15:21
USR-0676,CNT-0340,view,101,2025-01-03T12:22:26
USR-0758,CNT-0257,like,313,2025-01-03T12:25:14
USR-0787,CNT-0256,view,336,2025-01-03T12:29:46
USR-0640,CNT-0337,click,133,2025-01-03T12:30:01
USR-0104,CNT-0159,complete,1036,2025-01-03T12:31:09
USR-0608,CNT-0461,view,1913,2025-01-03T12:34:26
USR-0342,CNT-0484,click,3,2025-01-03T12:34:37
USR-0783,CNT-0038,view,15,2025-01-03T12:48:25
USR-0226,CNT-0230,skip,10,2025-01-03T12:51:26
USR-0511,CNT-0152,view,5,2025-01-03T12:55:43
USR-0022,CNT-0185,like,512,2025-01-03T12:55:58
USR-0312,CNT-0116,complete,56,2025-01-03T13:06:41
USR-0937,CNT-0428,click,290,2025-01-03T13:17:44
USR-0683,CNT-0034,like,219,2025-01-03T13:20:58
USR-0995,CNT-0309,view,212,2025-01-03T13:23:34
USR-0098,CNT-0033,complete,131,2025-01-03T13:26:04
USR-0237,CNT-0208,click,3432,2025-01-03T13:27:39
USR-0698,CNT-0173,complete,530,2025-01-03T13:34:54
USR-0670,CNT-0304,skip,208,2025-01-03T13:54:15
USR-0048,CNT-0109,view,441,2025-01-03T13:56:42
USR-0405,CNT-0020,click,15,2025-01-03T14:04:21
USR-0169,CNT-0130,click,29,2025-01-03T14:15:25
USR-0417,CNT-0379,view,170,2025-01-03T14:21:37
USR-0107,CNT-0339,view,500,2025-01-03T14:32:17
USR-0660,CNT-0386,view,448,2025-01-03T14:33:18
USR-0382,CNT-0465,view,576,2025-01-03T14:38:32
USR-0047,CNT-0071,click,74,2025-01-03T14:40:52
USR-0486,CNT-0061,like,593,2025-01-03T14:51:21
USR-0364,CNT-0274,complete,3616,2025-01-03T14:57:09
USR-0333,CNT-0049,view,41,2025-01-03T15:04:37
USR-0561,CNT-0167,view,373,2025-01-03T15:25:27
USR-0438,CNT-0062,like,215,2025-01-03T15:29:59
USR-0906,CNT-0301,complete,977,2025-01-03T15:32:33
USR-0650,CNT-0109,click,583,2025-01-03T15:36:12
USR-0729,CNT-0379,skip,29,2025-01-03T15:39:40
USR-0902,CNT-0192,complete,54,2025-01-03T15:40:44
USR-0833,CNT-0287,view,88,2025-01-03T15:43:55
USR-0897,CNT-0128,complete,338,2025-01-03T15:47:37
USR-0869,CNT-0471,view,2046,2025-01-03T15:57:09
USR-0354,CNT-0276,like,154,2025-01-03T15:59:19
USR-0358,CNT-0052,view,74,2025-01-03T16:04:01
USR-0690,CNT-0021,complete,935,2025-01-03T16:13:15
USR-0476,CNT-0161,complete,1224,2025-01-03T16:19:09
USR-0098,CNT-0302,view,86,2025-01-03T16:29:37
USR-0050,CNT-0090,like,169,2025-01-03T16:46:58
USR-0382,CNT-0108,view,31,2025-01-03T16:52:56
USR-0118,CNT-0458,skip,617,2025-01-03T16:54:44
USR-0534,CNT-0182,like,5,2025-01-03T16:59:28
USR-0003,CNT-0179,like,22,2025-01-03T17:06:18
USR-0931,CNT-0141,view,3454,2025-01-03T17:06:52
USR-0178,CNT-0326,skip,273,2025-01-03T17:09:31
USR-0250,CNT-0046,complete,499,2025-01-03T17:11:36
USR-0661,CNT-0083,like,172,2025-01-03T17:17:15
USR-0674,CNT-0190,complete,2453,2025-01-03T17:17:32
USR-0069,CNT-0495,like,270,2025-01-03T17:21:53
USR-0555,CNT-0104,complete,2136,2025-01-03T17:23:24
USR-0398,CNT-0279,like,3200,2025-01-03T17:27:46
USR-0644,CNT-0368,view,129,2025-01-03T17:32:41
USR-0944,CNT-0128,complete,364,2025-01-03T17:45:50
USR-0655,CNT-0276,view,15,2025-01-03T17:52:28
USR-0426,CNT-0499,view,255,2025-01-03T17:57:08
USR-0565,CNT-0263,complete,192,2025-01-03T17:57:34
USR-0340,CNT-0144,view,30,2025-01-03T18:17:26
USR-0815,CNT-0256,view,563,2025-01-03T18:18:17
USR-0793,CNT-0160,click,303,2025-01-03T18:32:18
USR-0247,CNT-0010,click,2185,2025-01-03T18:36:38
USR-0348,CNT-0154,view,107,2025-01-03T18:43:14
USR-0017,CNT-0400,view,70,2025-01-03T18:49:44
USR-0784,CNT-0289,view,14,2025-01-03T18:54:36
USR-0436,CNT-0141,view,3475,2025-01-03T18:59:10
USR-0015,CNT-0458,view,787,2025-01-03T19:05:56
USR-0267,CNT-0192,like,28,2025-01-03T19:08:58
USR-0113,CNT-0319,like,1482,2025-01-03T19:12:18
USR-0014,CNT-0435,view,119,2025-01-03T19:20:57
USR-0326,CNT-0207,click,3966,2025-01-03T19:21:24
USR-0617,CNT-0162,like,224,2025-01-03T19:35:31
USR-0195,CNT-0389,view,53,2025-01-03T19:36:08
USR-0101,CNT-0080,view,15,2025-01-03T19:46:58
USR-0386,CNT-0224,view,1474,2025-01-03T19:47:36
USR-0803,CNT-0492,view,2322,2025-01-03T19:53:48
USR-0645,CNT-0306,view,58,2025-01-03T19:57:35
USR-0539,CNT-0045,click,24,2025-01-03T19:58:40
USR-0450,CNT-0322,complete,515,2025-01-03T20:00:37
USR-0743,CNT-0470,like,966,2025-01-03T20:13:48
USR-0062,CNT-0363,view,3203,2025-01-03T20:41:58
USR-0793,CNT-0394,view,23,2025-01-03T20:42:39
USR-0140,CNT-0118,view,577,2025-01-03T20:59:01
USR-0108,CNT-0041,skip,326,2025-01-03T21:10:15
USR-0408,CNT-0332,skip,244,2025-01-03T21:13:11
USR-0502,CNT-0237,like,137,2025-01-03T21:15:38
USR-0894,CNT-0485,view,39,2025-01-03T21:23:24
USR-0473,CNT-0212,view,3727,2025-01-03T21:26:24
USR-0372,CNT-0400,skip,23,2025-01-03T21:33:48
USR-0539,CNT-0107,like,28,2025-01-03T21:41:32
USR-0659,CNT-0391,view,117,2025-01-03T21:47:46
USR-0169,CNT-0328,complete,79,2025-01-03T21:48:43
USR-0309,CNT-0494,complete,330,2025-01-03T21:50:00
USR-0107,CNT-0480,like,18,2025-01-03T21:52:34
USR-0238,CNT-0007,like,2266,2025-01-03T22:07:45
USR-0269,CNT-0083,like,80,2025-01-03T22:23:14
USR-0674,CNT-0197,like,2123,2025-01-03T22:30:05
USR-0680,CNT-0111,click,62,2025-01-03T22:37:38
USR-0715,CNT-0187,like,11,2025-01-03T22:40:58
USR-0081,CNT-0029,like,364,2025-01-03T22:43:12
USR-0942,CNT-0325,complete,1041,2025-01-03T22:45:41
USR-0465,CNT-0056,skip,17,2025-01-03T22:55:49
USR-0243,CNT-0479,skip,61,2025-01-03T23:07:55
USR-0339,CNT-0414,like,152,2025-01-03T23:11:53
USR-0447,CNT-0204,click,17,2025-01-03T23:22:03
USR-0635,CNT-0189,click,156,2025-01-03T23:22:57
USR-0143,CNT-0179,complete,34,2025-01-03T23:25:05
USR-0739,CNT-0454,view,226,2025-01-03T23:37:25
USR-0874,CNT-0127,like,171,2025-01-03T23:48:34
USR-0007,CNT-0303,click,462,2025-01-03T23:52:42
USR-0111,CNT-0187,view,58,2025-01-03T23:55:59
USR-0042,CNT-0032,like,58,2025-01-03T23:57:44
USR-0532,CNT-0092,view,950,2025-01-04T00:11:21
USR-0844,CNT-0109,click,150,2025-01-04T00:23:34
USR-0525,CNT-0308,click,990,2025-01-04T00:24:28
USR-0099,CNT-0484,view,4,2025-01-04T00:27:44
USR-0251,CNT-0320,view,439,2025-01-04T00:32:00
USR-0265,CNT-0055,click,1,2025-01-04T00:42:06
USR-0135,CNT-0416,view,42,2025-01-04T00:45:06
USR-0014,CNT-0439,like,951,2025-01-04T01:02:52
USR-0852,CNT-0135,view,1823,2025-01-04T01:08:11
USR-0547,CNT-0056,complete,66,2025-01-04T01:09:57
USR-0050,CNT-0366,skip,8,2025-01-04T01:12:08
USR-0804,CNT-0169,complete,60,2025-01-04T01:20:55
USR-0132,CNT-0058,view,76,2025-01-04T01:25:01
USR-0256,CNT-0221,complete,333,2025-01-04T01:34:35
USR-0776,CNT-0386,skip,104,2025-01-04T01:52:35
USR-0450,CNT-0317,view,191,2025-01-04T01:58:46
USR-0849,CNT-0063,click,47,2025-01-04T02:05:52
USR-0033,CNT-0099,click,101,2025-01-04T02:08:21
USR-0268,CNT-0179,view,32,2025-01-04T02:29:43
USR-0353,CNT-0164,view,801,2025-01-04T02:32:22
USR-0885,CNT-0291,click,138,2025-01-04T02:37:34
USR-0443,CNT-0274,view,1792,2025-01-04T02:53:02
USR-0210,CNT-0138,complete,652,2025-01-04T02:54:34
USR-0192,CNT-0401,like,49,2025-01-04T03:00:59
USR-0845,CNT-0422,complete,273,2025-01-04T03:13:07
USR-0932,CNT-0148,like,653,2025-01-04T03:25:12
USR-0711,CNT-0124,complete,295,2025-01-04T03:31:49
USR-0236,CNT-0183,like,2329,2025-01-04T03:32:13
USR-0989,CNT-0212,complete,3363,2025-01-04T03:32:41
USR-0041,CNT-0338,view,152,2025-01-04T03:39:40
USR-0022,CNT-0161,skip,181,2025-01-04T03:45:07
USR-1000,CNT-0048,like,73,2025-01-04T03:47:53
USR-0581,CNT-0184,view,4,2025-01-04T03:47:53
USR-0106,CNT-0304,click,223,2025-01-04T03:58:13
USR-0586,CNT-0480,skip,37,2025-01-04T03:58:36
USR-0542,CNT-0069,view,3877,2025-01-04T03:58:50
USR-0727,CNT-0274,view,1919,2025-01-04T04:02:39
USR-0932,CNT-0196,view,106,2025-01-04T04:08:14
USR-0932,CNT-0066,view,516,2025-01-04T04:11:19
USR-0816,CNT-0099,skip,45,2025-01-04T04:26:38
USR-0055,CNT-0419,view,179,2025-01-04T04:29:41
USR-0024,CNT-0441,like,6,2025-01-04T04:40:37
USR-0410,CNT-0240,view,50,2025-01-04T04:50:42
USR-0428,CNT-0470,click,1114,2025-01-04T04:50:59
USR-0384,CNT-0174,click,6,2025-01-04T04:51:17
USR-0352,CNT-0119,skip,49,2025-01-04T04:54:36
USR-0227,CNT-0492,complete,4097,2025-01-04T04:56:06
USR-0711,CNT-0086,complete,4810,2025-01-04T05:13:41
USR-0761,CNT-0015,view,43,2025-01-04T05:19:55
USR-0804,CNT-0464,skip,145,2025-01-04T05:20:20
USR-0043,CNT-0145,skip,99,2025-01-04T05:21:42
USR-0560,CNT-0162,skip,11,2025-01-04T05:51:19
USR-0109,CNT-0003,click,3859,2025-01-04T05:51:37
USR-0200,CNT-0255,complete,2454,2025-01-04T06:03:29
USR-0260,CNT-0276,view,69,2025-01-04T06:07:34
USR-0137,CNT-0464,complete,522,2025-01-04T06:11:44
USR-0703,CNT-0032,click,224,2025-01-04T06:21:18
USR-0510,CNT-0490,complete,2006,2025-01-04T06:25:23
USR-0060,CNT-0433,skip,13,2025-01-04T06:34:50
USR-0664,CNT-0277,skip,21,2025-01-04T06:35:01
USR-0122,CNT-0322,view,367,2025-01-04T06:35:58
USR-0313,CNT-0367,like,873,2025-01-04T06:39:23
USR-0145,CNT-0476,view,0,2025-01-04T06:58:18
USR-0344,CNT-0120,skip,40,2025-01-04T06:58:28
USR-0914,CNT-0470,complete,1103,2025-01-04T07:01:06
USR-0893,CNT-0379,click,237,2025-01-04T07:03:13
USR-0940,CNT-0346,view,1692,2025-01-04T07:32:26
USR-0422,CNT-0008,view,1339,2025-01-04T07:42:13
USR-0342,CNT-0104,view,1939,2025-01-04T07:49:58
USR-0777,CNT-0087,click,536,2025-01-04T07:51:58
USR-1000,CNT-0019,skip,3,2025-01-04T07:58:43
USR-0389,CNT-0363,view,3844,2025-01-04T08:01:22
USR-0280,CNT-0383,skip,69,2025-01-04T08:10:20
USR-0784,CNT-0064,click,2644,2025-01-04T08:26:18
USR-0668,CNT-0368,skip,43,2025-01-04T08:33:09
USR-0034,CNT-0140,like,3743,2025-01-04T08:36:42
USR-0139,CNT-0474,view,897,2025-01-04T08:43:48
USR-0687,CNT-0102,view,617,2025-01-04T09:02:52
USR-0292,CNT-0146,like,492,2025-01-04T09:09:07
USR-0287,CNT-0030,view,120,2025-01-04T09:10:47
USR-0507,CNT-0250,view,131,2025-01-04T09:21:37
USR-0439,CNT-0186,view,260,2025-01-04T09:22:51
USR-0040,CNT-0067,click,3096,2025-01-04T09:25:30
USR-0865,CNT-0243,view,234,2025-01-04T09:33:53
USR-0888,CNT-0158,view,96,2025-01-04T09:50:34
USR-0484,CNT-0012,click,66,2025-01-04T09:50:45
USR-0886,CNT-0348,view,5,2025-01-04T10:00:13
USR-0741,CNT-0330,view,3367,2025-01-04T10:24:28
USR-0931,CNT-0265,complete,301,2025-01-04T10:28:40
USR-0757,CNT-0159,click,990,2025-01-04T10:29:38
USR-0324,CNT-0295,like,31,2025-01-04T10:34:10
USR-0853,CNT-0088,click,241,2025-01-04T10:35:50
USR-0609,CNT-0157,view,95,2025-01-04T10:47:57
USR-0724,CNT-0224,view,1940,2025-01-04T10:56:21
USR-0254,CNT-0303,complete,570,2025-01-04T11:00:54
USR-0862,CNT-0273,complete,132,2025-01-04T11:02:17
USR-0741,CNT-0161,skip,77,2025-01-04T11:04:24
USR-0540,CNT-0465,click,259,2025-01-04T11:05:31
USR-0728,CNT-0103,view,279,2025-01-04T11:06:39
USR-0569,CNT-0409,view,2122,2025-01-04T11:10:32
USR-0711,CNT-0312,skip,3,2025-01-04T11:13:19
USR-0522,CNT-0285,skip,188,2025-01-04T11:14:20
USR-0448,CNT-0037,skip,103,2025-01-04T11:16:45
USR-0721,CNT-0145,click,693,2025-01-04T11:18:14
USR-0967,CNT-0318,click,763,2025-01-04T11:19:24
USR-0170,CNT-0105,view,15,2025-01-04T11:19:42
USR-0031,CNT-0408,view,126,2025-01-04T11:26:58
USR-0085,CNT-0431,view,412,2025-01-04T11:32:51
USR-0055,CNT-0091,view,11,2025-01-04T11:33:54
USR-0360,CNT-0054,complete,465,2025-01-04T11:38:09
USR-0461,CNT-0145,click,941,2025-01-04T11:50:31
USR-0609,CNT-0225,complete,5806,2025-01-04T11:54:09
USR-0970,CNT-0156,view,2862,2025-01-04T11:57:49
USR-0449,CNT-0384,click,4210,2025-01-04T12:14:57
USR-0936,CNT-0199,skip,11,2025-01-04T12:18:36
USR-0527,CNT-0218,view,1138,2025-01-04T12:20:45
USR-0675,CNT-0469,click,512,2025-01-04T12:21:13
USR-0631,CNT-0215,complete,352,2025-01-04T12:26:16
USR-0429,CNT-0492,click,3524,2025-01-04T12:31:26
USR-0927,CNT-0368,skip,47,2025-01-04T12:32:23
USR-0474,CNT-0271,like,1662,2025-01-04T12:40:05
USR-0002,CNT-0243,click,40,2025-01-04T12:47:00
USR-0811,CNT-0119,view,1445,2025-01-04T12:58:48
USR-0878,CNT-0073,click,798,2025-01-04T13:01:06
USR-0499,CNT-0029,view,377,2025-01-04T13:02:26
USR-0202,CNT-0314,view,3776,2025-01-04T13:15:24
USR-0629,CNT-0431,view,592,2025-01-04T13:21:22
USR-0938,CNT-0183,skip,1220,2025-01-04T13:23:45
USR-0237,CNT-0340,view,274,2025-01-04T13:25:58
USR-0287,CNT-0215,click,72,2025-01-04T13:28:01
USR-0604,CNT-0008,skip,64,2025-01-04T13:29:06
USR-0358,CNT-0384,like,1396,2025-01-04T13:35:22
USR-0345,CNT-0389,view,54,2025-01-04T13:48:12
USR-0922,CNT-0196,view,0,2025-01-04T13:50:21
USR-0115,CNT-0495,complete,636,2025-01-04T14:01:37
USR-0260,CNT-0279,view,1933,2025-01-04T14:03:37
USR-0836,CNT-0118,view,1002,2025-01-04T14:04:15
USR-0039,CNT-0312,click,126,2025-01-04T14:04:56
USR-0919,CNT-0313,click,35,2025-01-04T14:09:23
USR-0934,CNT-0225,view,3299,2025-01-04T14:14:07
USR-0289,CNT-0079,click,1906,2025-01-04T14:14:54
USR-0700,CNT-0139,complete,1178,2025-01-04T14:18:07
USR-0547,CNT-0484,complete,131,2025-01-04T14:18:56
USR-0024,CNT-0203,click,38,2025-01-04T14:30:37
USR-0302,CNT-0246,complete,665,2025-01-04T14:33:42
USR-0269,CNT-0020,complete,57,2025-01-04T14:41:11
USR-0703,CNT-0137,like,607,2025-01-04T14:47:57
USR-0035,CNT-0251,view,791,2025-01-04T14:48:13
USR-0414,CNT-0021,view,255,2025-01-04T15:02:36
USR-1000,CNT-0024,view,37,2025-01-04T15:10:18
USR-0957,CNT-0367,like,761,2025-01-04T15:19:18
USR-0911,CNT-0146,click,192,2025-01-04T15:28:27
USR-0852,CNT-0341,like,43,2025-01-04T15:28:36
USR-0152,CNT-0387,view,70,2025-01-04T15:33:23
USR-0665,CNT-0348,skip,7,2025-01-04T15:35:03
USR-0352,CNT-0395,skip,12,2025-01-04T16:01:16
USR-0304,CNT-0100,click,328,2025-01-04T16:19:44
USR-0208,CNT-0067,click,2353,2025-01-04T16:23:46
USR-0167,CNT-0488,view,2396,2025-01-04T16:39:58
USR-0529,CNT-0051,view,17,2025-01-04T16:41:16
USR-0646,CNT-0252,like,3484,2025-01-04T16:43:10
USR-0497,CNT-0293,complete,1785,2025-01-04T16:43:11
USR-0994,CNT-0044,complete,325,2025-01-04T16:55:11
USR-0126,CNT-0275,view,74,2025-01-04T16:56:39
USR-0913,CNT-0443,skip,155,2025-01-04T16:59:28
USR-0538,CNT-0215,click,20,2025-01-04T17:21:24
USR-0633,CNT-0334,view,83,2025-01-04T17:42:56
USR-0947,CNT-0415,view,2860,2025-01-04T17:53:13
USR-0345,CNT-0270,like,369,2025-01-04T18:09:35
USR-0348,CNT-0471,complete,2479,2025-01-04T18:16:47
USR-0421,CNT-0207,view,5508,2025-01-04T18:46:59
USR-0610,CNT-0152,view,23,2025-01-04T18:54:30
USR-0126,CNT-0470,skip,274,2025-01-04T19:10:04
USR-0692,CNT-0378,complete,1802,2025-01-04T19:10:13
USR-0222,CNT-0068,like,462,2025-01-04T19:22:06
USR-0156,CNT-0416,complete,66,2025-01-04T19:27:35
USR-0252,CNT-0247,click,752,2025-01-04T19:27:46
USR-0164,CNT-0218,view,468,2025-01-04T19:30:57
USR-0292,CNT-0475,skip,9,2025-01-04T19:35:57
USR-0634,CNT-0092,view,482,2025-01-04T19:42:13
USR-0934,CNT-0055,skip,8,2025-01-04T19:42:56
USR-0591,CNT-0181,view,5851,2025-01-04T19:45:09
USR-0117,CNT-0431,view,438,2025-01-04T19:45:24
USR-0216,CNT-0301,view,938,2025-01-04T19:49:49
USR-0616,CNT-0446,click,1014,2025-01-04T19:53:43
USR-0388,CNT-0117,complete,2086,2025-01-04T20:00:34
USR-0766,CNT-0486,complete,469,2025-01-04T20:10:15
USR-0011,CNT-0438,view,370,2025-01-04T20:15:15
USR-0489,CNT-0468,click,812,2025-01-04T20:24:35
USR-0282,CNT-0001,view,238,2025-01-04T20:36:30
USR-0720,CNT-0352,click,3632,2025-01-04T20:38:29
USR-0832,CNT-0228,complete,1105,2025-01-04T20:59:19
USR-0331,CNT-0260,complete,827,2025-01-04T21:01:49
USR-0494,CNT-0038,complete,645,2025-01-04T21:12:38
USR-0805,CNT-0069,view,3529,2025-01-04T21:14:12
USR-0674,CNT-0192,view,43,2025-01-04T21:19:24
USR-0508,CNT-0304,view,1005,2025-01-04T21:25:24
USR-0492,CNT-0435,skip,38,2025-01-04T21:30:44
USR-0444,CNT-0170,like,81,2025-01-04T21:31:57
USR-0144,CNT-0264,skip,250,2025-01-04T21:40:25
USR-0892,CNT-0342,view,1166,2025-01-04T21:48:14
USR-0320,CNT-0342,view,2412,2025-01-04T21:50:50
USR-0204,CNT-0235,view,470,2025-01-04T21:56:24
USR-0637,CNT-0384,view,3841,2025-01-04T22:05:58
USR-0109,CNT-0466,complete,307,2025-01-04T22:12:38
USR-0945,CNT-0389,complete,118,2025-01-04T22:13:36
USR-0016,CNT-0371,like,98,2025-01-04T22:47:43
USR-0715,CNT-0394,like,35,2025-01-04T22:50:40
USR-0248,CNT-0153,like,4146,2025-01-04T22:53:05
USR-0475,CNT-0016,like,745,2025-01-04T23:14:36
USR-0300,CNT-0182,view,110,2025-01-04T23:29:06
USR-0186,CNT-0069,skip,111,2025-01-04T23:37:03
USR-0192,CNT-0039,complete,3094,2025-01-04T23:41:12
USR-0897,CNT-0049,click,99,2025-01-05T00:32:10
USR-0360,CNT-0221,view,92,2025-01-05T00:50:30
USR-0559,CNT-0413,skip,89,2025-01-05T00:53:11
USR-0246,CNT-0482,click,827,2025-01-05T00:54:45
USR-0509,CNT-0437,like,1737,2025-01-05T00:55:58
USR-0462,CNT-0481,click,2794,2025-01-05T01:04:13
USR-0384,CNT-0352,click,2845,2025-01-05T01:06:46
USR-0570,CNT-0173,view,348,2025-01-05T01:15:41
USR-0565,CNT-0215,view,370,2025-01-05T01:15:48
USR-0974,CNT-0409,view,2975,2025-01-05T01:17:48
USR-0614,CNT-0180,complete,105,2025-01-05T01:19:24
USR-0594,CNT-0206,skip,0,2025-01-05T01:20:34
USR-0366,CNT-0154,view,115,2025-01-05T01:38:16
USR-0331,CNT-0206,skip,9,2025-01-05T01:42:51
USR-0189,CNT-0340,complete,604,2025-01-05T01:45:48
USR-0004,CNT-0203,complete,36,2025-01-05T01:46:51
USR-0096,CNT-0232,complete,76,2025-01-05T01:55:35
USR-0137,CNT-0417,complete,472,2025-01-05T01:56:01
USR-0988,CNT-0190,complete,2286,2025-01-05T01:56:37
USR-0232,CNT-0241,complete,2393,2025-01-05T01:57:56
USR-0698,CNT-0340,skip,163,2025-01-05T02:12:02
USR-0296,CNT-0447,view,333,2025-01-05T02:12:45
USR-0396,CNT-0011,skip,179,2025-01-05T02:16:12
USR-0659,CNT-0416,view,5,2025-01-05T02:16:36
USR-0191,CNT-0412,view,2009,2025-01-05T02:24:35
USR-0597,CNT-0123,click,18,2025-01-05T02:25:15
USR-0979,CNT-0337,like,554,2025-01-05T02:28:48
USR-0722,CNT-0023,view,2082,2025-01-05T02:55:01
USR-0960,CNT-0330,view,2444,2025-01-05T03:06:18
USR-0313,CNT-0371,complete,140,2025-01-05T03:13:08
USR-0043,CNT-0168,like,246,2025-01-05T03:21:58
USR-0450,CNT-0225,view,2907,2025-01-05T03:25:17
USR-0153,CNT-0125,complete,4480,2025-01-05T03:35:08
USR-0616,CNT-0202,complete,2292,2025-01-05T03:57:46
USR-0848,CNT-0127,view,110,2025-01-05T03:59:05
USR-0880,CNT-0381,view,41,2025-01-05T03:59:21
USR-0566,CNT-0373,view,5598,2025-01-05T04:01:45
USR-0043,CNT-0024,skip,13,2025-01-05T04:11:32
USR-0523,CNT-0123,like,454,2025-01-05T04:11:53
USR-0148,CNT-0104,view,266,2025-01-05T04:22:27
USR-0464,CNT-0379,click,457,2025-01-05T04:44:10
USR-0966,CNT-0020,click,9,2025-01-05T04:51:58
USR-0340,CNT-0275,click,63,2025-01-05T04:57:39
USR-0013,CNT-0169,click,55,2025-01-05T05:13:59
USR-0682,CNT-0050,view,291,2025-01-05T05:16:06
USR-0123,CNT-0499,view,200,2025-01-05T05:28:34
USR-0454,CNT-0041,like,558,2025-01-05T05:30:09
USR-0236,CNT-0489,complete,3337,2025-01-05T05:31:06
USR-0110,CNT-0121,like,10,2025-01-05T05:37:02
USR-0543,CNT-0263,skip,54,2025-01-05T05:39:30
USR-0169,CNT-0069,skip,1021,2025-01-05T05:51:26
USR-0847,CNT-0006,skip,119,2025-01-05T05:55:18
USR-0495,CNT-0485,complete,77,2025-01-05T05:57:34
USR-0998,CNT-0106,view,651,2025-01-05T05:57:47
USR-0110,CNT-0340,click,602,2025-01-05T06:00:59
USR-0402,CNT-0072,click,92,2025-01-05T06:03:36
USR-0775,CNT-0335,complete,4049,2025-01-05T06:07:29
USR-1000,CNT-0232,skip,18,2025-01-05T06:12:52
USR-0406,CNT-0110,complete,802,2025-01-05T06:33:59
USR-0836,CNT-0285,like,354,2025-01-05T06:37:45
USR-0496,CNT-0136,view,430,2025-01-05T06:47:13
USR-0779,CNT-0227,complete,139,2025-01-05T07:05:16
USR-0286,CNT-0319,click,457,2025-01-05T07:27:36
USR-0393,CNT-0232,view,83,2025-01-05T07:37:14
USR-0988,CNT-0339,click,467,2025-01-05T07:43:27
USR-0931,CNT-0289,click,36,2025-01-05T07:45:11
USR-0468,CNT-0353,view,3495,2025-01-05T07:57:03
USR-0030,CNT-0002,like,45,2025-01-05T08:18:14
USR-0076,CNT-0034,complete,605,2025-01-05T08:20:03
USR-0099,CNT-0428,click,168,2025-01-05T08:23:42
USR-0479,CNT-0494,click,334,2025-01-05T08:23:56
USR-0301,CNT-0416,like,80,2025-01-05T08:30:52
USR-0226,CNT-0375,complete,426,2025-01-05T08:41:22
USR-0657,CNT-0057,like,846,2025-01-05T09:01:46
USR-0825,CNT-0111,click,2,2025-01-05T09:07:32
USR-0781,CNT-0264,like,622,2025-01-05T09:09:58
USR-0020,CNT-0438,like,561,2025-01-05T09:13:27
USR-0877,CNT-0428,like,309,2025-01-05T09:29:04
USR-0586,CNT-0255,view,2175,2025-01-05T09:31:31
USR-0910,CNT-0333,view,49,2025-01-05T09:40:01
USR-0662,CNT-0435,click,98,2025-01-05T09:52:05
USR-0858,CNT-0060,like,420,2025-01-05T09:53:56
USR-0956,CNT-0179,complete,31,2025-01-05T09:55:33
USR-0077,CNT-0090,view,130,2025-01-05T09:57:27
USR-0815,CNT-0195,click,834,2025-01-05T09:57:55
USR-0724,CNT-0129,like,458,2025-01-05T10:07:07
USR-0102,CNT-0314,like,3399,2025-01-05T10:13:32
USR-0498,CNT-0360,view,838,2025-01-05T10:19:19
USR-0774,CNT-0256,skip,5,2025-01-05T10:32:15
USR-0759,CNT-0195,view,389,2025-01-05T10:33:46
USR-0501,CNT-0308,click,1266,2025-01-05T10:43:32
USR-0823,CNT-0458,view,544,2025-01-05T10:46:37
USR-0670,CNT-0368,view,22,2025-01-05T10:51:26
USR-0833,CNT-0410,complete,69,2025-01-05T10:52:35
USR-0029,CNT-0027,complete,1881,2025-01-05T10:53:38
USR-0737,CNT-0497,view,64,2025-01-05T10:59:14
USR-0213,CNT-0451,view,85,2025-01-05T11:09:09
USR-0571,CNT-0378,like,678,2025-01-05T11:19:59
USR-0923,CNT-0460,complete,4425,2025-01-05T11:31:47
USR-0503,CNT-0419,view,2481,2025-01-05T11:36:06
USR-0623,CNT-0410,click,46,2025-01-05T11:38:56
USR-0797,CNT-0207,view,3955,2025-01-05T11:40:36
USR-0220,CNT-0031,like,966,2025-01-05T11:44:36
USR-0329,CNT-0214,view,2234,2025-01-05T12:10:35
USR-0914,CNT-0021,complete,930,2025-01-05T12:12:48
USR-0683,CNT-0123,view,446,2025-01-05T12:15:57
USR-0124,CNT-0064,view,567,2025-01-05T12:44:35
USR-0109,CNT-0442,complete,305,2025-01-05T12:52:23
USR-0739,CNT-0265,view,72,2025-01-05T12:53:54
USR-0162,CNT-0182,complete,125,2025-01-05T12:54:55
USR-0375,CNT-0126,like,407,2025-01-05T13:15:50
USR-0150,CNT-0432,view,2830,2025-01-05T13:19:55
USR-0974,CNT-0236,view,6,2025-01-05T13:29:37
USR-0945,CNT-0103,complete,1931,2025-01-05T13:31:05
USR-0027,CNT-0439,skip,155,2025-01-05T13:42:56
USR-0633,CNT-0201,complete,3781,2025-01-05T13:46:24
USR-0952,CNT-0320,like,560,2025-01-05T13:47:06
USR-0323,CNT-0116,like,17,2025-01-05T13:50:35
USR-0394,CNT-0105,like,22,2025-01-05T13:51:25
USR-0814,CNT-0095,view,88,2025-01-05T13:51:31
USR-0900,CNT-0143,skip,549,2025-01-05T13:51:55
USR-0609,CNT-0147,click,1624,2025-01-05T14:03:21
USR-0154,CNT-0101,complete,311,2025-01-05T14:03:55
USR-0948,CNT-0488,complete,3129,2025-01-05T14:05:05
USR-0428,CNT-0185,complete,887,2025-01-05T14:08:39
USR-0657,CNT-0469,like,773,2025-01-05T14:22:03
USR-0897,CNT-0291,like,866,2025-01-05T14:30:39
USR-0463,CNT-0423,click,1402,2025-01-05T14:32:04
USR-0123,CNT-0460,skip,188,2025-01-05T14:52:04
USR-0515,CNT-0410,view,66,2025-01-05T14:52:06
USR-0875,CNT-0239,click,733,2025-01-05T14:57:49
USR-0347,CNT-0318,like,627,2025-01-05T15:07:54
USR-0785,CNT-0157,complete,461,2025-01-05T15:13:32
USR-0674,CNT-0336,view,114,2025-01-05T15:15:07
USR-0198,CNT-0406,view,52,2025-01-05T15:39:09
USR-0260,CNT-0210,click,610,2025-01-05T15:43:59
USR-0902,CNT-0213,view,1227,2025-01-05T15:47:33
USR-0715,CNT-0119,view,2263,2025-01-05T15:50:04
USR-0933,CNT-0159,view,355,2025-01-05T15:52:03
USR-0979,CNT-0344,view,73,2025-01-05T15:57:57
USR-0096,CNT-0072,view,110,2025-01-05T16:00:09
USR-0029,CNT-0457,like,33,2025-01-05T16:11:05
USR-0597,CNT-0486,skip,86,2025-01-05T16:12:23
USR-0123,CNT-0162,complete,262,2025-01-05T16:12:46
USR-0978,CNT-0302,click,49,2025-01-05T16:28:35
USR-0875,CNT-0458,complete,2775,2025-01-05T16:35:08
USR-0136,CNT-0051,click,21,2025-01-05T16:46:20
USR-0563,CNT-0313,click,4,2025-01-05T16:56:20
USR-0178,CNT-0024,skip,23,2025-01-05T17:02:22
USR-0738,CNT-0189,complete,2996,2025-01-05T17:05:04
USR-0833,CNT-0322,complete,482,2025-01-05T17:06:53
USR-0009,CNT-0446,like,682,2025-01-05T17:10:34
USR-0274,CNT-0425,like,510,2025-01-05T17:16:05
USR-0226,CNT-0078,view,217,2025-01-05T17:18:26
USR-0649,CNT-0453,view,403,2025-01-05T17:20:10
USR-0707,CNT-0153,view,38,2025-01-05T17:23:49
USR-0168,CNT-0023,click,1458,2025-01-05T17:30:50
USR-0905,CNT-0302,complete,78,2025-01-05T17:31:05
USR-0431,CNT-0296,view,59,2025-01-05T17:37:16
USR-0471,CNT-0162,click,243,2025-01-05T17:38:54
USR-0664,CNT-0456,click,574,2025-01-05T17:46:34
USR-0430,CNT-0318,click,652,2025-01-05T17:48:10
USR-0309,CNT-0062,view,707,2025-01-05T17:50:31
USR-0285,CNT-0295,like,26,2025-01-05T17:59:20
USR-0249,CNT-0240,complete,56,2025-01-05T18:01:23
USR-0586,CNT-0005,click,1914,2025-01-05T18:04:54
USR-0591,CNT-0106,skip,118,2025-01-05T18:21:42
USR-0510,CNT-0278,like,71,2025-01-05T18:22:10
USR-0133,CNT-0370,click,233,2025-01-05T18:32:33
USR-0561,CNT-0483,click,1919,2025-01-05T18:35:18
USR-0044,CNT-0439,skip,323,2025-01-05T18:46:46
USR-0290,CNT-0270,view,354,2025-01-05T18:48:28
USR-0821,CNT-0231,click,2090,2025-01-05T18:51:40
USR-0572,CNT-0175,skip,985,2025-01-05T18:52:00
USR-0027,CNT-0406,complete,1152,2025-01-05T19:00:13
USR-0205,CNT-0244,click,734,2025-01-05T19:04:06
USR-0682,CNT-0273,complete,113,2025-01-05T19:06:09
USR-0095,CNT-0410,complete,63,2025-01-05T19:27:27
USR-0230,CNT-0160,complete,441,2025-01-05T19:43:15
USR-0760,CNT-0474,click,354,2025-01-05T19:43:59
USR-0031,CNT-0006,view,152,2025-01-05T19:44:25
USR-0866,CNT-0488,view,1952,2025-01-05T19:52:43
USR-0364,CNT-0004,like,417,2025-01-05T19:54:13
USR-0998,CNT-0222,view,21,2025-01-05T20:00:09
USR-0279,CNT-0067,skip,511,2025-01-05T20:12:35
USR-0613,CNT-0121,view,67,2025-01-05T20:13:40
USR-0390,CNT-0463,skip,237,2025-01-05T20:29:24
USR-0336,CNT-0388,click,4193,2025-01-05T20:30:51
USR-0280,CNT-0136,click,463,2025-01-05T20:31:06
USR-0936,CNT-0079,view,1640,2025-01-05T20:41:23
USR-0128,CNT-0041,like,1024,2025-01-05T20:57:19
USR-0302,CNT-0392,click,49,2025-01-05T21:12:05
USR-0332,CNT-0043,complete,5864,2025-01-05T21:13:18
USR-0438,CNT-0157,like,264,2025-01-05T21:20:26
USR-0925,CNT-0287,like,76,2025-01-05T21:25:52
USR-0514,CNT-0261,click,125,2025-01-05T21:27:56
USR-0535,CNT-0026,like,202,2025-01-05T21:34:02
USR-0036,CNT-0174,like,4,2025-01-05T21:34:20
USR-0611,CNT-0209,like,69,2025-01-05T21:38:27
USR-0604,CNT-0015,view,29,2025-01-05T21:51:15
USR-0311,CNT-0443,click,4775,2025-01-05T21:58:32
USR-0492,CNT-0500,view,332,2025-01-05T22:03:05
USR-0329,CNT-0009,view,1576,2025-01-05T22:20:24
USR-0493,CNT-0314,click,1954,2025-01-05T22:29:31
USR-0529,CNT-0221,complete,326,2025-01-05T22:30:28
USR-0977,CNT-0264,skip,293,2025-01-05T22:34:19
USR-0464,CNT-0145,skip,211,2025-01-05T22:34:20
USR-0386,CNT-0110,view,503,2025-01-05T22:37:11
USR-0047,CNT-0084,skip,7,2025-01-05T22:38:35
USR-0637,CNT-0280,view,77,2025-01-05T22:42:11
USR-0254,CNT-0433,view,205,2025-01-05T22:44:24
USR-0979,CNT-0336,view,239,2025-01-05T22:47:37
USR-0885,CNT-0090,view,650,2025-01-05T23:06:52
USR-0930,CNT-0439,skip,360,2025-01-05T23:22:19
USR-0036,CNT-0463,click,2,2025-01-05T23:24:06
USR-0781,CNT-0178,view,121,2025-01-05T23:27:02
USR-0997,CNT-0269,view,46,2025-01-05T23:28:19
USR-0941,CNT-0202,like,2289,2025-01-05T23:35:01
USR-0331,CNT-0375,like,372,2025-01-05T23:36:47
USR-0439,CNT-0234,view,1244,2025-01-05T23:40:20
USR-0625,CNT-0233,click,517,2025-01-05T23:42:25
USR-0372,CNT-0148,click,370,2025-01-05T23:48:46
USR-0511,CNT-0297,view,797,2025-01-05T23:50:40
USR-0878,CNT-0187,view,123,2025-01-05T23:55:14
USR-0811,CNT-0128,click,39,2025-01-05T23:56:12
USR-0062,CNT-0080,skip,16,2025-01-05T23:59:35
USR-0527,CNT-0480,complete,863,2025-01-06T00:13:18
USR-0913,CNT-0117,view,600,2025-01-06T00:14:58
USR-0236,CNT-0483,view,2581,2025-01-06T00:22:27
USR-0582,CNT-0460,like,3178,2025-01-06T00:28:29
USR-0228,CNT-0018,complete,95,2025-01-06T00:33:43
USR-0847,CNT-0326,skip,218,2025-01-06T00:34:31
USR-0050,CNT-0340,like,528,2025-01-06T00:35:00
USR-0549,CNT-0452,view,33,2025-01-06T00:40:52
USR-0304,CNT-0313,view,38,2025-01-06T00:44:58
USR-0518,CNT-0294,skip,14,2025-01-06T00:49:03
USR-0471,CNT-0402,like,792,2025-01-06T01:07:46
USR-0926,CNT-0458,click,683,2025-01-06T01:11:40
USR-0353,CNT-0265,skip,30,2025-01-06T01:15:41
USR-0110,CNT-0305,skip,213,2025-01-06T01:20:01
USR-0243,CNT-0242,click,407,2025-01-06T01:37:36
USR-0642,CNT-0200,like,128,2025-01-06T01:50:15
USR-0502,CNT-0135,view,1091,2025-01-06T01:58:44
USR-0822,CNT-0208,view,1480,2025-01-06T02:00:27
USR-0626,CNT-0452,view,60,2025-01-06T02:03:56
USR-0202,CNT-0135,skip,234,2025-01-06T02:12:32
USR-0850,CNT-0114,view,674,2025-01-06T02:15:23
USR-0246,CNT-0023,skip,24,2025-01-06T02:17:40
USR-0026,CNT-0171,skip,56,2025-01-06T02:23:53
USR-0701,CNT-0161,click,525,2025-01-06T02:25:23
USR-0751,CNT-0468,view,1506,2025-01-06T02:29:18
USR-0794,CNT-0429,view,1371,2025-01-06T02:32:09
USR-0839,CNT-0072,complete,139,2025-01-06T02:47:42
USR-0892,CNT-0104,skip,88,2025-01-06T02:50:31
USR-0501,CNT-0057,skip,104,2025-01-06T02:56:06
USR-0491,CNT-0193,like,1107,2025-01-06T03:06:24
USR-0130,CNT-0078,like,136,2025-01-06T03:11:00
USR-0143,CNT-0441,view,44,2025-01-06T03:22:05
USR-0115,CNT-0100,view,124,2025-01-06T03:35:05
USR-0476,CNT-0373,like,2264,2025-01-06T03:39:35
USR-0937,CNT-0077,view,1368,2025-01-06T03:40:08
USR-0062,CNT-0143,complete,4741,2025-01-06T03:41:51
USR-0131,CNT-0422,view,281,2025-01-06T03:47:44
USR-0825,CNT-0259,like,562,2025-01-06T03:54:51
USR-0042,CNT-0106,skip,63,2025-01-06T03:56:57
USR-0626,CNT-0322,skip,101,2025-01-06T03:58:04
USR-0509,CNT-0479,complete,936,2025-01-06T04:16:29
USR-0978,CNT-0390,view,285,2025-01-06T04:21:59
USR-0150,CNT-0246,view,347,2025-01-06T04:22:07
USR-0037,CNT-0165,view,2209,2025-01-06T04:26:36
USR-0984,CNT-0236,click,8,2025-01-06T04:40:19
USR-0707,CNT-0353,like,4794,2025-01-06T04:47:06
USR-0305,CNT-0474,like,934,2025-01-06T05:05:48
USR-0095,CNT-0436,click,826,2025-01-06T05:06:02
USR-0362,CNT-0485,complete,77,2025-01-06T05:19:15
USR-0556,CNT-0309,view,222,2025-01-06T05:21:35
USR-0798,CNT-0068,view,986,2025-01-06T05:23:56
USR-0141,CNT-0470,like,377,2025-01-06T05:26:16
USR-0670,CNT-0115,view,481,2025-01-06T05:29:05
USR-0659,CNT-0455,click,63,2025-01-06T05:32:14
USR-0994,CNT-0427,click,521,2025-01-06T05:45:20
USR-0817,CNT-0368,complete,192,2025-01-06T05:52:35
USR-0277,CNT-0057,view,862,2025-01-06T05:55:05
USR-0694,CNT-0266,complete,2714,2025-01-06T05:58:41
USR-0751,CNT-0019,complete,88,2025-01-06T06:01:23
USR-0821,CNT-0227,click,0,2025-01-06T06:05:22
USR-0851,CNT-0199,skip,19,2025-01-06T06:06:24
USR-0666,CNT-0149,click,110,2025-01-06T06:20:43
USR-0996,CNT-0049,click,74,2025-01-06T06:22:01
USR-0406,CNT-0314,click,3166,2025-01-06T06:31:22
USR-0963,CNT-0217,view,487,2025-01-06T06:45:33
USR-0920,CNT-0130,skip,4,2025-01-06T06:54:03
USR-0301,CNT-0302,view,34,2025-01-06T06:54:48
USR-0833,CNT-0420,skip,511,2025-01-06T07:01:41
USR-0323,CNT-0240,like,11,2025-01-06T07:13:49
USR-0668,CNT-0221,view,313,2025-01-06T07:20:48
USR-0963,CNT-0046,view,157,2025-01-06T07:32:30
USR-0525,CNT-0187,like,124,2025-01-06T07:32:46
USR-0184,CNT-0243,complete,355,2025-01-06T07:37:11
USR-0702,CNT-0015,complete,147,2025-01-06T07:37:48
USR-0584,CNT-0479,view,89,2025-01-06T07:38:54
USR-0987,CNT-0273,complete,129,2025-01-06T07:41:27
USR-0685,CNT-0465,skip,163,2025-01-06T07:43:12
USR-0966,CNT-0033,like,129,2025-01-06T07:44:37
USR-0957,CNT-0157,complete,496,2025-01-06T07:45:00
USR-0907,CNT-0025,like,783,2025-01-06T07:48:05
USR-0350,CNT-0319,view,1801,2025-01-06T07:52:10
USR-0068,CNT-0317,complete,954,2025-01-06T08:14:09
USR-0862,CNT-0100,click,167,2025-01-06T08:14:15
USR-0837,CNT-0244,like,223,2025-01-06T08:31:53
USR-0869,CNT-0245,view,32,2025-01-06T08:34:57
USR-0812,CNT-0331,like,504,2025-01-06T08:41:42
USR-0411,CNT-0022,click,584,2025-01-06T08:43:52
USR-0256,CNT-0453,skip,138,2025-01-06T08:52:20
USR-0052,CNT-0495,complete,670,2025-01-06T08:52:36
USR-0739,CNT-0448,like,40,2025-01-06T09:02:44
USR-0250,CNT-0446,complete,1080,2025-01-06T09:05:39
USR-0251,CNT-0031,like,1088,2025-01-06T09:08:32
USR-0892,CNT-0360,complete,884,2025-01-06T09:15:41
USR-0243,CNT-0172,click,51,2025-01-06T09:18:35
USR-0576,CNT-0270,complete,760,2025-01-06T09:21:47
USR-0107,CNT-0060,view,258,2025-01-06T09:25:25
USR-0931,CNT-0005,like,619,2025-01-06T09:35:00
USR-0513,CNT-0225,skip,264,2025-01-06T09:35:37
USR-0232,CNT-0380,view,131,2025-01-06T09:54:46
USR-0993,CNT-0061,click,474,2025-01-06T10:06:49
USR-0229,CNT-0161,complete,1281,2025-01-06T10:11:43
USR-0168,CNT-0160,click,124,2025-01-06T10:11:57
USR-0106,CNT-0235,complete,768,2025-01-06T10:12:53
USR-0246,CNT-0209,click,83,2025-01-06T10:20:30
USR-0380,CNT-0282,complete,1090,2025-01-06T10:24:15
USR-0098,CNT-0054,skip,107,2025-01-06T10:27:24
USR-0101,CNT-0229,view,205,2025-01-06T10:37:22
USR-0013,CNT-0065,click,43,2025-01-06T10:42:01
USR-0306,CNT-0069,like,4828,2025-01-06T10:44:10
USR-0463,CNT-0335,complete,3900,2025-01-06T11:14:27
USR-0180,CNT-0168,view,329,2025-01-06T11:29:13
USR-0896,CNT-0324,like,974,2025-01-06T11:31:08
USR-0665,CNT-0155,view,238,2025-01-06T11:35:13
USR-0115,CNT-0268,complete,4124,2025-01-06T11:36:11
USR-0578,CNT-0447,complete,4086,2025-01-06T11:42:30
USR-0008,CNT-0126,view,20,2025-01-06T11:52:50
USR-0213,CNT-0011,complete,1169,2025-01-06T11:53:01
USR-0224,CNT-0279,view,249,2025-01-06T11:53:36
USR-0542,CNT-0144,view,1300,2025-01-06T12:09:04
USR-0694,CNT-0025,skip,215,2025-01-06T12:19:42
USR-0335,CNT-0415,skip,178,2025-01-06T12:40:51
USR-0264,CNT-0370,view,348,2025-01-06T12:49:45
USR-0279,CNT-0378,like,1552,2025-01-06T13:03:01
USR-0189,CNT-0099,complete,651,2025-01-06T13:11:32
USR-0298,CNT-0404,view,40,2025-01-06T13:13:17
USR-0048,CNT-0272,complete,854,2025-01-06T13:20:47
USR-0450,CNT-0400,like,47,2025-01-06T13:23:47
USR-0670,CNT-0067,view,1308,2025-01-06T13:30:16
USR-0273,CNT-0150,click,441,2025-01-06T13:50:47
USR-0609,CNT-0447,skip,718,2025-01-06T14:00:59
USR-0515,CNT-0355,complete,1457,2025-01-06T14:10:20
USR-0998,CNT-0471,skip,682,2025-01-06T14:13:30
USR-0851,CNT-0472,complete,171,2025-01-06T14:24:57
USR-0462,CNT-0286,like,989,2025-01-06T14:42:13
USR-0254,CNT-0072,click,120,2025-01-06T14:56:30
USR-0524,CNT-0481,skip,295,2025-01-06T15:00:24
USR-0696,CNT-0066,like,410,2025-01-06T15:01:24
USR-0684,CNT-0301,view,228,2025-01-06T15:02:38
USR-0668,CNT-0383,click,164,2025-01-06T15:03:14
USR-0339,CNT-0442,like,180,2025-01-06T15:04:37
USR-0530,CNT-0488,click,510,2025-01-06T15:27:37
USR-0503,CNT-0210,view,1859,2025-01-06T15:40:49
USR-0582,CNT-0029,view,165,2025-01-06T15:49:17
USR-0164,CNT-0436,complete,1028,2025-01-06T15:51:00
USR-0012,CNT-0080,click,68,2025-01-06T15:53:52
USR-0552,CNT-0038,view,206,2025-01-06T16:08:59
USR-0868,CNT-0274,like,1978,2025-01-06T16:09:34
USR-0748,CNT-0342,click,216,2025-01-06T16:12:29
USR-0678,CNT-0412,view,1529,2025-01-06T16:17:27
USR-0446,CNT-0320,view,641,2025-01-06T16:30:24
USR-0706,CNT-0168,like,331,2025-01-06T16:33:17
USR-0596,CNT-0277,complete,72,2025-01-06T16:34:29
USR-0521,CNT-0212,view,3711,2025-01-06T16:38:32
USR-0719,CNT-0350,view,127,2025-01-06T16:39:33
USR-0114,CNT-0343,like,1123,2025-01-06T16:41:18
USR-0142,CNT-0065,view,116,2025-01-06T16:44:26
USR-0843,CNT-0098,skip,1269,2025-01-06T16:46:55
USR-0338,CNT-0416,view,79,2025-01-06T16:58:16
USR-0849,CNT-0113,view,1542,2025-01-06T17:02:35
USR-0053,CNT-0414,complete,199,2025-01-06T17:10:30
USR-0657,CNT-0173,like,17,2025-01-06T17:11:06
USR-0051,CNT-0274,view,2718,2025-01-06T17:16:56
USR-0510,CNT-0420,click,3109,2025-01-06T17:19:06
USR-0884,CNT-0058,view,591,2025-01-06T17:40:04
USR-0860,CNT-0495,view,183,2025-01-06T17:58:00
USR-0946,CNT-0370,like,34,2025-01-06T17:59:52
USR-0805,CNT-0138,skip,121,2025-01-06T18:01:34
USR-0111,CNT-0018,like,75,2025-01-06T18:05:52
USR-0413,CNT-0379,view,336,2025-01-06T18:09:38
USR-0300,CNT-0153,complete,4454,2025-01-06T18:09:55
USR-0151,CNT-0016,view,34,2025-01-06T18:14:13
USR-0207,CNT-0194,view,556,2025-01-06T18:18:17
USR-0365,CNT-0367,view,671,2025-01-06T18:18:31
USR-0762,CNT-0252,click,1041,2025-01-06T18:24:44
USR-0339,CNT-0081,like,23,2025-01-06T18:26:48
USR-0343,CNT-0225,like,3235,2025-01-06T18:31:50
USR-0965,CNT-0391,click,204,2025-01-06T18:33:35
USR-0714,CNT-0027,like,1149,2025-01-06T18:39:58
USR-0572,CNT-0219,view,28,2025-01-06T18:49:31
USR-0867,CNT-0090,skip,180,2025-01-06T18:53:19
USR-0208,CNT-0156,view,2329,2025-01-06T18:59:54
USR-0446,CNT-0471,view,2727,2025-01-06T19:15:06
USR-0837,CNT-0254,like,137,2025-01-06T19:22:06
USR-0012,CNT-0497,view,34,2025-01-06T19:32:48
USR-0475,CNT-0029,skip,61,2025-01-06T19:34:06
USR-0078,CNT-0400,like,80,2025-01-06T19:35:42
USR-0876,CNT-0500,skip,143,2025-01-06T19:38:49
USR-0907,CNT-0174,click,24,2025-01-06T19:44:27
USR-0928,CNT-0239,skip,84,2025-01-06T19:44:28
USR-0354,CNT-0387,like,328,2025-01-06T19:50:37
USR-0995,CNT-0087,like,377,2025-01-06T19:52:17
USR-0022,CNT-0145,skip,118,2025-01-06T19:59:22
USR-0651,CNT-0151,view,2337,2025-01-06T20:08:43
USR-0403,CNT-0340,view,289,2025-01-06T20:13:26
USR-0462,CNT-0298,view,1514,2025-01-06T20:16:18
USR-0416,CNT-0081,skip,23,2025-01-06T20:25:24
USR-0866,CNT-0459,skip,97,2025-01-06T20:29:58
USR-0002,CNT-0206,complete,210,2025-01-06T20:32:43
USR-0169,CNT-0192,click,18,2025-01-06T20:39:39
USR-0778,CNT-0440,like,1685,2025-01-06T20:48:18
USR-0541,CNT-0255,click,1926,2025-01-06T20:53:16
USR-0229,CNT-0372,skip,123,2025-01-06T21:05:04
USR-0977,CNT-0204,complete,1914,2025-01-06T21:13:54
USR-0250,CNT-0076,complete,665,2025-01-06T21:15:16
USR-0771,CNT-0260,complete,748,2025-01-06T21:16:57
USR-0604,CNT-0306,like,2,2025-01-06T21:21:40
USR-0277,CNT-0442,view,143,2025-01-06T21:24:47
USR-0119,CNT-0283,complete,282,2025-01-06T21:31:51
USR-0158,CNT-0447,click,3368,2025-01-06T21:35:18
USR-0289,CNT-0316,view,625,2025-01-06T21:36:44
USR-0702,CNT-0246,skip,170,2025-01-06T21:39:14
USR-0791,CNT-0013,click,2021,2025-01-06T21:47:59
USR-0697,CNT-0488,view,287,2025-01-06T21:49:06
USR-0315,CNT-0182,view,38,2025-01-06T22:09:50
USR-0031,CNT-0368,like,184,2025-01-06T22:12:21
USR-0832,CNT-0067,view,8,2025-01-06T22:30:07
USR-0252,CNT-0112,complete,4831,2025-01-06T22:30:07
USR-0017,CNT-0354,view,8,2025-01-06T22:33:46
USR-0104,CNT-0462,like,1824,2025-01-06T22:42:45
USR-0689,CNT-0073,skip,681,2025-01-06T23:00:24
USR-0387,CNT-0150,complete,1648,2025-01-06T23:04:38
USR-0293,CNT-0126,view,288,2025-01-06T23:09:21
USR-0338,CNT-0468,complete,1654,2025-01-06T23:12:29
USR-0671,CNT-0012,view,48,2025-01-06T23:37:22
USR-0343,CNT-0428,view,116,2025-01-06T23:47:55
USR-0383,CNT-0205,view,353,2025-01-06T23:48:18
USR-0900,CNT-0021,click,293,2025-01-06T23:48:46
USR-0890,CNT-0082,skip,95,2025-01-06T23:50:58
USR-0601,CNT-0214,click,1898,2025-01-06T23:51:38
USR-0072,CNT-0089,complete,49,2025-01-06T23:54:31
USR-0265,CNT-0067,complete,3856,2025-01-07T00:01:30
USR-0351,CNT-0349,view,202,2025-01-07T00:07:05
USR-0073,CNT-0212,click,2982,2025-01-07T00:09:39
USR-0506,CNT-0475,view,129,2025-01-07T00:11:00
USR-0321,CNT-0444,skip,8,2025-01-07T00:28:32
USR-0120,CNT-0458,click,2,2025-01-07T00:41:44
USR-0641,CNT-0049,view,341,2025-01-07T00:42:12
USR-0202,CNT-0315,view,2864,2025-01-07T00:43:35
USR-0040,CNT-0346,like,757,2025-01-07T00:45:04
USR-0755,CNT-0420,click,5256,2025-01-07T00:50:58
USR-0969,CNT-0093,skip,19,2025-01-07T01:07:16
USR-0939,CNT-0462,view,892,2025-01-07T01:11:47
USR-0397,CNT-0175,like,3309,2025-01-07T01:18:34
USR-0227,CNT-0500,skip,239,2025-01-07T01:39:37
USR-0885,CNT-0088,complete,275,2025-01-07T01:43:08
USR-0632,CNT-0121,click,94,2025-01-07T01:53:25
USR-0063,CNT-0263,complete,194,2025-01-07T02:00:08
USR-0169,CNT-0108,skip,44,2025-01-07T02:01:29
USR-0229,CNT-0069,like,5007,2025-01-07T02:10:56
USR-0456,CNT-0458,view,2438,2025-01-07T02:15:28
USR-0891,CNT-0488,skip,330,2025-01-07T02:20:46
USR-0889,CNT-0338,like,193,2025-01-07T02:25:10
USR-0329,CNT-0362,complete,2624,2025-01-07T02:32:50
USR-0396,CNT-0057,click,222,2025-01-07T02:35:54
USR-0999,CNT-0160,click,323,2025-01-07T02:38:51
USR-0427,CNT-0176,click,5051,2025-01-07T02:41:11
USR-0053,CNT-0002,skip,3,2025-01-07T02:46:30
USR-0351,CNT-0015,click,168,2025-01-07T02:47:46
USR-0613,CNT-0330,complete,3545,2025-01-07T02:49:54
USR-0872,CNT-0249,skip,171,2025-01-07T02:50:10
USR-0109,CNT-0064,like,1806,2025-01-07T03:03:25
USR-0669,CNT-0240,like,21,2025-01-07T03:03:33
USR-0185,CNT-0073,click,3621,2025-01-07T03:05:54
USR-0015,CNT-0163,view,5480,2025-01-07T03:12:00
USR-0555,CNT-0459,complete,602,2025-01-07T03:23:22
USR-0728,CNT-0067,click,2884,2025-01-07T03:29:01
USR-0851,CNT-0001,like,25,2025-01-07T03:39:40
USR-0765,CNT-0339,click,496,2025-01-07T03:41:45
USR-0649,CNT-0238,skip,171,2025-01-07T03:43:50
USR-0968,CNT-0147,view,353,2025-01-07T03:48:34
USR-0463,CNT-0141,skip,1257,2025-01-07T03:55:17
USR-0997,CNT-0093,complete,119,2025-01-07T04:04:21
USR-0401,CNT-0187,complete,120,2025-01-07T04:18:49
USR-0888,CNT-0194,click,400,2025-01-07T04:27:11
USR-0227,CNT-0119,skip,226,2025-01-07T04:29:02
USR-0352,CNT-0386,click,421,2025-01-07T04:32:01
USR-0220,CNT-0389,click,52,2025-01-07T04:40:29
USR-0105,CNT-0351,view,13,2025-01-07T04:40:59
USR-0979,CNT-0303,click,531,2025-01-07T04:50:34
USR-0700,CNT-0419,complete,2310,2025-01-07T04:55:13
USR-0411,CNT-0216,view,2218,2025-01-07T05:23:40
USR-0224,CNT-0436,view,284,2025-01-07T05:31:09
USR-0313,CNT-0231,complete,3278,2025-01-07T05:37:21
USR-0877,CNT-0439,view,383,2025-01-07T05:43:18
USR-0755,CNT-0327,complete,397,2025-01-07T05:53:36
USR-0590,CNT-0385,click,2136,2025-01-07T05:53:50
USR-0778,CNT-0077,complete,3131,2025-01-07T05:57:21
USR-0738,CNT-0203,like,4,2025-01-07T06:02:27
USR-0220,CNT-0218,click,582,2025-01-07T06:05:05
USR-0514,CNT-0202,view,1139,2025-01-07T06:07:09
USR-0809,CNT-0442,complete,312,2025-01-07T06:15:33
USR-0271,CNT-0478,skip,99,2025-01-07T06:20:34
USR-0847,CNT-0446,skip,1,2025-01-07T06:24:25
USR-0336,CNT-0491,like,2884,2025-01-07T06:37:46
USR-0896,CNT-0439,skip,370,2025-01-07T06:55:54
USR-0781,CNT-0059,view,382,2025-01-07T07:21:57
USR-0417,CNT-0067,complete,3246,2025-01-07T07:24:32
USR-0174,CNT-0437,view,2577,2025-01-07T07:25:30
USR-0135,CNT-0460,like,1278,2025-01-07T07:33:16
USR-0492,CNT-0038,skip,55,2025-01-07T07:49:42
USR-0690,CNT-0372,like,725,2025-01-07T07:50:48
USR-0935,CNT-0166,like,117,2025-01-07T07:52:20
USR-0092,CNT-0273,view,50,2025-01-07T07:53:20
USR-0042,CNT-0325,skip,75,2025-01-07T08:06:32
USR-0182,CNT-0207,view,4338,2025-01-07T08:08:54
USR-0753,CNT-0227,view,110,2025-01-07T08:11:10
USR-0882,CNT-0445,click,15,2025-01-07T08:18:43
USR-0733,CNT-0333,click,75,2025-01-07T08:19:26
USR-0083,CNT-0237,click,890,2025-01-07T08:27:49
USR-0490,CNT-0406,complete,1066,2025-01-07T08:35:38
USR-0576,CNT-0193,view,4100,2025-01-07T08:37:08
USR-0138,CNT-0086,like,996,2025-01-07T08:39:09
USR-0968,CNT-0440,skip,581,2025-01-07T08:43:57
USR-0265,CNT-0273,complete,125,2025-01-07T08:48:49
USR-0405,CNT-0415,skip,1216,2025-01-07T08:50:46
USR-0495,CNT-0206,click,214,2025-01-07T09:02:47
USR-0082,CNT-0056,view,5,2025-01-07T09:11:28
USR-0564,CNT-0156,like,1649,2025-01-07T09:16:10
USR-0942,CNT-0392,view,884,2025-01-07T09:18:08
USR-0693,CNT-0447,click,1457,2025-01-07T09:24:19
USR-0555,CNT-0135,complete,3079,2025-01-07T09:34:32
USR-0954,CNT-0403,click,3944,2025-01-07T09:35:02
USR-0054,CNT-0259,like,240,2025-01-07T09:42:47
USR-0895,CNT-0054,complete,438,2025-01-07T09:44:59
USR-0135,CNT-0458,skip,112,2025-01-07T09:52:55
USR-0761,CNT-0317,view,209,2025-01-07T10:06:31
USR-0841,CNT-0019,complete,85,2025-01-07T10:18:45
USR-0582,CNT-0389,complete,111,2025-01-07T10:20:20
USR-0925,CNT-0467,like,538,2025-01-07T10:21:37
USR-0021,CNT-0187,click,91,2025-01-07T10:28:27
USR-0084,CNT-0133,like,169,2025-01-07T10:32:17
USR-0182,CNT-0263,complete,229,2025-01-07T10:32:22
USR-0272,CNT-0341,view,44,2025-01-07T10:33:03
USR-0889,CNT-0312,skip,31,2025-01-07T10:41:32
USR-0653,CNT-0054,view,500,2025-01-07T10:57:25
USR-0928,CNT-0366,click,22,2025-01-07T11:02:23
USR-0857,CNT-0299,like,96,2025-01-07T11:03:04
USR-0336,CNT-0253,like,57,2025-01-07T11:05:46
USR-0859,CNT-0478,view,377,2025-01-07T11:12:56
USR-0910,CNT-0385,complete,4030,2025-01-07T11:15:49
USR-0651,CNT-0219,skip,8,2025-01-07T11:23:50
USR-0320,CNT-0037,complete,3884,2025-01-07T11:34:08
USR-0235,CNT-0436,click,77,2025-01-07T11:36:01
USR-0254,CNT-0422,skip,35,2025-01-07T11:50:37
USR-0976,CNT-0484,view,27,2025-01-07T11:54:41
USR-0059,CNT-0419,view,2447,2025-01-07T12:06:20
USR-0117,CNT-0498,click,30,2025-01-07T12:06:39
USR-0985,CNT-0354,click,298,2025-01-07T12:06:42
USR-0445,CNT-0431,complete,619,2025-01-07T12:12:32
USR-0580,CNT-0411,click,30,2025-01-07T12:13:16
USR-0251,CNT-0043,complete,5979,2025-01-07T12:14:04
USR-0151,CNT-0331,skip,532,2025-01-07T12:22:07
USR-0683,CNT-0493,complete,136,2025-01-07T12:22:17
USR-0524,CNT-0288,view,1282,2025-01-07T12:22:46
USR-0317,CNT-0308,like,1645,2025-01-07T12:27:05
USR-0407,CNT-0468,skip,134,2025-01-07T12:29:22
USR-0348,CNT-0454,click,221,2025-01-07T12:30:52
USR-0970,CNT-0111,like,0,2025-01-07T12:32:53
USR-0443,CNT-0123,view,216,2025-01-07T12:36:44
USR-0246,CNT-0207,view,1750,2025-01-07T12:36:46
USR-0538,CNT-0242,complete,446,2025-01-07T12:41:04
USR-0476,CNT-0079,view,1983,2025-01-07T12:41:27
USR-0683,CNT-0410,skip,16,2025-01-07T12:47:42
USR-0848,CNT-0285,skip,179,2025-01-07T12:52:22
USR-0835,CNT-0158,like,11,2025-01-07T12:53:35
USR-0599,CNT-0258,complete,2964,2025-01-07T12:54:00
USR-0599,CNT-0460,view,3981,2025-01-07T12:54:54
USR-0634,CNT-0201,view,2972,2025-01-07T12:55:22
USR-0018,CNT-0416,view,9,2025-01-07T13:00:42
USR-0678,CNT-0117,view,185,2025-01-07T13:00:45
USR-0338,CNT-0330,complete,3713,2025-01-07T13:02:09
USR-0398,CNT-0098,skip,1651,2025-01-07T13:03:15
USR-0828,CNT-0452,like,62,2025-01-07T13:04:00
USR-0905,CNT-0004,complete,3658,2025-01-07T13:16:27
USR-0601,CNT-0432,click,1056,2025-01-07T13:24:46
USR-0914,CNT-0182,view,122,2025-01-07T13:30:51
USR-0416,CNT-0169,skip,12,2025-01-07T13:33:49
USR-0307,CNT-0158,complete,139,2025-01-07T13:40:29
USR-0945,CNT-0436,like,835,2025-01-07T13:42:15
USR-0477,CNT-0411,complete,903,2025-01-07T13:44:41
USR-0042,CNT-0479,complete,912,2025-01-07T13:52:55
USR-0601,CNT-0180,like,79,2025-01-07T13:59:02
USR-0697,CNT-0306,like,3,2025-01-07T14:17:03
USR-0432,CNT-0161,like,1129,2025-01-07T14:21:46
USR-0989,CNT-0107,view,234,2025-01-07T14:25:18
USR-0135,CNT-0021,like,469,2025-01-07T14:41:15
USR-0448,CNT-0115,view,390,2025-01-07T14:43:08
USR-0804,CNT-0383,view,201,2025-01-07T14:56:27
USR-0056,CNT-0445,view,29,2025-01-07T15:05:09
USR-0222,CNT-0076,view,620,2025-01-07T15:07:52
USR-0486,CNT-0249,skip,142,2025-01-07T15:11:27
USR-0540,CNT-0272,click,381,2025-01-07T15:19:57
USR-0997,CNT-0015,like,3,2025-01-07T15:24:54
USR-0033,CNT-0212,skip,743,2025-01-07T15:27:57
USR-0980,CNT-0309,click,103,2025-01-07T15:32:26
USR-0809,CNT-0246,view,31,2025-01-07T15:48:10
USR-0852,CNT-0298,complete,5317,2025-01-07T16:29:38
USR-0524,CNT-0310,complete,3234,2025-01-07T17:00:09
USR-0473,CNT-0156,complete,2871,2025-01-07T17:04:43
USR-0328,CNT-0110,skip,87,2025-01-07T17:13:33
USR-0338,CNT-0264,complete,1336,2025-01-07T17:24:49
USR-0992,CNT-0138,complete,679,2025-01-07T17:40:00
USR-0263,CNT-0091,view,35,2025-01-07T17:40:24
USR-0874,CNT-0270,complete,809,2025-01-07T17:42:25
USR-0182,CNT-0398,like,48,2025-01-07T17:50:23
USR-0945,CNT-0415,click,3252,2025-01-07T17:50:54
USR-0280,CNT-0021,view,899,2025-01-07T17:52:47
USR-0833,CNT-0283,skip,27,2025-01-07T18:10:26
USR-0100,CNT-0419,view,1662,2025-01-07T18:11:51
USR-0700,CNT-0473,click,464,2025-01-07T18:15:25
USR-0307,CNT-0106,click,820,2025-01-07T18:21:48
USR-0060,CNT-0397,like,833,2025-01-07T18:22:18
USR-0577,CNT-0495,click,122,2025-01-07T18:29:03
USR-0458,CNT-0233,view,2314,2025-01-07T18:48:38
USR-0450,CNT-0002,like,56,2025-01-07T18:50:16
USR-0923,CNT-0030,complete,779,2025-01-07T18:59:31
USR-0292,CNT-0132,view,118,2025-01-07T19:04:59
USR-0109,CNT-0290,skip,909,2025-01-07T19:08:01
USR-0076,CNT-0241,like,2644,2025-01-07T19:14:36
USR-0089,CNT-0112,click,3577,2025-01-07T19:19:49
USR-0565,CNT-0373,skip,1437,2025-01-07T19:24:52
USR-0528,CNT-0267,view,951,2025-01-07T19:27:48
USR-0139,CNT-0185,view,221,2025-01-07T19:40:51
USR-0506,CNT-0215,view,256,2025-01-07T19:42:05
USR-0241,CNT-0471,skip,532,2025-01-07T19:53:04
USR-0417,CNT-0440,complete,3714,2025-01-07T19:57:49
USR-0477,CNT-0066,click,339,2025-01-07T19:59:24
USR-0453,CNT-0352,view,597,2025-01-07T20:04:21
USR-0979,CNT-0473,complete,1730,2025-01-07T20:07:27
USR-0715,CNT-0479,view,624,2025-01-07T20:07:43
USR-0462,CNT-0405,complete,27,2025-01-07T20:10:01
USR-0786,CNT-0246,skip,57,2025-01-07T20:20:01
USR-0436,CNT-0470,view,417,2025-01-07T20:24:43
USR-0629,CNT-0013,view,2161,2025-01-07T20:27:56
USR-0867,CNT-0415,complete,4744,2025-01-07T20:30:20
USR-0478,CNT-0492,like,2125,2025-01-07T20:30:46
USR-0447,CNT-0153,skip,378,2025-01-07T20:31:56
USR-0221,CNT-0298,view,1209,2025-01-07T20:41:22
USR-0767,CNT-0160,view,222,2025-01-07T20:45:43
USR-0720,CNT-0433,skip,44,2025-01-07T20:53:23
USR-0243,CNT-0298,complete,6236,2025-01-07T20:55:51
USR-0092,CNT-0082,like,307,2025-01-07T20:59:43
USR-0944,CNT-0396,like,493,2025-01-07T21:01:32
USR-0989,CNT-0436,click,1070,2025-01-07T21:06:04
USR-0585,CNT-0251,view,392,2025-01-07T21:10:18
USR-0875,CNT-0229,click,42,2025-01-07T21:16:53
USR-0728,CNT-0314,complete,3886,2025-01-07T21:23:52
USR-0421,CNT-0103,complete,1965,2025-01-07T21:30:47
USR-0779,CNT-0032,click,45,2025-01-07T21:38:38
USR-0173,CNT-0205,view,30,2025-01-07T21:43:23
USR-0070,CNT-0131,click,182,2025-01-07T21:45:14
USR-0580,CNT-0347,view,1865,2025-01-07T21:58:22
USR-0919,CNT-0223,view,1891,2025-01-07T22:10:58
USR-0640,CNT-0399,complete,5774,2025-01-07T22:12:03
USR-0769,CNT-0472,view,100,2025-01-07T22:20:18
USR-0644,CNT-0094,click,584,2025-01-07T22:22:03
USR-0652,CNT-0036,view,452,2025-01-07T22:27:22
USR-0387,CNT-0088,complete,308,2025-01-07T22:37:28
USR-0821,CNT-0341,click,72,2025-01-07T22:47:22
USR-0249,CNT-0296,skip,26,2025-01-07T22:56:01
USR-0699,CNT-0246,like,72,2025-01-07T23:01:29
USR-0267,CNT-0400,view,70,2025-01-07T23:08:22
USR-0868,CNT-0323,view,2984,2025-01-07T23:23:33
USR-0569,CNT-0243,view,249,2025-01-07T23:33:36
USR-0032,CNT-0203,view,16,2025-01-07T23:34:30
USR-0142,CNT-0143,view,3222,2025-01-07T23:34:57
USR-0789,CNT-0439,view,1970,2025-01-07T23:36:55
USR-0689,CNT-0255,click,2261,2025-01-07T23:52:23
USR-0673,CNT-0094,complete,1077,2025-01-08T00:00:35
USR-0476,CNT-0266,complete,2607,2025-01-08T00:20:50
USR-0762,CNT-0439,complete,1626,2025-01-08T00:29:58
USR-0429,CNT-0067,complete,3663,2025-01-08T00:30:19
USR-0918,CNT-0252,view,1439,2025-01-08T00:38:35
USR-0264,CNT-0062,view,923,2025-01-08T01:02:11
USR-0154,CNT-0366,like,89,2025-01-08T01:31:38
USR-0158,CNT-0012,view,70,2025-01-08T01:44:21
USR-0224,CNT-0088,click,5,2025-01-08T01:49:09
USR-0014,CNT-0198,view,1477,2025-01-08T02:01:24
USR-0795,CNT-0152,click,152,2025-01-08T02:02:28
USR-0917,CNT-0097,click,254,2025-01-08T02:05:34
USR-0891,CNT-0023,click,683,2025-01-08T02:08:11
USR-0218,CNT-0344,skip,131,2025-01-08T02:13:54
USR-0940,CNT-0078,complete,384,2025-01-08T02:22:15
USR-0715,CNT-0485,view,34,2025-01-08T02:30:34
USR-0173,CNT-0472,like,78,2025-01-08T03:04:33
USR-0009,CNT-0349,view,3889,2025-01-08T03:14:04
USR-0423,CNT-0434,click,14,2025-01-08T03:20:11
USR-0225,CNT-0221,skip,86,2025-01-08T03:22:42
USR-0469,CNT-0431,skip,56,2025-01-08T03:37:02
USR-0678,CNT-0358,skip,59,2025-01-08T03:38:31
USR-0908,CNT-0069,click,4321,2025-01-08T03:39:53
USR-0640,CNT-0482,click,1198,2025-01-08T03:42:37
USR-0263,CNT-0336,like,187,2025-01-08T03:43:19
USR-0624,CNT-0305,complete,711,2025-01-08T03:51:21
USR-0021,CNT-0385,view,2752,2025-01-08T03:51:30
USR-0125,CNT-0143,complete,4633,2025-01-08T04:38:17
USR-0401,CNT-0199,like,69,2025-01-08T04:40:19
USR-0173,CNT-0494,like,117,2025-01-08T04:40:29
USR-0197,CNT-0419,click,2489,2025-01-08T04:51:43
USR-0158,CNT-0477,view,1150,2025-01-08T04:57:30
USR-0077,CNT-0458,complete,2682,2025-01-08T05:15:35
USR-0520,CNT-0051,complete,51,2025-01-08T05:19:50
USR-0737,CNT-0340,complete,599,2025-01-08T05:23:18
USR-0849,CNT-0075,click,340,2025-01-08T05:30:37
USR-0121,CNT-0105,complete,30,2025-01-08T05:36:07
USR-0123,CNT-0432,complete,3148,2025-01-08T05:37:12
USR-0976,CNT-0355,click,1708,2025-01-08T05:40:27
USR-0915,CNT-0116,view,44,2025-01-08T05:45:19
USR-0868,CNT-0050,like,5,2025-01-08T06:10:42
USR-0762,CNT-0035,view,98,2025-01-08T06:40:53
USR-0042,CNT-0354,view,105,2025-01-08T06:51:20
USR-0905,CNT-0412,view,1246,2025-01-08T06:51:39
USR-0918,CNT-0365,view,304,2025-01-08T06:57:40
USR-0871,CNT-0195,view,745,2025-01-08T07:01:22
USR-0663,CNT-0378,view,159,2025-01-08T07:05:56
USR-0792,CNT-0050,complete,594,2025-01-08T07:08:08
USR-0974,CNT-0055,view,227,2025-01-08T07:08:14
USR-0519,CNT-0471,view,1486,2025-01-08T07:25:22
USR-0231,CNT-0041,like,1275,2025-01-08T07:28:08
USR-0751,CNT-0210,view,2396,2025-01-08T07:36:29
USR-0803,CNT-0018,complete,89,2025-01-08T07:39:55
USR-0370,CNT-0454,complete,577,2025-01-08T07:42:22
USR-0975,CNT-0290,skip,743,2025-01-08T08:03:31
USR-0856,CNT-0417,complete,477,2025-01-08T08:29:10
USR-0671,CNT-0042,complete,519,2025-01-08T08:37:37
USR-0046,CNT-0058,like,623,2025-01-08T08:37:59
USR-0990,CNT-0372,click,289,2025-01-08T08:46:33
USR-0144,CNT-0168,skip,5,2025-01-08T09:02:29
USR-0783,CNT-0469,view,386,2025-01-08T09:05:15
USR-0753,CNT-0215,view,268,2025-01-08T09:08:32
USR-0355,CNT-0493,click,66,2025-01-08T09:09:04
USR-0096,CNT-0183,skip,700,2025-01-08T09:09:35
USR-0887,CNT-0091,view,23,2025-01-08T09:10:01
USR-0179,CNT-0122,click,68,2025-01-08T09:18:00
USR-0156,CNT-0063,view,6,2025-01-08T09:24:27
USR-0465,CNT-0132,skip,4,2025-01-08T09:36:15
USR-0790,CNT-0411,click,896,2025-01-08T09:37:26
USR-0810,CNT-0126,view,417,2025-01-08T09:37:40
USR-0625,CNT-0415,view,474,2025-01-08T09:40:47
USR-0256,CNT-0301,click,787,2025-01-08T09:48:47
USR-0377,CNT-0489,like,428,2025-01-08T09:54:29
USR-0098,CNT-0108,complete,243,2025-01-08T09:55:11
USR-0085,CNT-0221,click,79,2025-01-08T10:07:11
USR-0065,CNT-0414,view,160,2025-01-08T10:15:11
USR-0838,CNT-0368,view,21,2025-01-08T10:19:15
USR-0443,CNT-0347,view,693,2025-01-08T10:25:45
USR-0016,CNT-0429,view,232,2025-01-08T10:31:05
USR-0270,CNT-0305,click,504,2025-01-08T10:31:17
USR-0460,CNT-0038,like,634,2025-01-08T10:32:41
USR-0621,CNT-0215,like,336,2025-01-08T10:57:57
USR-0782,CNT-0114,complete,796,2025-01-08T11:05:46
USR-0089,CNT-0041,view,454,2025-01-08T11:15:52
USR-0690,CNT-0183,like,945,2025-01-08T11:16:28
USR-0427,CNT-0388,click,3085,2025-01-08T11:17:42
USR-0375,CNT-0087,view,127,2025-01-08T11:38:18
USR-0895,CNT-0114,view,638,2025-01-08T11:43:16
USR-0286,CNT-0406,click,694,2025-01-08T11:43:36
USR-0790,CNT-0303,click,160,2025-01-08T11:54:55
USR-0089,CNT-0310,view,817,2025-01-08T11:57:53
USR-0922,CNT-0432,complete,3092,2025-01-08T12:11:49
USR-0918,CNT-0124,complete,264,2025-01-08T12:13:41
USR-0967,CNT-0072,skip,3,2025-01-08T12:25:58
USR-0884,CNT-0035,complete,143,2025-01-08T12:26:56
USR-0578,CNT-0476,click,0,2025-01-08T12:27:38
USR-0504,CNT-0021,view,720,2025-01-08T12:29:42
USR-0736,CNT-0015,view,27,2025-01-08T12:32:22
USR-0278,CNT-0437,complete,3899,2025-01-08T12:34:44
USR-0170,CNT-0260,like,177,2025-01-08T12:38:05
USR-0552,CNT-0047,complete,846,2025-01-08T12:38:31
USR-0973,CNT-0410,complete,59,2025-01-08T12:42:02
USR-0542,CNT-0152,click,162,2025-01-08T12:44:13
USR-0107,CNT-0475,view,140,2025-01-08T12:51:32
USR-0215,CNT-0056,view,14,2025-01-08T13:08:10
USR-0011,CNT-0419,view,2227,2025-01-08T13:14:06
USR-0135,CNT-0214,complete,2815,2025-01-08T13:15:08
USR-0011,CNT-0270,complete,713,2025-01-08T13:18:26
USR-0196,CNT-0321,click,158,2025-01-08T13:21:51
USR-0413,CNT-0330,click,2504,2025-01-08T13:25:04
USR-0479,CNT-0098,click,5951,2025-01-08T13:29:06
USR-0542,CNT-0026,view,311,2025-01-08T13:36:09
USR-0226,CNT-0193,like,484,2025-01-08T13:38:19
USR-0677,CNT-0301,skip,225,2025-01-08T13:47:02
USR-0528,CNT-0347,like,675,2025-01-08T13:52:07
USR-0252,CNT-0225,skip,1369,2025-01-08T13:56:38
USR-0477,CNT-0462,skip,443,2025-01-08T14:02:27
USR-0893,CNT-0169,click,53,2025-01-08T14:10:31
USR-0223,CNT-0398,click,51,2025-01-08T14:12:05
USR-0668,CNT-0443,complete,4361,2025-01-08T14:17:15
USR-0118,CNT-0297,click,1020,2025-01-08T14:19:46
USR-0767,CNT-0476,skip,2,2025-01-08T14:34:20
USR-0235,CNT-0441,click,60,2025-01-08T14:40:07
USR-0159,CNT-0459,view,280,2025-01-08T14:42:01
USR-0034,CNT-0337,view,664,2025-01-08T14:47:24
USR-0421,CNT-0367,like,286,2025-01-08T14:47:33
USR-0098,CNT-0304,view,781,2025-01-08T14:51:56
USR-0814,CNT-0434,view,27,2025-01-08T14:58:15
USR-0638,CNT-0180,skip,12,2025-01-08T15:01:18
USR-0519,CNT-0004,view,2655,2025-01-08T15:06:24
USR-0637,CNT-0172,view,109,2025-01-08T15:12:38
USR-0764,CNT-0405,view,2,2025-01-08T15:15:40
USR-0508,CNT-0414,complete,190,2025-01-08T15:18:49
USR-0710,CNT-0345,complete,772,2025-01-08T15:45:32
USR-0984,CNT-0259,like,209,2025-01-08T15:51:20
USR-0448,CNT-0437,click,1219,2025-01-08T15:55:41
USR-0367,CNT-0221,skip,46,2025-01-08T16:01:23
USR-0883,CNT-0294,view,14,2025-01-08T16:09:53
USR-0066,CNT-0210,complete,2658,2025-01-08T16:15:59
USR-0647,CNT-0318,click,73,2025-01-08T16:20:38
USR-0114,CNT-0393,complete,534,2025-01-08T16:23:01
USR-0663,CNT-0265,view,223,2025-01-08T16:30:36
USR-0726,CNT-0105,skip,3,2025-01-08T16:38:06
USR-0714,CNT-0161,click,34,2025-01-08T16:39:12
USR-0319,CNT-0467,skip,40,2025-01-08T16:48:58
USR-0347,CNT-0301,complete,957,2025-01-08T17:10:17
USR-0650,CNT-0071,view,12,2025-01-08T17:11:08
USR-0335,CNT-0362,view,1936,2025-01-08T17:13:02
USR-0316,CNT-0195,click,985,2025-01-08T17:14:41
USR-0228,CNT-0294,like,56,2025-01-08T17:14:44
USR-0378,CNT-0444,view,57,2025-01-08T17:30:35
USR-0559,CNT-0313,view,27,2025-01-08T17:39:38
USR-0309,CNT-0130,skip,6,2025-01-08T17:52:15
USR-0543,CNT-0278,view,13,2025-01-08T17:58:20
USR-0886,CNT-0013,click,1263,2025-01-08T17:58:31
USR-0257,CNT-0014,skip,1218,2025-01-08T18:02:09
USR-0871,CNT-0237,complete,942,2025-01-08T18:06:13
USR-0238,CNT-0172,view,75,2025-01-08T18:11:30
USR-0353,CNT-0453,view,440,2025-01-08T18:18:02
USR-0741,CNT-0257,like,376,2025-01-08T18:18:05
USR-0522,CNT-0413,skip,100,2025-01-08T18:21:18
USR-0591,CNT-0304,complete,868,2025-01-08T18:21:18
USR-0649,CNT-0404,view,528,2025-01-08T18:49:44
USR-0247,CNT-0237,view,922,2025-01-08T19:11:24
USR-0546,CNT-0356,complete,5255,2025-01-08T19:18:14
USR-0274,CNT-0337,view,691,2025-01-08T19:34:57
USR-0149,CNT-0186,view,2534,2025-01-08T19:36:56
USR-0812,CNT-0334,skip,3,2025-01-08T19:41:57
USR-0981,CNT-0196,click,133,2025-01-08T19:53:08
USR-0677,CNT-0002,click,99,2025-01-08T20:00:45
USR-0487,CNT-0346,skip,352,2025-01-08T20:15:25
USR-0121,CNT-0448,click,3,2025-01-08T20:29:41
USR-0333,CNT-0211,click,106,2025-01-08T20:37:44
USR-0423,CNT-0091,complete,39,2025-01-08T20:38:08
USR-0246,CNT-0407,skip,4,2025-01-08T20:48:39
USR-0169,CNT-0378,skip,299,2025-01-08T20:53:27
USR-0129,CNT-0058,click,976,2025-01-08T20:57:27
USR-0124,CNT-0416,like,67,2025-01-08T21:14:54
USR-0694,CNT-0292,like,122,2025-01-08T21:15:53
USR-0941,CNT-0015,skip,35,2025-01-08T21:27:29
USR-0098,CNT-0211,view,82,2025-01-08T21:27:38
USR-0465,CNT-0062,view,586,2025-01-08T21:34:43
USR-0267,CNT-0400,view,15,2025-01-08T21:55:21
USR-0217,CNT-0286,view,1127,2025-01-08T22:01:56
USR-0004,CNT-0314,view,3175,2025-01-08T22:11:14
USR-0606,CNT-0036,view,482,2025-01-08T22:11:32
USR-0901,CNT-0069,view,1564,2025-01-08T22:28:09
USR-0528,CNT-0473,skip,436,2025-01-08T22:47:23
USR-0048,CNT-0441,like,41,2025-01-08T22:49:47
USR-0543,CNT-0132,like,81,2025-01-08T22:50:32
USR-0933,CNT-0495,complete,709,2025-01-08T23:08:44
USR-0350,CNT-0066,click,700,2025-01-08T23:09:11
USR-0517,CNT-0244,view,365,2025-01-08T23:16:33
USR-0771,CNT-0310,complete,3692,2025-01-08T23:20:22
USR-0713,CNT-0141,like,3850,2025-01-08T23:27:23
USR-0220,CNT-0045,complete,179,2025-01-08T23:27:57
USR-0845,CNT-0230,skip,0,2025-01-08T23:36:57
USR-0164,CNT-0388,like,29,2025-01-08T23:42:02
USR-0469,CNT-0395,skip,1,2025-01-08T23:45:06
USR-0899,CNT-0405,view,18,2025-01-08T23:51:55
USR-0218,CNT-0207,click,3073,2025-01-08T23:53:58
USR-0353,CNT-0035,like,105,2025-01-08T23:56:22
USR-0967,CNT-0322,click,386,2025-01-08T23:58:48
USR-0890,CNT-0100,view,294,2025-01-09T00:03:35
USR-0100,CNT-0373,view,3650,2025-01-09T00:11:48
USR-0297,CNT-0406,view,688,2025-01-09T00:20:38
USR-0687,CNT-0362,click,279,2025-01-09T00:21:08
USR-0825,CNT-0325,complete,949,2025-01-09T00:21:55
USR-0009,CNT-0243,view,248,2025-01-09T00:30:23
USR-0669,CNT-0240,view,14,2025-01-09T00:33:29
USR-0202,CNT-0464,click,481,2025-01-09T00:35:00
USR-0608,CNT-0019,view,19,2025-01-09T00:35:10
USR-0306,CNT-0110,skip,163,2025-01-09T00:39:54
USR-0385,CNT-0091,view,7,2025-01-09T00:56:10
USR-0157,CNT-0361,view,1078,2025-01-09T00:59:43
USR-0102,CNT-0252,skip,572,2025-01-09T01:08:08
USR-0777,CNT-0244,skip,118,2025-01-09T01:11:24
USR-0302,CNT-0411,skip,124,2025-01-09T01:12:57
USR-0928,CNT-0310,click,3564,2025-01-09T01:17:23
USR-0119,CNT-0140,view,230,2025-01-09T01:20:27
USR-0515,CNT-0066,complete,696,2025-01-09T01:21:08
USR-0440,CNT-0417,skip,95,2025-01-09T01:28:14
USR-0175,CNT-0217,skip,13,2025-01-09T01:36:48
USR-0430,CNT-0233,click,459,2025-01-09T01:44:08
USR-0980,CNT-0040,view,11,2025-01-09T01:56:16
USR-0921,CNT-0121,like,123,2025-01-09T01:57:06
USR-0893,CNT-0180,complete,104,2025-01-09T02:03:52
USR-0159,CNT-0209,skip,4,2025-01-09T02:04:14
USR-0184,CNT-0400,complete,92,2025-01-09T02:04:51
USR-0268,CNT-0262,like,1092,2025-01-09T02:07:02
USR-0115,CNT-0422,view,314,2025-01-09T02:17:32
USR-0955,CNT-0254,complete,3408,2025-01-09T02:23:15
USR-0740,CNT-0026,view,482,2025-01-09T02:28:36
USR-0435,CNT-0033,complete,156,2025-01-09T02:37:35
USR-0089,CNT-0427,skip,128,2025-01-09T02:45:45
USR-0799,CNT-0008,view,1224,2025-01-09T02:57:49
USR-0519,CNT-0463,complete,1753,2025-01-09T03:04:06
USR-0429,CNT-0039,click,2223,2025-01-09T03:04:11
USR-0845,CNT-0264,view,1407,2025-01-09T03:04:43
USR-0503,CNT-0463,skip,432,2025-01-09T03:06:12
USR-0663,CNT-0258,click,2039,2025-01-09T03:14:25
USR-0715,CNT-0384,view,4677,2025-01-09T03:16:24
USR-0904,CNT-0219,view,19,2025-01-09T03:25:13
USR-0189,CNT-0310,complete,3600,2025-01-09T03:26:36
USR-0925,CNT-0391,view,78,2025-01-09T03:43:42
USR-0890,CNT-0277,skip,3,2025-01-09T03:44:12
USR-0855,CNT-0098,view,1113,2025-01-09T03:46:03
USR-0238,CNT-0159,skip,3,2025-01-09T04:13:30
USR-0186,CNT-0473,like,1364,2025-01-09T04:18:19
USR-0640,CNT-0337,click,238,2025-01-09T04:20:34
USR-0608,CNT-0409,complete,3271,2025-01-09T04:39:49
USR-0525,CNT-0180,view,107,2025-01-09T05:05:09
USR-0844,CNT-0231,click,203,2025-01-09T05:11:41
USR-0703,CNT-0132,complete,131,2025-01-09T05:27:37
USR-0383,CNT-0295,click,62,2025-01-09T05:29:16
USR-0302,CNT-0121,complete,138,2025-01-09T05:31:14
USR-0011,CNT-0350,click,35,2025-01-09T05:32:51
USR-0410,CNT-0036,view,33,2025-01-09T05:34:03
USR-0696,CNT-0139,skip,24,2025-01-09T05:52:35
USR-0251,CNT-0119,like,2427,2025-01-09T05:55:42
USR-0208,CNT-0076,click,185,2025-01-09T06:02:28
USR-0729,CNT-0440,complete,3815,2025-01-09T06:14:30
USR-0708,CNT-0166,like,96,2025-01-09T06:17:01
USR-0142,CNT-0204,like,575,2025-01-09T06:31:12
USR-0657,CNT-0126,like,515,2025-01-09T06:34:56
USR-0057,CNT-0147,click,220,2025-01-09T06:39:14
USR-0255,CNT-0338,click,98,2025-01-09T06:41:34
USR-0790,CNT-0445,view,328,2025-01-09T06:48:15
USR-0643,CNT-0081,click,211,2025-01-09T06:51:15
USR-0955,CNT-0461,view,395,2025-01-09T06:52:01
USR-0269,CNT-0287,skip,16,2025-01-09T06:57:35
USR-0155,CNT-0087,like,489,2025-01-09T06:58:35
USR-0873,CNT-0370,view,44,2025-01-09T07:03:21
USR-0696,CNT-0242,skip,131,2025-01-09T07:09:54
USR-0212,CNT-0028,like,1804,2025-01-09T07:15:12
USR-0533,CNT-0016,click,704,2025-01-09T07:15:48
USR-0488,CNT-0498,complete,1437,2025-01-09T07:32:38
USR-0756,CNT-0394,like,21,2025-01-09T07:33:56
USR-0332,CNT-0290,complete,4679,2025-01-09T07:35:39
USR-0644,CNT-0446,like,133,2025-01-09T07:48:43
USR-0503,CNT-0149,skip,8,2025-01-09T07:49:16
USR-0619,CNT-0493,skip,21,2025-01-09T07:51:38
USR-0101,CNT-0404,view,466,2025-01-09T07:55:10
USR-0427,CNT-0305,view,327,2025-01-09T07:56:38
USR-0347,CNT-0154,like,196,2025-01-09T08:01:53
USR-0520,CNT-0228,complete,1049,2025-01-09T08:02:38
USR-0030,CNT-0262,click,1217,2025-01-09T08:17:09
USR-0918,CNT-0196,complete,218,2025-01-09T08:34:34
USR-0309,CNT-0212,view,790,2025-01-09T08:56:05
USR-0019,CNT-0346,view,3353,2025-01-09T09:04:35
USR-0926,CNT-0082,view,8,2025-01-09T09:11:45
USR-0647,CNT-0155,like,362,2025-01-09T09:12:38
USR-0548,CNT-0359,skip,160,2025-01-09T09:17:45
USR-0640,CNT-0303,view,82,2025-01-09T09:21:15
USR-0682,CNT-0380,click,47,2025-01-09T09:22:11
USR-0781,CNT-0454,skip,104,2025-01-09T09:29:19
USR-0780,CNT-0062,skip,206,2025-01-09T09:34:00
USR-0779,CNT-0026,click,343,2025-01-09T09:39:21
USR-0454,CNT-0163,complete,5533,2025-01-09T09:52:58
USR-0192,CNT-0006,complete,475,2025-01-09T09:55:22
USR-0131,CNT-0290,like,3754,2025-01-09T09:56:46
USR-0088,CNT-0384,like,1018,2025-01-09T10:22:40
USR-0432,CNT-0105,click,13,2025-01-09T10:26:13
USR-0946,CNT-0411,view,878,2025-01-09T10:35:24
USR-0822,CNT-0198,view,1511,2025-01-09T10:47:26
USR-0077,CNT-0127,like,3,2025-01-09T10:47:48
USR-0586,CNT-0124,view,42,2025-01-09T11:04:34
USR-0181,CNT-0455,click,53,2025-01-09T11:09:14
USR-0183,CNT-0084,view,36,2025-01-09T11:09:14
USR-0227,CNT-0236,view,17,2025-01-09T11:33:58
USR-0288,CNT-0244,click,20,2025-01-09T11:54:06
USR-0448,CNT-0298,skip,203,2025-01-09T12:10:11
USR-0012,CNT-0205,click,1653,2025-01-09T12:16:34
USR-0878,CNT-0256,complete,684,2025-01-09T12:18:29
USR-0428,CNT-0355,skip,51,2025-01-09T12:23:52
USR-0452,CNT-0317,complete,870,2025-01-09T12:24:32
USR-0257,CNT-0152,skip,6,2025-01-09T12:30:10
USR-0135,CNT-0008,click,160,2025-01-09T12:33:44
USR-0156,CNT-0177,view,1124,2025-01-09T12:34:37
USR-0387,CNT-0088,like,10,2025-01-09T12:36:05
USR-0697,CNT-0144,skip,37,2025-01-09T12:40:58
USR-0880,CNT-0403,click,4064,2025-01-09T12:57:28
USR-0926,CNT-0158,complete,130,2025-01-09T13:06:10
USR-0799,CNT-0332,like,407,2025-01-09T13:07:12
USR-0657,CNT-0012,complete,204,2025-01-09T13:14:30
USR-0093,CNT-0496,view,102,2025-01-09T13:20:13
USR-0437,CNT-0280,complete,95,2025-01-09T13:33:59
USR-0891,CNT-0330,view,3831,2025-01-09T13:45:35
USR-0173,CNT-0151,click,2718,2025-01-09T13:46:55
USR-0182,CNT-0079,view,918,2025-01-09T13:46:57
USR-0041,CNT-0380,complete,327,2025-01-09T13:52:41
USR-0475,CNT-0466,view,179,2025-01-09T13:55:20
USR-0419,CNT-0370,view,209,2025-01-09T13:57:10
USR-0772,CNT-0121,complete,151,2025-01-09T14:04:25
USR-0287,CNT-0232,view,78,2025-01-09T14:05:41
USR-0671,CNT-0127,view,155,2025-01-09T14:05:43
USR-0068,CNT-0463,click,1539,2025-01-09T14:05:57
USR-0892,CNT-0049,view,173,2025-01-09T14:12:20
USR-0959,CNT-0062,click,1461,2025-01-09T14:14:19
USR-0991,CNT-0268,skip,721,2025-01-09T14:26:28
USR-0047,CNT-0420,like,2173,2025-01-09T14:28:42
USR-0739,CNT-0447,view,478,2025-01-09T15:17:25
USR-0572,CNT-0309,like,232,2025-01-09T15:19:49
USR-0847,CNT-0382,view,2210,2025-01-09T15:22:45
USR-0839,CNT-0282,view,602,2025-01-09T15:24:50
USR-0411,CNT-0328,like,19,2025-01-09T15:31:40
USR-0632,CNT-0210,skip,285,2025-01-09T15:37:16
USR-0665,CNT-0464,skip,84,2025-01-09T15:37:53
USR-0995,CNT-0009,complete,4860,2025-01-09T15:43:30
USR-0041,CNT-0332,like,162,2025-01-09T15:47:50
USR-0994,CNT-0097,view,1901,2025-01-09T15:49:13
USR-0409,CNT-0124,view,204,2025-01-09T15:49:25
USR-0728,CNT-0201,view,2560,2025-01-09T16:01:10
USR-0966,CNT-0477,skip,705,2025-01-09T16:03:17
USR-0369,CNT-0003,view,2982,2025-01-09T16:03:33
USR-0056,CNT-0167,complete,1083,2025-01-09T16:06:59
USR-0937,CNT-0463,skip,145,2025-01-09T16:24:59
USR-0409,CNT-0243,like,174,2025-01-09T16:24:59
USR-0924,CNT-0436,view,430,2025-01-09T16:34:40
USR-0533,CNT-0251,view,333,2025-01-09T16:48:11
USR-0566,CNT-0303,skip,116,2025-01-09T16:54:37
USR-0479,CNT-0135,view,1287,2025-01-09T17:02:59
USR-0198,CNT-0420,click,1342,2025-01-09T17:05:21
USR-0792,CNT-0027,view,173,2025-01-09T17:07:12
USR-0009,CNT-0478,complete,757,2025-01-09T17:15:13
USR-0018,CNT-0352,complete,4856,2025-01-09T17:15:35
USR-0705,CNT-0267,complete,1047,2025-01-09T17:18:55
USR-0236,CNT-0044,view,390,2025-01-09T17:40:12
USR-0996,CNT-0051,skip,3,2025-01-09T17:49:34
USR-0405,CNT-0388,skip,209,2025-01-09T17:50:58
USR-0165,CNT-0325,skip,123,2025-01-09T17:55:25
USR-0156,CNT-0396,skip,191,2025-01-09T17:57:13
USR-0971,CNT-0154,skip,54,2025-01-09T18:02:34
USR-0722,CNT-0496,click,124,2025-01-09T18:04:58
USR-0078,CNT-0377,view,35,2025-01-09T18:12:24
USR-0487,CNT-0129,view,325,2025-01-09T18:34:15
USR-0069,CNT-0393,skip,63,2025-01-09T18:37:24
USR-0143,CNT-0069,view,440,2025-01-09T18:38:38
USR-0893,CNT-0147,complete,1820,2025-01-09T18:39:39
USR-0682,CNT-0070,like,503,2025-01-09T18:44:40
USR-0981,CNT-0029,click,435,2025-01-09T18:46:02
USR-0129,CNT-0430,view,458,2025-01-09T18:52:49
USR-0408,CNT-0320,view,95,2025-01-09T18:58:43
USR-0082,CNT-0302,like,22,2025-01-09T19:03:52
USR-0868,CNT-0254,complete,3053,2025-01-09T19:07:22
USR-0446,CNT-0194,complete,774,2025-01-09T19:13:12
USR-0759,CNT-0213,view,70,2025-01-09T19:13:59
USR-0699,CNT-0168,view,331,2025-01-09T19:16:09
USR-0351,CNT-0348,click,17,2025-01-09T19:28:49
USR-0684,CNT-0219,view,163,2025-01-09T19:46:05
USR-0197,CNT-0465,click,408,2025-01-09T19:53:41
USR-0416,CNT-0145,complete,1031,2025-01-09T20:06:10
USR-0713,CNT-0346,view,2368,2025-01-09T20:08:57
USR-0114,CNT-0034,view,144,2025-01-09T20:13:14
USR-0393,CNT-0108,like,82,2025-01-09T20:27:34
USR-0729,CNT-0399,skip,253,2025-01-09T20:29:27
USR-0173,CNT-0004,view,1773,2025-01-09T20:50:00
USR-0699,CNT-0087,complete,522,2025-01-09T20:52:20
USR-0042,CNT-0491,view,1136,2025-01-09T20:52:56
USR-0640,CNT-0371,click,84,2025-01-09T20:55:04
USR-0711,CNT-0147,like,744,2025-01-09T20:59:06
USR-0867,CNT-0010,click,5012,2025-01-09T21:14:59
USR-0356,CNT-0370,skip,96,2025-01-09T21:21:42
USR-0831,CNT-0365,like,575,2025-01-09T21:22:44
USR-0423,CNT-0035,view,17,2025-01-09T21:25:19
USR-0253,CNT-0121,skip,35,2025-01-09T21:26:35
USR-0727,CNT-0107,complete,615,2025-01-09T22:13:39
USR-0588,CNT-0208,view,3042,2025-01-09T22:16:38
USR-0996,CNT-0463,click,1100,2025-01-09T22:26:22
USR-0083,CNT-0322,click,326,2025-01-09T22:31:33
USR-0861,CNT-0090,view,435,2025-01-09T22:43:24
USR-0638,CNT-0212,like,116,2025-01-09T22:55:22
USR-0151,CNT-0381,complete,2776,2025-01-09T22:57:17
USR-0524,CNT-0089,like,54,2025-01-09T23:12:27
USR-0050,CNT-0372,view,162,2025-01-09T23:15:12
USR-0595,CNT-0075,like,268,2025-01-09T23:16:38
USR-0946,CNT-0372,complete,671,2025-01-09T23:19:35
USR-0377,CNT-0500,click,666,2025-01-09T23:20:21
USR-0205,CNT-0145,skip,244,2025-01-09T23:23:49
USR-0952,CNT-0054,skip,81,2025-01-09T23:27:48
USR-0934,CNT-0311,like,3855,2025-01-09T23:37:16
USR-0331,CNT-0397,skip,195,2025-01-09T23:39:34
USR-0274,CNT-0049,view,383,2025-01-09T23:44:45
USR-0052,CNT-0132,view,147,2025-01-09T23:58:45
USR-0769,CNT-0204,view,2082,2025-01-10T00:10:42
USR-0044,CNT-0012,skip,35,2025-01-10T00:17:22
USR-0041,CNT-0478,skip,93,2025-01-10T00:30:33
USR-0214,CNT-0276,skip,6,2025-01-10T00:33:05
USR-0378,CNT-0314,click,3489,2025-01-10T00:34:59
USR-0454,CNT-0178,like,194,2025-01-10T00:38:32
USR-0085,CNT-0181,view,3394,2025-01-10T01:14:58
USR-0824,CNT-0249,skip,47,2025-01-10T01:15:07
USR-0832,CNT-0179,view,35,2025-01-10T01:16:26
USR-0505,CNT-0453,complete,552,2025-01-10T01:16:50
USR-0959,CNT-0008,click,1796,2025-01-10T01:20:04
USR-0166,CNT-0066,like,640,2025-01-10T01:23:00
USR-0874,CNT-0233,view,463,2025-01-10T01:34:14
USR-0979,CNT-0132,view,45,2025-01-10T01:34:49
USR-0524,CNT-0363,complete,4018,2025-01-10T01:41:50
USR-0454,CNT-0416,skip,17,2025-01-10T01:45:41
USR-0549,CNT-0178,view,50,2025-01-10T01:57:44
USR-0893,CNT-0369,skip,888,2025-01-10T02:01:55
USR-0182,CNT-0077,view,1899,2025-01-10T02:12:40
USR-0762,CNT-0437,like,3095,2025-01-10T02:27:22
USR-0899,CNT-0341,view,25,2025-01-10T02:28:53
USR-0402,CNT-0481,view,288,2025-01-10T02:29:45
USR-0074,CNT-0263,like,232,2025-01-10T02:33:31
USR-0581,CNT-0231,view,2896,2025-01-10T02:34:50
USR-0852,CNT-0143,skip,566,2025-01-10T02:35:25
USR-0042,CNT-0201,view,1108,2025-01-10T02:38:58
USR-0910,CNT-0411,view,346,2025-01-10T02:48:01
USR-0140,CNT-0114,view,589,2025-01-10T02:51:04
USR-0756,CNT-0098,like,650,2025-01-10T02:54:02
USR-0416,CNT-0054,complete,412,2025-01-10T02:58:55
USR-0073,CNT-0141,like,5104,2025-01-10T03:05:19
USR-0499,CNT-0085,complete,4178,2025-01-10T03:15:33
USR-0988,CNT-0266,complete,2646,2025-01-10T03:16:09
USR-0752,CNT-0124,view,7,2025-01-10T03:22:21
USR-0387,CNT-0361,like,4743,2025-01-10T03:28:24
USR-0567,CNT-0242,click,158,2025-01-10T03:42:17
USR-0558,CNT-0233,like,2150,2025-01-10T03:51:10
USR-0569,CNT-0011,complete,1105,2025-01-10T03:53:14
USR-0545,CNT-0074,view,163,2025-01-10T04:12:32
USR-0918,CNT-0291,skip,146,2025-01-10T04:17:43
USR-0459,CNT-0314,view,1142,2025-01-10T04:35:03
USR-0189,CNT-0422,complete,316,2025-01-10T04:36:47
USR-0981,CNT-0428,view,124,2025-01-10T04:41:49
USR-0177,CNT-0066,complete,721,2025-01-10T05:00:27
USR-0154,CNT-0436,skip,209,2025-01-10T05:12:53
USR-0163,CNT-0318,click,620,2025-01-10T05:31:01
USR-0635,CNT-0103,click,910,2025-01-10T05:38:41
USR-0618,CNT-0309,view,29,2025-01-10T05:43:56
USR-0010,CNT-0205,complete,1678,2025-01-10T05:44:40
USR-0727,CNT-0080,view,53,2025-01-10T05:45:01
USR-0873,CNT-0383,click,119,2025-01-10T06:02:53
USR-0640,CNT-0009,click,499,2025-01-10T06:06:11
USR-0341,CNT-0063,like,10,2025-01-10T06:16:21
USR-0483,CNT-0343,skip,2,2025-01-10T06:20:31
USR-0855,CNT-0135,like,3470,2025-01-10T06:28:48
USR-0621,CNT-0033,click,95,2025-01-10T06:30:30
USR-0499,CNT-0342,like,2339,2025-01-10T06:31:13
USR-0394,CNT-0445,view,291,2025-01-10T06:36:38
USR-0938,CNT-0399,view,6069,2025-01-10T06:42:33
USR-0371,CNT-0351,complete,555,2025-01-10T06:43:42
USR-0195,CNT-0290,view,2866,2025-01-10T06:55:48
USR-0024,CNT-0313,like,6,2025-01-10T07:01:25
USR-0910,CNT-0388,view,1010,2025-01-10T07:02:20
USR-0799,CNT-0134,view,561,2025-01-10T07:12:12
USR-0953,CNT-0394,view,27,2025-01-10T07:13:50
USR-0866,CNT-0364,view,742,2025-01-10T07:18:28
USR-0505,CNT-0171,view,736,2025-01-10T07:31:08
USR-0559,CNT-0081,skip,55,2025-01-10T07:47:41
USR-0939,CNT-0156,skip,750,2025-01-10T07:48:20
USR-0460,CNT-0478,like,595,2025-01-10T08:31:22
USR-0201,CNT-0014,view,2826,2025-01-10T08:32:01
USR-0612,CNT-0109,click,174,2025-01-10T08:36:08
USR-0189,CNT-0387,like,264,2025-01-10T08:38:30
USR-0407,CNT-0207,complete,5326,2025-01-10T08:43:51
USR-0524,CNT-0180,skip,14,2025-01-10T08:55:47
USR-0919,CNT-0210,complete,3123,2025-01-10T09:01:36
USR-0304,CNT-0177,view,611,2025-01-10T09:01:44
USR-0770,CNT-0475,like,10,2025-01-10T09:39:28
USR-0356,CNT-0479,click,822,2025-01-10T09:44:25
USR-0972,CNT-0243,view,57,2025-01-10T09:45:48
USR-0636,CNT-0238,like,353,2025-01-10T09:56:47
USR-0712,CNT-0157,view,238,2025-01-10T10:01:36
USR-0935,CNT-0120,click,541,2025-01-10T10:19:09
USR-0483,CNT-0276,view,28,2025-01-10T10:21:21
USR-0474,CNT-0308,complete,1490,2025-01-10T10:22:13
USR-0053,CNT-0329,view,952,2025-01-10T10:24:58
USR-0621,CNT-0107,complete,599,2025-01-10T10:28:18
USR-0189,CNT-0475,skip,4,2025-01-10T10:31:24
USR-0003,CNT-0437,like,3225,2025-01-10T10:36:22
USR-0135,CNT-0043,complete,5951,2025-01-10T10:38:21
USR-0572,CNT-0278,view,37,2025-01-10T10:50:04
USR-0695,CNT-0147,like,168,2025-01-10T10:52:31
USR-0812,CNT-0264,view,167,2025-01-10T10:57:55
USR-0626,CNT-0312,complete,315,2025-01-10T10:58:21
USR-0468,CNT-0253,complete,102,2025-01-10T11:03:33
USR-0410,CNT-0308,like,1247,2025-01-10T11:03:57
USR-0226,CNT-0453,view,508,2025-01-10T11:12:10
USR-0082,CNT-0018,view,20,2025-01-10T11:15:06
USR-0268,CNT-0176,click,2565,2025-01-10T11:16:54
USR-0874,CNT-0232,view,85,2025-01-10T11:17:47
USR-0959,CNT-0490,view,498,2025-01-10T11:29:24
USR-0881,CNT-0389,like,7,2025-01-10T11:36:43
USR-0638,CNT-0172,view,62,2025-01-10T11:37:06
USR-0181,CNT-0500,view,5077,2025-01-10T11:40:16
USR-0649,CNT-0330,view,46,2025-01-10T11:40:22
USR-0924,CNT-0253,like,101,2025-01-10T11:51:52
USR-0597,CNT-0107,skip,116,2025-01-10T12:19:41
USR-0085,CNT-0327,click,412,2025-01-10T12:57:49
USR-0250,CNT-0280,like,59,2025-01-10T12:59:10
USR-0305,CNT-0467,view,7,2025-01-10T13:14:29
USR-0660,CNT-0029,view,116,2025-01-10T13:18:35
USR-0121,CNT-0080,view,61,2025-01-10T13:36:27
USR-0228,CNT-0188,view,1046,2025-01-10T13:46:23
USR-0928,CNT-0092,view,656,2025-01-10T13:52:49
USR-0163,CNT-0412,view,158,2025-01-10T13:55:06
USR-0362,CNT-0147,view,1073,2025-01-10T14:00:09
USR-0140,CNT-0094,like,531,2025-01-10T14:02:17
USR-0275,CNT-0355,like,1412,2025-01-10T14:18:04
USR-0150,CNT-0089,skip,6,2025-01-10T14:18:55
USR-0586,CNT-0433,like,311,2025-01-10T14:50:27
USR-0388,CNT-0172,view,121,2025-01-10T14:53:40
USR-0434,CNT-0009,skip,1111,2025-01-10T15:04:23
USR-0220,CNT-0354,view,450,2025-01-10T15:13:31
USR-0874,CNT-0311,view,749,2025-01-10T15:17:45
USR-0046,CNT-0010,view,3091,2025-01-10T15:24:59
USR-0608,CNT-0248,like,56,2025-01-10T15:31:45
USR-0004,CNT-0455,complete,59,2025-01-10T15:37:58
USR-0337,CNT-0318,complete,677,2025-01-10T15:45:30
USR-0880,CNT-0492,view,517,2025-01-10T15:51:31
USR-0869,CNT-0322,like,13,2025-01-10T15:55:17
USR-0932,CNT-0118,complete,2935,2025-01-10T16:03:43
USR-0237,CNT-0486,click,363,2025-01-10T16:05:36
USR-0688,CNT-0041,skip,302,2025-01-10T16:17:34
USR-0725,CNT-0333,skip,17,2025-01-10T16:19:44
USR-0363,CNT-0060,view,367,2025-01-10T16:22:18
USR-0089,CNT-0023,skip,22,2025-01-10T16:22:24
USR-0674,CNT-0249,click,127,2025-01-10T16:32:49
USR-0071,CNT-0380,view,293,2025-01-10T16:38:47
USR-0490,CNT-0067,view,808,2025-01-10T16:43:39
USR-0901,CNT-0208,like,1196,2025-01-10T16:49:54
USR-0741,CNT-0237,view,823,2025-01-10T16:55:10
USR-0593,CNT-0008,view,1858,2025-01-10T16:56:17
USR-0585,CNT-0193,like,4000,2025-01-10T17:08:56
USR-0650,CNT-0361,like,4498,2025-01-10T17:28:40
USR-0990,CNT-0078,skip,4,2025-01-10T17:33:30
USR-0465,CNT-0026,like,21,2025-01-10T17:33:57
USR-0443,CNT-0001,view,259,2025-01-10T17:35:28
USR-0212,CNT-0262,like,2211,2025-01-10T17:38:22
USR-0762,CNT-0408,view,113,2025-01-10T17:44:35
USR-0541,CNT-0467,click,149,2025-01-10T17:50:54
USR-0386,CNT-0436,skip,71,2025-01-10T18:07:21
USR-0371,CNT-0208,view,2623,2025-01-10T18:30:33
USR-0164,CNT-0316,like,169,2025-01-10T18:33:15
USR-0735,CNT-0063,view,79,2025-01-10T18:47:42
USR-0630,CNT-0114,click,175,2025-01-10T18:54:15
USR-0991,CNT-0188,click,453,2025-01-10T18:58:46
USR-0539,CNT-0329,view,1258,2025-01-10T18:59:49
USR-0194,CNT-0375,view,92,2025-01-10T19:06:21
USR-0133,CNT-0101,view,251,2025-01-10T19:07:21
USR-0791,CNT-0390,click,2049,2025-01-10T19:11:53
USR-0745,CNT-0287,skip,12,2025-01-10T19:19:50
USR-0326,CNT-0347,view,986,2025-01-10T19:20:22
USR-0624,CNT-0486,like,451,2025-01-10T19:37:58
USR-0696,CNT-0086,view,447,2025-01-10T19:41:30
USR-0422,CNT-0178,complete,634,2025-01-10T19:48:55
USR-0910,CNT-0393,view,230,2025-01-10T19:56:41
USR-0912,CNT-0349,click,72,2025-01-10T20:08:02
USR-0529,CNT-0474,skip,12,2025-01-10T20:19:52
USR-0287,CNT-0496,like,15,2025-01-10T20:22:19
USR-0506,CNT-0111,click,14,2025-01-10T20:36:00
USR-0905,CNT-0127,view,86,2025-01-10T20:36:00
USR-0870,CNT-0499,complete,251,2025-01-10T20:52:37
USR-0658,CNT-0045,complete,185,2025-01-10T20:53:28
USR-0520,CNT-0122,click,142,2025-01-10T20:53:28
USR-0317,CNT-0382,like,2457,2025-01-10T21:01:01
USR-0745,CNT-0151,view,2223,2025-01-10T21:06:44
USR-0687,CNT-0196,like,175,2025-01-10T21:08:21
USR-0452,CNT-0303,skip,4,2025-01-10T21:09:56
USR-0405,CNT-0139,click,920,2025-01-10T21:10:50
USR-0854,CNT-0153,view,4486,2025-01-10T21:12:59
USR-0568,CNT-0359,view,204,2025-01-10T21:13:56
USR-0168,CNT-0073,complete,4247,2025-01-10T21:17:46
USR-0785,CNT-0206,click,126,2025-01-10T21:19:27
USR-0720,CNT-0005,skip,305,2025-01-10T21:36:40
USR-0602,CNT-0172,view,128,2025-01-10T21:56:00
USR-0653,CNT-0184,click,165,2025-01-10T22:09:37
USR-0793,CNT-0415,view,4596,2025-01-10T22:20:06
USR-0852,CNT-0261,skip,126,2025-01-10T22:21:05
USR-0738,CNT-0403,skip,712,2025-01-10T22:21:15
USR-0537,CNT-0031,view,722,2025-01-10T22:36:54
USR-0353,CNT-0106,click,211,2025-01-10T22:39:04
USR-0661,CNT-0172,skip,3,2025-01-10T22:47:00
USR-0859,CNT-0206,view,201,2025-01-10T22:48:22
USR-0951,CNT-0281,click,3734,2025-01-10T22:50:32
USR-0690,CNT-0183,complete,4953,2025-01-10T22:58:39
USR-0675,CNT-0336,complete,298,2025-01-10T23:05:21
USR-0144,CNT-0446,complete,1026,2025-01-10T23:10:18
USR-0465,CNT-0259,like,110,2025-01-10T23:17:03
USR-0159,CNT-0451,skip,168,2025-01-10T23:19:32
USR-0934,CNT-0186,view,776,2025-01-10T23:21:42
USR-0991,CNT-0462,complete,2091,2025-01-10T23:24:35
USR-0990,CNT-0329,click,448,2025-01-10T23:32:33
USR-0603,CNT-0498,complete,1303,2025-01-10T23:34:41
USR-0157,CNT-0347,click,676,2025-01-10T23:46:21
USR-0395,CNT-0132,view,55,2025-01-10T23:49:17
USR-0898,CNT-0196,like,145,2025-01-10T23:49:35
USR-0787,CNT-0189,like,2080,2025-01-10T23:50:57
USR-0594,CNT-0428,skip,6,2025-01-10T23:54:18
USR-0718,CNT-0376,view,50,2025-01-11T00:01:44
USR-0281,CNT-0004,skip,583,2025-01-11T00:07:27
USR-0609,CNT-0426,view,188,2025-01-11T00:14:49
USR-0151,CNT-0443,click,1250,2025-01-11T00:23:17
USR-0263,CNT-0480,like,294,2025-01-11T00:26:21
USR-0732,CNT-0052,view,261,2025-01-11T00:26:55
USR-0287,CNT-0083,click,480,2025-01-11T00:27:20
USR-0322,CNT-0077,view,1741,2025-01-11T00:30:58
USR-0455,CNT-0477,click,3041,2025-01-11T00:34:01
USR-0910,CNT-0374,like,571,2025-01-11T00:37:30
USR-0722,CNT-0477,click,3129,2025-01-11T00:48:29
USR-0429,CNT-0196,click,103,2025-01-11T00:51:53
USR-0441,CNT-0014,view,2359,2025-01-11T00:56:23
USR-0812,CNT-0350,click,34,2025-01-11T01:19:22
USR-0879,CNT-0467,view,322,2025-01-11T01:25:54
USR-0072,CNT-0255,view,53,2025-01-11T01:30:12
USR-0833,CNT-0108,click,122,2025-01-11T01:30:35
USR-0782,CNT-0278,click,149,2025-01-11T01:36:23
USR-0302,CNT-0097,view,3732,2025-01-11T01:37:25
USR-0594,CNT-0347,view,1904,2025-01-11T01:38:12
USR-0051,CNT-0014,like,4774,2025-01-11T01:39:26
USR-0115,CNT-0495,like,532,2025-01-11T01:54:25
USR-0515,CNT-0388,click,967,2025-01-11T01:56:38
USR-0300,CNT-0105,click,4,2025-01-11T01:59:11
USR-0007,CNT-0161,like,1304,2025-01-11T02:06:48
USR-0790,CNT-0225,skip,170,2025-01-11T02:10:14
USR-0960,CNT-0435,click,161,2025-01-11T02:14:18
USR-0973,CNT-0287,click,20,2025-01-11T02:16:56
USR-0996,CNT-0410,complete,60,2025-01-11T02:20:29
USR-0525,CNT-0372,view,257,2025-01-11T02:24:08
USR-0403,CNT-0475,click,110,2025-01-11T02:30:27
USR-0856,CNT-0242,skip,113,2025-01-11T02:41:58
USR-0813,CNT-0136,view,33,2025-01-11T02:47:19
USR-0176,CNT-0452,skip,8,2025-01-11T03:01:54
USR-0102,CNT-0274,complete,3749,2025-01-11T03:03:57
USR-0073,CNT-0219,view,67,2025-01-11T03:06:21
USR-0714,CNT-0167,view,804,2025-01-11T03:08:03
USR-0278,CNT-0254,view,2130,2025-01-11T03:12:38
USR-0721,CNT-0352,like,1913,2025-01-11T03:24:38
USR-0219,CNT-0382,view,531,2025-01-11T03:26:27
USR-0081,CNT-0445,complete,318,2025-01-11T03:30:24
USR-0311,CNT-0308,click,1345,2025-01-11T03:35:55
USR-0279,CNT-0210,complete,2811,2025-01-11T03:35:56
USR-0482,CNT-0069,view,2518,2025-01-11T03:39:43
USR-0493,CNT-0308,view,981,2025-01-11T03:51:42
USR-0399,CNT-0274,like,4023,2025-01-11T03:54:55
USR-0351,CNT-0382,like,470,2025-01-11T04:00:34
USR-0655,CNT-0313,view,21,2025-01-11T04:07:16
USR-0094,CNT-0357,like,935,2025-01-11T04:11:40
USR-0775,CNT-0403,click,335,2025-01-11T04:19:42
USR-0224,CNT-0176,like,269,2025-01-11T04:23:10
USR-0882,CNT-0327,click,333,2025-01-11T04:27:57
USR-0496,CNT-0238,skip,163,2025-01-11T04:33:48
USR-0097,CNT-0367,view,849,2025-01-11T04:41:08
USR-0340,CNT-0201,click,709,2025-01-11T04:42:58
USR-0208,CNT-0079,complete,3657,2025-01-11T04:44:53
USR-0370,CNT-0062,like,2878,2025-01-11T04:51:18
USR-0524,CNT-0058,view,594,2025-01-11T04:54:16
USR-0139,CNT-0453,complete,565,2025-01-11T04:55:28
USR-0906,CNT-0438,like,477,2025-01-11T04:58:35
USR-0030,CNT-0115,complete,483,2025-01-11T04:59:02
USR-0797,CNT-0326,complete,1100,2025-01-11T05:00:56
USR-0314,CNT-0319,complete,2431,2025-01-11T05:01:45
USR-0219,CNT-0086,view,2851,2025-01-11T05:02:31
USR-0214,CNT-0350,view,10,2025-01-11T05:29:53
USR-0010,CNT-0208,view,2747,2025-01-11T05:55:44
USR-0925,CNT-0492,click,1917,2025-01-11T06:04:20
USR-0690,CNT-0389,skip,24,2025-01-11T06:14:23
USR-0528,CNT-0257,complete,362,2025-01-11T06:16:41
USR-0066,CNT-0056,view,5,2025-01-11T06:30:37
USR-0993,CNT-0229,complete,433,2025-01-11T06:36:29
USR-0405,CNT-0481,view,1751,2025-01-11T06:43:50
USR-0141,CNT-0128,view,361,2025-01-11T06:45:09
USR-0156,CNT-0410,skip,0,2025-01-11T06:48:37
USR-0978,CNT-0340,complete,560,2025-01-11T07:06:14
USR-0460,CNT-0123,view,409,2025-01-11T07:30:11
USR-0360,CNT-0053,view,13,2025-01-11T07:41:54
USR-0538,CNT-0448,view,34,2025-01-11T07:45:44
USR-0048,CNT-0181,like,1665,2025-01-11T07:53:46
USR-0445,CNT-0193,like,3922,2025-01-11T07:54:20
USR-0589,CNT-0003,view,4147,2025-01-11T08:04:52
USR-0543,CNT-0422,view,23,2025-01-11T08:11:38
USR-0864,CNT-0138,view,399,2025-01-11T08:23:16
USR-0620,CNT-0426,skip,293,2025-01-11T08:26:26
USR-0056,CNT-0403,view,2914,2025-01-11T08:28:48
USR-0503,CNT-0274,view,2000,2025-01-11T08:36:16
USR-0299,CNT-0074,click,156,2025-01-11T08:55:01
USR-0221,CNT-0317,click,280,2025-01-11T08:56:33
USR-0735,CNT-0051,skip,13,2025-01-11T09:13:12
USR-0042,CNT-0027,view,1308,2025-01-11T09:17:22
USR-0219,CNT-0450,view,1304,2025-01-11T09:17:25
USR-0496,CNT-0058,view,911,2025-01-11T09:22:08
USR-0280,CNT-0392,click,971,2025-01-11T09:23:42
USR-0873,CNT-0318,click,25,2025-01-11T09:29:36
USR-0414,CNT-0006,like,453,2025-01-11T09:36:20
USR-0635,CNT-0119,skip,565,2025-01-11T09:41:05
USR-0760,CNT-0329,view,9,2025-01-11T09:49:11
USR-0782,CNT-0486,click,443,2025-01-11T10:00:57
USR-0273,CNT-0112,like,264,2025-01-11T10:04:49
USR-0888,CNT-0099,view,572,2025-01-11T10:09:19
USR-0404,CNT-0148,view,464,2025-01-11T10:32:45
USR-0036,CNT-0085,complete,4832,2025-01-11T10:34:09
USR-0744,CNT-0483,click,266,2025-01-11T10:46:11
USR-0089,CNT-0445,view,110,2025-01-11T10:47:43
USR-0628,CNT-0477,complete,3637,2025-01-11T10:52:21
USR-0645,CNT-0324,like,115,2025-01-11T10:52:54
USR-0072,CNT-0213,like,1260,2025-01-11T10:55:37
USR-0994,CNT-0112,view,3541,2025-01-11T10:59:53
USR-0111,CNT-0287,view,53,2025-01-11T11:01:54
USR-0482,CNT-0375,view,81,2025-01-11T11:07:50
USR-0140,CNT-0010,view,4699,2025-01-11T11:12:31
USR-0251,CNT-0417,like,81,2025-01-11T11:12:42
USR-0133,CNT-0070,view,261,2025-01-11T11:21:34
USR-0882,CNT-0359,view,113,2025-01-11T11:22:31
USR-0118,CNT-0451,click,541,2025-01-11T11:33:14
USR-0116,CNT-0451,skip,125,2025-01-11T11:37:31
USR-0615,CNT-0203,view,11,2025-01-11T11:39:33
USR-0463,CNT-0214,skip,413,2025-01-11T11:43:45
USR-0333,CNT-0093,view,114,2025-01-11T11:53:33
USR-0888,CNT-0083,click,472,2025-01-11T12:08:12
USR-0984,CNT-0044,click,231,2025-01-11T12:15:20
USR-0257,CNT-0409,view,2188,2025-01-11T12:19:00
USR-0797,CNT-0462,like,1528,2025-01-11T12:22:31
USR-0794,CNT-0128,complete,374,2025-01-11T12:25:17
USR-0911,CNT-0310,view,1419,2025-01-11T12:33:54
USR-0155,CNT-0241,complete,2365,2025-01-11T12:41:26
USR-0441,CNT-0443,complete,4494,2025-01-11T12:44:44
USR-0639,CNT-0175,skip,131,2025-01-11T12:45:54
USR-0550,CNT-0141,complete,4817,2025-01-11T12:48:17
USR-0879,CNT-0312,view,308,2025-01-11T13:00:50
USR-0218,CNT-0207,complete,4968,2025-01-11T13:01:33
USR-0671,CNT-0345,view,640,2025-01-11T13:04:44
USR-0776,CNT-0252,skip,209,2025-01-11T13:11:04
USR-0953,CNT-0087,view,410,2025-01-11T13:19:13
USR-0747,CNT-0327,complete,407,2025-01-11T13:20:57
USR-0303,CNT-0308,view,730,2025-01-11T13:40:05
USR-0406,CNT-0214,complete,2660,2025-01-11T13:49:45
USR-0687,CNT-0196,skip,52,2025-01-11T14:13:23
USR-0082,CNT-0364,skip,18,2025-01-11T14:18:23
USR-0816,CNT-0229,click,297,2025-01-11T14:20:08
USR-0924,CNT-0449,click,2557,2025-01-11T14:26:37
USR-0187,CNT-0040,view,34,2025-01-11T14:36:19
USR-0392,CNT-0292,skip,5,2025-01-11T14:37:37
USR-0424,CNT-0265,like,29,2025-01-11T14:41:33
USR-0728,CNT-0475,view,112,2025-01-11T14:49:41
USR-0376,CNT-0312,click,255,2025-01-11T14:50:43
USR-0687,CNT-0017,like,365,2025-01-11T14:52:26
USR-0523,CNT-0070,skip,50,2025-01-11T14:53:11
USR-0750,CNT-0456,like,286,2025-01-11T15:00:16
USR-0528,CNT-0487,like,1112,2025-01-11T15:00:30
USR-0217,CNT-0086,click,4250,2025-01-11T15:02:49
USR-0853,CNT-0202,complete,2337,2025-01-11T15:02:57
USR-0107,CNT-0149,skip,24,2025-01-11T15:07:44
USR-0513,CNT-0194,view,514,2025-01-11T15:19:02
USR-0597,CNT-0244,like,477,2025-01-11T15:23:07
USR-0457,CNT-0500,view,2395,2025-01-11T15:35:14
USR-0001,CNT-0358,complete,737,2025-01-11T15:36:56
USR-0937,CNT-0413,view,539,2025-01-11T15:46:33
USR-0972,CNT-0272,like,148,2025-01-11T15:54:33
USR-0518,CNT-0421,view,2735,2025-01-11T15:56:22
USR-0322,CNT-0325,click,319,2025-01-11T15:57:01
USR-0655,CNT-0319,view,715,2025-01-11T16:05:41
USR-0724,CNT-0319,click,34,2025-01-11T16:09:09
USR-0013,CNT-0297,view,42,2025-01-11T16:24:04
USR-0063,CNT-0252,like,1246,2025-01-11T16:26:47
USR-0478,CNT-0372,view,358,2025-01-11T16:36:09
USR-0105,CNT-0085,complete,4674,2025-01-11T16:46:57
USR-0380,CNT-0220,click,16,2025-01-11T16:46:57
USR-0366,CNT-0163,click,3348,2025-01-11T16:48:58
USR-0974,CNT-0207,complete,5548,2025-01-11T16:50:08
USR-0772,CNT-0440,like,2765,2025-01-11T16:54:08
USR-0022,CNT-0257,view,229,2025-01-11T16:55:18
USR-0619,CNT-0488,click,1951,2025-01-11T17:03:31
USR-0275,CNT-0113,view,2173,2025-01-11T17:08:05
USR-0193,CNT-0427,view,296,2025-01-11T17:08:56
USR-0953,CNT-0424,view,63,2025-01-11T17:12:04
USR-0793,CNT-0177,click,4139,2025-01-11T17:20:53
USR-0855,CNT-0090,click,371,2025-01-11T17:35:46
USR-0772,CNT-0484,click,29,2025-01-11T17:36:26
USR-0416,CNT-0298,skip,20,2025-01-11T17:42:28
USR-0258,CNT-0204,view,111,2025-01-11T18:22:08
USR-0024,CNT-0303,like,105,2025-01-11T18:29:21
USR-0109,CNT-0218,like,1048,2025-01-11T18:48:27
USR-0566,CNT-0193,click,980,2025-01-11T18:56:06
USR-0014,CNT-0001,view,287,2025-01-11T19:09:37
USR-0530,CNT-0193,complete,3744,2025-01-11T19:10:23
USR-0642,CNT-0251,view,815,2025-01-11T19:16:23
USR-0484,CNT-0199,view,92,2025-01-11T19:23:45
USR-0072,CNT-0410,skip,5,2025-01-11T19:29:29
USR-0239,CNT-0112,view,718,2025-01-11T19:32:24
USR-0833,CNT-0143,view,163,2025-01-11T19:38:38
USR-0330,CNT-0116,skip,11,2025-01-11T19:50:54
USR-0211,CNT-0244,view,230,2025-01-11T20:03:42
USR-0023,CNT-0124,like,203,2025-01-11T20:07:48
USR-0939,CNT-0291,like,249,2025-01-11T20:14:04
USR-0269,CNT-0381,click,3242,2025-01-11T20:28:29
USR-0144,CNT-0152,click,24,2025-01-11T20:33:20
USR-0213,CNT-0363,like,2156,2025-01-11T20:39:28
USR-0471,CNT-0430,click,377,2025-01-11T20:42:07
USR-0784,CNT-0128,click,179,2025-01-11T20:42:46
USR-0656,CNT-0295,view,62,2025-01-11T20:49:46
USR-0328,CNT-0323,like,1486,2025-01-11T21:03:34
USR-0258,CNT-0270,like,181,2025-01-11T21:12:26
USR-0393,CNT-0244,skip,112,2025-01-11T21:20:52
USR-0675,CNT-0397,view,651,2025-01-11T21:28:51
USR-0487,CNT-0163,click,98,2025-01-11T21:33:07
USR-0553,CNT-0003,complete,4161,2025-01-11T21:45:19
USR-0745,CNT-0327,complete,374,2025-01-11T21:46:12
USR-0927,CNT-0411,skip,108,2025-01-11T22:07:39
USR-0289,CNT-0424,skip,88,2025-01-11T22:09:30
USR-0158,CNT-0069,complete,4100,2025-01-11T22:14:37
USR-0822,CNT-0301,click,309,2025-01-11T22:14:52
USR-0476,CNT-0183,like,1167,2025-01-11T22:16:57
USR-0902,CNT-0468,click,29,2025-01-11T22:20:46
USR-0531,CNT-0393,complete,635,2025-01-11T22:45:08
USR-0776,CNT-0041,click,226,2025-01-11T23:10:07
USR-0704,CNT-0495,like,19,2025-01-11T23:12:12
USR-0372,CNT-0272,click,748,2025-01-11T23:19:20
USR-0250,CNT-0292,view,18,2025-01-11T23:40:10
USR-0850,CNT-0320,view,512,2025-01-11T23:42:32
USR-0351,CNT-0293,like,431,2025-01-11T23:49:51
USR-0522,CNT-0436,view,6,2025-01-11T23:59:28
USR-0215,CNT-0247,click,128,2025-01-12T00:01:40
USR-0030,CNT-0197,view,150,2025-01-12T00:08:12
USR-0952,CNT-0206,skip,22,2025-01-12T00:12:51
USR-0810,CNT-0232,skip,8,2025-01-12T00:24:08
USR-0407,CNT-0449,view,2573,2025-01-12T00:30:27
USR-0668,CNT-0414,view,15,2025-01-12T00:31:32
USR-0936,CNT-0491,view,1683,2025-01-12T00:34:54
USR-0979,CNT-0193,view,225,2025-01-12T00:40:50
USR-0642,CNT-0202,complete,2370,2025-01-12T00:52:28
USR-0722,CNT-0263,skip,22,2025-01-12T01:06:18
USR-0365,CNT-0323,view,4701,2025-01-12T01:12:42
USR-0402,CNT-0270,complete,675,2025-01-12T01:14:23
USR-0224,CNT-0356,click,3965,2025-01-12T01:25:32
USR-0847,CNT-0328,view,66,2025-01-12T01:32:58
USR-0059,CNT-0403,view,3047,2025-01-12T01:41:09
USR-0207,CNT-0135,skip,656,2025-01-12T01:42:50
USR-0979,CNT-0072,complete,152,2025-01-12T01:58:55
USR-0402,CNT-0070,like,664,2025-01-12T02:00:48
USR-0193,CNT-0079,view,3699,2025-01-12T02:24:04
USR-0579,CNT-0008,like,1628,2025-01-12T02:37:23
USR-0269,CNT-0135,skip,791,2025-01-12T02:37:59
USR-0595,CNT-0422,view,47,2025-01-12T02:42:12
USR-0688,CNT-0051,view,35,2025-01-12T02:42:43
USR-0769,CNT-0114,click,485,2025-01-12T02:50:51
USR-0196,CNT-0147,like,1086,2025-01-12T02:59:06
USR-0390,CNT-0335,click,112,2025-01-12T03:02:00
USR-0296,CNT-0032,complete,467,2025-01-12T03:19:22
USR-0479,CNT-0047,view,701,2025-01-12T03:38:55
USR-0717,CNT-0159,skip,72,2025-01-12T03:44:14
USR-0275,CNT-0367,complete,868,2025-01-12T03:44:49
USR-0437,CNT-0496,view,43,2025-01-12T03:46:52
USR-0529,CNT-0106,view,707,2025-01-12T03:53:33
USR-0595,CNT-0422,click,320,2025-01-12T04:00:41
USR-0670,CNT-0325,complete,1043,2025-01-12T04:04:00
USR-0361,CNT-0017,skip,448,2025-01-12T04:07:06
USR-0585,CNT-0085,view,652,2025-01-12T04:09:30
USR-0801,CNT-0423,skip,701,2025-01-12T04:42:12
USR-0221,CNT-0122,click,58,2025-01-12T04:49:41
USR-0963,CNT-0480,skip,120,2025-01-12T04:52:05
USR-0408,CNT-0034,view,155,2025-01-12T05:16:24
USR-0371,CNT-0128,view,131,2025-01-12T05:20:02
USR-0971,CNT-0381,complete,2826,2025-01-12T05:22:33
USR-0858,CNT-0231,like,3228,2025-01-12T05:28:44
USR-0272,CNT-0341,like,9,2025-01-12T05:32:34
USR-0033,CNT-0472,click,47,2025-01-12T05:42:15
USR-0717,CNT-0125,skip,114,2025-01-12T05:46:09
USR-0491,CNT-0094,skip,145,2025-01-12T05:49:42
USR-0754,CNT-0161,skip,143,2025-01-12T06:02:47
USR-0230,CNT-0418,view,229,2025-01-12T06:03:07
USR-0118,CNT-0301,skip,22,2025-01-12T06:08:44
USR-0191,CNT-0235,view,131,2025-01-12T06:14:24
USR-0990,CNT-0397,like,547,2025-01-12T06:20:10
USR-0482,CNT-0128,skip,55,2025-01-12T06:21:20
USR-0297,CNT-0448,like,35,2025-01-12T06:44:35
USR-0714,CNT-0045,complete,168,2025-01-12T06:54:33
USR-0219,CNT-0199,complete,98,2025-01-12T06:55:55
USR-0357,CNT-0332,complete,1244,2025-01-12T06:57:55
USR-0242,CNT-0199,skip,25,2025-01-12T07:03:58
USR-0951,CNT-0337,complete,717,2025-01-12T07:11:19
USR-0392,CNT-0322,view,402,2025-01-12T07:21:43
USR-0789,CNT-0237,click,22,2025-01-12T07:22:07
USR-0355,CNT-0460,skip,927,2025-01-12T07:23:28
USR-0105,CNT-0200,click,510,2025-01-12T07:26:03
USR-0061,CNT-0002,like,4,2025-01-12T07:33:17
USR-0583,CNT-0446,view,846,2025-01-12T07:37:15
USR-0442,CNT-0346,complete,4237,2025-01-12T07:38:03
USR-0877,CNT-0234,view,4667,2025-01-12T07:55:48
USR-0135,CNT-0238,click,479,2025-01-12T07:56:40
USR-0559,CNT-0149,complete,158,2025-01-12T08:03:48
USR-0963,CNT-0028,view,516,2025-01-12T08:13:53
USR-0010,CNT-0122,view,18,2025-01-12T08:20:51
USR-0519,CNT-0264,view,739,2025-01-12T08:25:04
USR-0973,CNT-0477,view,2004,2025-01-12T08:29:46
USR-0314,CNT-0104,view,1495,2025-01-12T08:33:07
USR-0396,CNT-0181,complete,5749,2025-01-12T08:33:47
USR-0423,CNT-0143,view,1542,2025-01-12T08:40:11
USR-0724,CNT-0084,complete,145,2025-01-12T08:47:41
USR-0155,CNT-0304,complete,1028,2025-01-12T08:56:40
USR-0489,CNT-0246,view,688,2025-01-12T08:58:18
USR-0183,CNT-0330,like,257,2025-01-12T09:06:44
USR-0210,CNT-0394,like,22,2025-01-12T09:07:15
USR-0628,CNT-0368,view,197,2025-01-12T09:13:01
USR-0246,CNT-0283,complete,261,2025-01-12T09:38:17
USR-0173,CNT-0185,click,854,2025-01-12T09:43:39
USR-0859,CNT-0402,complete,2308,2025-01-12T09:43:57
USR-0441,CNT-0396,complete,950,2025-01-12T09:53:29
USR-0896,CNT-0290,click,2430,2025-01-12T09:59:20
USR-0514,CNT-0231,complete,3242,2025-01-12T09:59:26
USR-0728,CNT-0220,like,85,2025-01-12T10:00:36
USR-0694,CNT-0277,view,74,2025-01-12T10:02:03
USR-0992,CNT-0022,click,595,2025-01-12T10:08:45
USR-0450,CNT-0006,click,351,2025-01-12T10:09:58
USR-0809,CNT-0476,complete,53,2025-01-12T10:11:29
USR-0170,CNT-0046,click,421,2025-01-12T10:27:27
USR-0646,CNT-0305,view,108,2025-01-12T10:29:18
USR-0004,CNT-0455,complete,62,2025-01-12T10:30:22
USR-0331,CNT-0382,complete,3733,2025-01-12T10:31:54
USR-0476,CNT-0483,click,717,2025-01-12T10:38:49
USR-0554,CNT-0437,view,4690,2025-01-12T10:39:49
USR-0879,CNT-0114,view,433,2025-01-12T10:50:57
USR-0994,CNT-0160,skip,22,2025-01-12T11:05:03
USR-0576,CNT-0022,view,645,2025-01-12T11:05:53
USR-0397,CNT-0241,complete,2364,2025-01-12T11:08:42
USR-0389,CNT-0440,view,3122,2025-01-12T11:34:19
USR-0404,CNT-0443,view,1400,2025-01-12T11:35:00
USR-0572,CNT-0267,complete,1100,2025-01-12T11:41:23
USR-0488,CNT-0350,click,135,2025-01-12T11:43:12
USR-0320,CNT-0479,skip,183,2025-01-12T11:50:07
USR-0471,CNT-0029,like,137,2025-01-12T11:55:24
USR-0955,CNT-0329,view,764,2025-01-12T11:55:31
USR-0235,CNT-0428,click,64,2025-01-12T11:59:26
USR-0126,CNT-0017,view,1636,2025-01-12T12:00:56
USR-0952,CNT-0266,view,1887,2025-01-12T12:07:00
USR-0792,CNT-0383,view,296,2025-01-12T12:09:56
USR-0478,CNT-0482,click,439,2025-01-12T12:21:03
USR-0233,CNT-0105,view,15,2025-01-12T12:36:52
USR-0186,CNT-0124,view,35,2025-01-12T12:37:31
USR-0215,CNT-0040,complete,53,2025-01-12T12:46:31
USR-0683,CNT-0097,click,2177,2025-01-12T12:48:22
USR-0357,CNT-0402,view,2408,2025-01-12T12:52:39
USR-0860,CNT-0282,view,995,2025-01-12T12:53:49
USR-0454,CNT-0143,complete,4377,2025-01-12T13:03:24
USR-0248,CNT-0309,view,109,2025-01-12T13:04:49
USR-0484,CNT-0237,complete,796,2025-01-12T13:19:13
USR-0093,CNT-0389,like,112,2025-01-12T13:23:24
USR-0061,CNT-0367,like,260,2025-01-12T13:31:43
USR-0674,CNT-0031,complete,1503,2025-01-12T13:45:59
USR-0108,CNT-0228,like,174,2025-01-12T13:47:51
USR-0746,CNT-0291,view,426,2025-01-12T13:53:47
USR-0973,CNT-0169,like,36,2025-01-12T13:56:34
USR-0451,CNT-0097,view,1368,2025-01-12T14:19:09
USR-0556,CNT-0208,like,991,2025-01-12T14:22:16
USR-0320,CNT-0409,like,1547,2025-01-12T14:29:42
USR-0561,CNT-0033,click,135,2025-01-12T14:32:59
USR-0279,CNT-0128,like,299,2025-01-12T14:46:55
USR-0768,CNT-0406,view,621,2025-01-12T14:52:23
USR-0690,CNT-0116,like,54,2025-01-12T14:53:55
USR-0269,CNT-0095,view,110,2025-01-12T14:57:37
USR-0562,CNT-0095,complete,703,2025-01-12T14:59:24
USR-0578,CNT-0317,like,462,2025-01-12T14:59:53
USR-0567,CNT-0499,skip,43,2025-01-12T15:02:41
USR-0813,CNT-0472,view,57,2025-01-12T15:19:34
USR-0716,CNT-0072,view,117,2025-01-12T15:23:26
USR-0633,CNT-0345,view,715,2025-01-12T15:32:39
USR-0803,CNT-0337,complete,625,2025-01-12T15:35:16
USR-0581,CNT-0399,complete,6378,2025-01-12T15:36:56
USR-0733,CNT-0390,complete,2449,2025-01-12T15:49:47
USR-0978,CNT-0295,view,71,2025-01-12T15:51:53
USR-0834,CNT-0215,view,234,2025-01-12T15:54:54
USR-0692,CNT-0429,click,145,2025-01-12T16:05:50
USR-0842,CNT-0164,view,3817,2025-01-12T16:11:47
USR-0146,CNT-0126,complete,574,2025-01-12T16:22:39
USR-0593,CNT-0356,view,1717,2025-01-12T16:27:18
USR-0662,CNT-0097,complete,3966,2025-01-12T16:27:53
USR-0813,CNT-0299,skip,24,2025-01-12T16:30:34
USR-0201,CNT-0403,like,315,2025-01-12T16:37:35
USR-0463,CNT-0400,skip,7,2025-01-12T16:41:45
USR-0271,CNT-0476,view,10,2025-01-12T16:59:28
USR-0705,CNT-0291,view,469,2025-01-12T17:00:25
USR-0906,CNT-0157,click,423,2025-01-12T17:00:28
USR-0268,CNT-0070,view,384,2025-01-12T17:02:08
USR-0222,CNT-0078,click,389,2025-01-12T17:03:06
USR-0742,CNT-0427,view,512,2025-01-12T17:07:03
USR-0093,CNT-0065,view,143,2025-01-12T17:25:39
USR-0487,CNT-0230,complete,67,2025-01-12T17:38:55
USR-0375,CNT-0125,like,382,2025-01-12T17:39:12
USR-0055,CNT-0281,view,3600,2025-01-12T17:47:12
USR-0005,CNT-0304,view,348,2025-01-12T17:49:04
USR-0624,CNT-0392,complete,902,2025-01-12T17:51:23
USR-0802,CNT-0211,view,137,2025-01-12T17:54:30
USR-0487,CNT-0192,complete,49,2025-01-12T17:58:32
USR-0922,CNT-0325,view,208,2025-01-12T17:58:57
USR-0387,CNT-0418,click,1142,2025-01-12T18:08:31
USR-0304,CNT-0357,skip,340,2025-01-12T18:09:15
USR-0393,CNT-0033,view,38,2025-01-12T18:12:37
USR-0592,CNT-0273,view,37,2025-01-12T18:14:43
USR-0259,CNT-0113,complete,2105,2025-01-12T18:14:53
USR-0905,CNT-0153,skip,1213,2025-01-12T18:19:04
USR-0849,CNT-0438,skip,34,2025-01-12T18:26:01
USR-0264,CNT-0291,complete,857,2025-01-12T18:29:31
USR-0016,CNT-0107,view,337,2025-01-12T18:32:25
USR-0674,CNT-0185,skip,16,2025-01-12T18:36:19
USR-0135,CNT-0404,click,432,2025-01-12T18:37:24
USR-0534,CNT-0292,skip,5,2025-01-12T18:41:29
USR-0230,CNT-0153,complete,4725,2025-01-12T18:54:02
USR-0460,CNT-0279,view,1235,2025-01-12T19:05:32
USR-0734,CNT-0387,view,284,2025-01-12T19:11:01
USR-0084,CNT-0275,complete,73,2025-01-12T19:15:54
USR-0115,CNT-0431,view,407,2025-01-12T19:42:54
USR-0477,CNT-0163,view,2291,2025-01-12T19:43:50
USR-0363,CNT-0369,view,245,2025-01-12T19:44:28
USR-0136,CNT-0369,complete,4023,2025-01-12T20:14:18
USR-0812,CNT-0337,click,403,2025-01-12T20:19:56
USR-0135,CNT-0277,skip,12,2025-01-12T20:20:10
USR-0686,CNT-0062,like,535,2025-01-12T20:22:15
USR-0276,CNT-0365,click,897,2025-01-12T20:31:56
USR-0630,CNT-0480,like,388,2025-01-12T20:32:48
USR-0588,CNT-0105,like,11,2025-01-12T20:33:17
USR-0999,CNT-0168,complete,310,2025-01-12T20:36:34
USR-0131,CNT-0413,view,674,2025-01-12T20:36:55
USR-0426,CNT-0053,skip,6,2025-01-12T20:40:28
USR-0849,CNT-0270,like,725,2025-01-12T20:42:03
USR-0483,CNT-0141,view,1906,2025-01-12T20:42:15
USR-0339,CNT-0251,view,610,2025-01-12T20:45:09
USR-0876,CNT-0346,view,3017,2025-01-12T20:47:39
USR-0258,CNT-0260,view,614,2025-01-12T20:55:32
USR-0828,CNT-0324,click,982,2025-01-12T20:55:54
USR-0129,CNT-0029,view,24,2025-01-12T21:14:13
USR-0750,CNT-0154,view,33,2025-01-12T21:24:47
USR-0283,CNT-0225,skip,1193,2025-01-12T21:30:19
USR-0648,CNT-0390,skip,527,2025-01-12T21:34:21
USR-0142,CNT-0148,click,598,2025-01-12T21:34:35
USR-0003,CNT-0401,skip,15,2025-01-12T21:47:45
USR-0968,CNT-0363,complete,4614,2025-01-12T21:50:04
USR-0175,CNT-0052,skip,62,2025-01-12T21:52:48
USR-0421,CNT-0123,view,214,2025-01-12T21:57:59
USR-0347,CNT-0095,complete,667,2025-01-12T22:03:23
USR-0824,CNT-0120,click,1467,2025-01-12T22:14:28
USR-0007,CNT-0098,skip,1273,2025-01-12T22:17:55
USR-0157,CNT-0416,view,32,2025-01-12T22:20:00
USR-0805,CNT-0016,click,841,2025-01-12T22:25:58
USR-0840,CNT-0481,complete,3584,2025-01-12T22:32:45
USR-0371,CNT-0260,complete,688,2025-01-12T22:38:28
USR-0113,CNT-0465,view,227,2025-01-12T22:38:56
USR-0851,CNT-0174,click,11,2025-01-12T22:40:17
USR-0128,CNT-0498,like,224,2025-01-12T22:46:20
USR-0226,CNT-0359,skip,171,2025-01-12T22:50:21
USR-0628,CNT-0358,skip,157,2025-01-12T23:04:07
USR-0767,CNT-0445,view,251,2025-01-12T23:16:36
USR-0872,CNT-0174,skip,6,2025-01-12T23:16:41
USR-0744,CNT-0342,view,2440,2025-01-12T23:23:10
USR-0272,CNT-0484,view,32,2025-01-12T23:33:23
USR-0191,CNT-0444,complete,134,2025-01-12T23:38:13
USR-0878,CNT-0385,view,1605,2025-01-12T23:44:32
USR-0018,CNT-0400,click,2,2025-01-12T23:45:19
USR-0516,CNT-0215,skip,42,2025-01-12T23:45:27
USR-0944,CNT-0272,click,870,2025-01-12T23:45:42
USR-0496,CNT-0238,complete,791,2025-01-12T23:46:55
USR-0234,CNT-0202,skip,321,2025-01-13T00:02:41
USR-0575,CNT-0240,click,18,2025-01-13T00:08:06
USR-0722,CNT-0311,skip,214,2025-01-13T00:10:51
USR-0611,CNT-0175,skip,482,2025-01-13T00:20:47
USR-0782,CNT-0439,like,287,2025-01-13T00:51:44
USR-0165,CNT-0364,click,727,2025-01-13T00:51:48
USR-0787,CNT-0008,click,607,2025-01-13T01:07:30
USR-0511,CNT-0029,view,61,2025-01-13T01:09:24
USR-0746,CNT-0420,like,2596,2025-01-13T01:14:37
USR-0158,CNT-0138,complete,672,2025-01-13T01:21:11
USR-0159,CNT-0231,like,221,2025-01-13T01:24:07
USR-0281,CNT-0187,like,3,2025-01-13T01:39:17
USR-0307,CNT-0194,view,382,2025-01-13T01:57:56
USR-0372,CNT-0123,click,54,2025-01-13T02:03:28
USR-0829,CNT-0392,like,595,2025-01-13T02:04:20
USR-0145,CNT-0165,like,3660,2025-01-13T02:15:31
USR-0027,CNT-0483,view,1106,2025-01-13T02:23:18
USR-0708,CNT-0264,click,1228,2025-01-13T02:23:44
USR-0109,CNT-0171,view,329,2025-01-13T02:25:24
USR-0805,CNT-0295,view,29,2025-01-13T02:32:48
USR-0702,CNT-0498,skip,357,2025-01-13T02:33:08
USR-0182,CNT-0407,complete,126,2025-01-13T02:43:15
USR-0775,CNT-0295,click,8,2025-01-13T02:47:38
USR-0385,CNT-0138,complete,621,2025-01-13T03:09:14
USR-0182,CNT-0376,view,63,2025-01-13T03:25:46
USR-0333,CNT-0160,skip,11,2025-01-13T03:32:03
USR-0477,CNT-0191,click,125,2025-01-13T03:36:27
USR-0878,CNT-0346,like,2518,2025-01-13T04:04:23
USR-0951,CNT-0272,view,303,2025-01-13T04:06:44
USR-0795,CNT-0114,view,425,2025-01-13T04:08:21
USR-0847,CNT-0030,view,690,2025-01-13T04:16:39
USR-0327,CNT-0168,like,2,2025-01-13T04:17:25
USR-0999,CNT-0375,complete,391,2025-01-13T04:17:35
USR-0046,CNT-0150,view,98,2025-01-13T04:28:03
USR-0120,CNT-0412,view,1538,2025-01-13T04:29:44
USR-0009,CNT-0101,like,95,2025-01-13T04:31:24
USR-0513,CNT-0288,complete,1107,2025-01-13T04:33:43
USR-0216,CNT-0343,like,934,2025-01-13T04:33:59
USR-0226,CNT-0172,skip,29,2025-01-13T04:35:02
USR-0797,CNT-0261,view,402,2025-01-13T04:54:48
USR-0505,CNT-0365,complete,808,2025-01-13T05:12:43
USR-0712,CNT-0369,skip,141,2025-01-13T05:20:48
USR-0922,CNT-0284,view,1608,2025-01-13T05:27:06
USR-0329,CNT-0184,view,84,2025-01-13T05:39:02
USR-0831,CNT-0459,like,52,2025-01-13T05:45:45
USR-0058,CNT-0427,view,226,2025-01-13T05:49:17
USR-0671,CNT-0126,like,212,2025-01-13T05:49:52
USR-0523,CNT-0157,click,494,2025-01-13T05:51:33
USR-0206,CNT-0072,view,87,2025-01-13T05:56:15
USR-0195,CNT-0449,view,1036,2025-01-13T06:01:11
USR-0185,CNT-0183,skip,240,2025-01-13T06:02:47
USR-0014,CNT-0432,skip,408,2025-01-13T06:08:30
USR-0853,CNT-0435,skip,21,2025-01-13T06:09:41
USR-0159,CNT-0024,view,78,2025-01-13T06:12:16
USR-0836,CNT-0049,view,32,2025-01-13T06:17:22
USR-0064,CNT-0306,complete,56,2025-01-13T06:17:27
USR-0148,CNT-0335,click,2522,2025-01-13T06:28:42
USR-0568,CNT-0381,click,413,2025-01-13T06:31:42
USR-0856,CNT-0026,click,517,2025-01-13T06:34:39
USR-0531,CNT-0093,complete,134,2025-01-13T06:35:47
USR-0244,CNT-0066,complete,813,2025-01-13T06:42:16
USR-0951,CNT-0361,view,2369,2025-01-13T06:45:02
USR-0892,CNT-0164,view,816,2025-01-13T07:06:06
USR-0666,CNT-0057,view,216,2025-01-13T07:07:13
USR-0222,CNT-0133,view,26,2025-01-13T07:14:30
USR-0505,CNT-0442,view,47,2025-01-13T07:14:58
USR-0460,CNT-0067,like,3374,2025-01-13T07:28:05
USR-0756,CNT-0307,view,84,2025-01-13T07:30:54
USR-0087,CNT-0166,view,175,2025-01-13T07:33:11
USR-0296,CNT-0393,complete,552,2025-01-13T07:38:16
USR-0601,CNT-0256,click,451,2025-01-13T07:41:20
USR-0159,CNT-0062,complete,3138,2025-01-13T08:04:08
USR-0997,CNT-0230,view,64,2025-01-13T08:13:13
USR-0405,CNT-0047,skip,189,2025-01-13T08:21:04
USR-0716,CNT-0298,skip,460,2025-01-13T08:26:43
USR-0444,CNT-0229,like,317,2025-01-13T08:39:32
USR-0979,CNT-0431,click,55,2025-01-13T09:02:08
USR-0656,CNT-0424,complete,407,2025-01-13T09:06:35
USR-0463,CNT-0117,complete,2147,2025-01-13T09:10:38
USR-0468,CNT-0205,complete,1838,2025-01-13T09:14:40
USR-0237,CNT-0308,click,1528,2025-01-13T09:21:45
USR-0216,CNT-0047,view,171,2025-01-13T09:22:36
USR-0991,CNT-0314,view,3437,2025-01-13T09:44:55
USR-0586,CNT-0390,skip,32,2025-01-13T09:56:18
USR-0112,CNT-0011,view,996,2025-01-13T10:03:29
USR-0351,CNT-0017,skip,278,2025-01-13T10:06:33
USR-0269,CNT-0305,view,143,2025-01-13T10:09:57
USR-0688,CNT-0497,complete,61,2025-01-13T10:17:16
USR-0677,CNT-0066,like,721,2025-01-13T10:23:47
USR-0235,CNT-0056,click,51,2025-01-13T10:30:54
USR-0262,CNT-0344,click,795,2025-01-13T10:34:54
USR-0139,CNT-0442,click,90,2025-01-13T10:39:47
USR-0359,CNT-0118,like,2588,2025-01-13T10:43:32
USR-0609,CNT-0411,complete,941,2025-01-13T10:45:28
USR-0699,CNT-0320,view,602,2025-01-13T10:50:08
USR-0900,CNT-0387,view,163,2025-01-13T10:53:40
USR-0113,CNT-0052,click,232,2025-01-13T11:09:13
USR-0381,CNT-0387,skip,50,2025-01-13T11:10:51
USR-0646,CNT-0321,view,1812,2025-01-13T11:31:17
USR-0747,CNT-0374,view,579,2025-01-13T11:38:57
USR-0594,CNT-0338,like,190,2025-01-13T11:42:21
USR-0068,CNT-0178,view,124,2025-01-13T11:50:18
USR-0312,CNT-0015,complete,149,2025-01-13T11:55:35
USR-0234,CNT-0119,like,189,2025-01-13T11:57:26
USR-0569,CNT-0202,view,160,2025-01-13T12:09:46
USR-0659,CNT-0211,complete,180,2025-01-13T12:12:04
USR-0790,CNT-0009,click,2435,2025-01-13T12:13:44
USR-0458,CNT-0154,view,157,2025-01-13T12:14:12
USR-0844,CNT-0095,complete,669,2025-01-13T12:21:54
USR-0562,CNT-0382,view,1434,2025-01-13T12:24:49
USR-0085,CNT-0285,view,277,2025-01-13T12:48:36
USR-0931,CNT-0279,like,2975,2025-01-13T12:54:40
USR-0932,CNT-0195,view,226,2025-01-13T12:54:45
USR-0947,CNT-0341,skip,11,2025-01-13T13:01:49
USR-0427,CNT-0453,like,346,2025-01-13T13:09:56
USR-0861,CNT-0027,complete,2004,2025-01-13T13:17:47
USR-0621,CNT-0067,view,3776,2025-01-13T13:23:56
USR-0488,CNT-0372,view,636,2025-01-13T13:31:16
USR-0523,CNT-0219,view,56,2025-01-13T13:32:19
USR-0720,CNT-0024,view,24,2025-01-13T13:33:13
USR-0015,CNT-0342,view,608,2025-01-13T13:38:31
USR-0597,CNT-0453,view,396,2025-01-13T13:42:13
USR-0200,CNT-0187,view,91,2025-01-13T13:47:46
USR-0140,CNT-0247,view,264,2025-01-13T13:47:59
USR-0930,CNT-0028,like,301,2025-01-13T13:55:07
USR-0738,CNT-0217,view,5,2025-01-13T14:03:19
USR-0137,CNT-0152,click,157,2025-01-13T14:09:25
USR-0427,CNT-0347,complete,1817,2025-01-13T14:11:35
USR-0624,CNT-0418,view,1449,2025-01-13T14:15:12
USR-0359,CNT-0284,complete,2125,2025-01-13T14:15:38
USR-0394,CNT-0039,click,67,2025-01-13T14:18:56
USR-0798,CNT-0305,complete,739,2025-01-13T14:24:20
USR-0279,CNT-0236,skip,1,2025-01-13T14:41:59
USR-0437,CNT-0432,view,934,2025-01-13T14:53:35
USR-0455,CNT-0214,complete,2801,2025-01-13T14:55:35
USR-0506,CNT-0101,click,130,2025-01-13T14:56:25
USR-0628,CNT-0456,like,51,2025-01-13T15:05:39
USR-0527,CNT-0134,complete,691,2025-01-13T15:07:30
USR-0721,CNT-0242,like,447,2025-01-13T15:12:02
USR-0861,CNT-0007,view,377,2025-01-13T15:19:21
USR-0589,CNT-0201,click,3319,2025-01-13T15:30:37
USR-0686,CNT-0006,like,441,2025-01-13T15:38:23
USR-0088,CNT-0194,click,714,2025-01-13T15:47:46
USR-0730,CNT-0228,complete,1027,2025-01-13T15:53:12
USR-0713,CNT-0364,view,891,2025-01-13T15:55:31
USR-0100,CNT-0485,complete,67,2025-01-13T15:55:45
USR-0216,CNT-0291,view,108,2025-01-13T16:03:10
USR-0947,CNT-0060,complete,430,2025-01-13T16:19:08
USR-0362,CNT-0240,view,2,2025-01-13T16:22:04
USR-0975,CNT-0277,complete,76,2025-01-13T16:28:45
USR-0461,CNT-0077,complete,3233,2025-01-13T16:38:55
USR-0787,CNT-0275,view,41,2025-01-13T16:42:41
USR-0682,CNT-0420,like,1776,2025-01-13T16:44:21
USR-0170,CNT-0100,view,287,2025-01-13T17:02:52
USR-0702,CNT-0444,complete,127,2025-01-13T17:13:47
USR-0493,CNT-0147,click,1275,2025-01-13T17:20:06
USR-0523,CNT-0107,view,659,2025-01-13T17:26:22
USR-0801,CNT-0421,skip,496,2025-01-13T17:31:54
USR-0940,CNT-0466,complete,273,2025-01-13T17:33:37
USR-0875,CNT-0191,click,585,2025-01-13T17:34:35
USR-0452,CNT-0184,view,29,2025-01-13T17:35:26
USR-0448,CNT-0400,complete,97,2025-01-13T17:36:50
USR-0863,CNT-0190,view,1685,2025-01-13T17:38:32
USR-0768,CNT-0054,skip,102,2025-01-13T17:42:08
USR-0960,CNT-0382,view,3491,2025-01-13T17:43:09
USR-0983,CNT-0336,view,259,2025-01-13T17:45:21
USR-0652,CNT-0118,click,1995,2025-01-13T17:47:08
USR-0007,CNT-0469,skip,205,2025-01-13T17:51:03
USR-0235,CNT-0147,view,517,2025-01-13T17:53:52
USR-0426,CNT-0126,click,478,2025-01-13T18:07:21
USR-0744,CNT-0459,complete,539,2025-01-13T18:13:31
USR-0899,CNT-0114,skip,166,2025-01-13T18:24:05
USR-0794,CNT-0348,click,9,2025-01-13T18:30:51
USR-0423,CNT-0175,click,2398,2025-01-13T19:22:35
USR-0676,CNT-0161,view,982,2025-01-13T19:48:29
USR-0046,CNT-0076,complete,710,2025-01-13T19:54:04
USR-0638,CNT-0447,view,2652,2025-01-13T20:00:51
USR-0173,CNT-0492,like,3636,2025-01-13T20:07:36
USR-0769,CNT-0214,complete,2919,2025-01-13T20:24:44
USR-0156,CNT-0444,complete,153,2025-01-13T20:30:11
USR-0698,CNT-0009,like,4471,2025-01-13T20:46:32
USR-0101,CNT-0293,view,1656,2025-01-13T20:47:33
USR-0518,CNT-0041,skip,129,2025-01-13T20:50:15
USR-0831,CNT-0243,click,156,2025-01-13T20:51:02
USR-0222,CNT-0028,like,2172,2025-01-13T20:59:28
USR-0634,CNT-0225,click,2977,2025-01-13T21:16:58
USR-0700,CNT-0287,view,12,2025-01-13T21:23:08
USR-0387,CNT-0235,skip,155,2025-01-13T21:28:07
USR-0963,CNT-0245,skip,21,2025-01-13T21:36:00
USR-0881,CNT-0345,complete,768,2025-01-13T21:40:17
USR-0398,CNT-0344,complete,996,2025-01-13T21:45:09
USR-0747,CNT-0482,view,814,2025-01-13T21:54:00
USR-0940,CNT-0137,click,613,2025-01-13T22:06:02
USR-0239,CNT-0277,complete,80,2025-01-13T22:06:49
USR-0166,CNT-0170,skip,4,2025-01-13T22:10:22
USR-0834,CNT-0292,view,64,2025-01-13T22:15:19
USR-0376,CNT-0171,skip,155,2025-01-13T22:16:50
USR-0258,CNT-0255,view,1987,2025-01-13T22:18:04
USR-0710,CNT-0385,complete,4044,2025-01-13T22:24:31
USR-0619,CNT-0354,view,349,2025-01-13T22:31:17
USR-0926,CNT-0110,view,859,2025-01-13T22:39:19
USR-0920,CNT-0360,like,11,2025-01-13T22:47:05
USR-0332,CNT-0175,click,1521,2025-01-13T22:54:49
USR-0277,CNT-0083,view,463,2025-01-13T23:02:47
USR-0134,CNT-0269,click,18,2025-01-13T23:07:23
USR-0127,CNT-0443,complete,4156,2025-01-13T23:09:42
USR-0552,CNT-0315,like,868,2025-01-13T23:22:20
USR-0973,CNT-0474,view,262,2025-01-13T23:24:09
USR-0612,CNT-0059,skip,51,2025-01-13T23:46:16
USR-0864,CNT-0340,click,481,2025-01-13T23:56:48
USR-0036,CNT-0355,click,945,2025-01-14T00:07:38
USR-0540,CNT-0328,view,32,2025-01-14T00:14:13
USR-0478,CNT-0299,view,8,2025-01-14T00:16:23
USR-0398,CNT-0301,complete,881,2025-01-14T00:18:10
USR-0764,CNT-0105,view,9,2025-01-14T00:20:45
USR-0490,CNT-0225,view,1,2025-01-14T00:23:48
USR-0018,CNT-0426,click,1681,2025-01-14T00:32:26
USR-0867,CNT-0013,click,1951,2025-01-14T00:37:45
USR-0540,CNT-0462,view,1793,2025-01-14T00:38:58
USR-0428,CNT-0072,complete,135,2025-01-14T00:53:20
USR-0789,CNT-0241,complete,2458,2025-01-14T00:54:55
USR-0268,CNT-0373,view,3997,2025-01-14T01:00:48
USR-0125,CNT-0161,complete,1348,2025-01-14T01:04:18
USR-0898,CNT-0305,view,384,2025-01-14T01:12:48
USR-0242,CNT-0419,skip,52,2025-01-14T01:13:09
USR-0192,CNT-0054,view,496,2025-01-14T01:16:39
USR-0408,CNT-0040,view,26,2025-01-14T01:25:24
USR-0472,CNT-0026,click,633,2025-01-14T01:26:33
USR-0620,CNT-0078,view,217,2025-01-14T01:31:38
USR-0230,CNT-0406,view,500,2025-01-14T01:38:58
USR-0518,CNT-0012,view,198,2025-01-14T01:40:29
USR-0830,CNT-0207,view,1591,2025-01-14T01:40:29
USR-0459,CNT-0247,view,791,2025-01-14T01:40:37
USR-0153,CNT-0013,like,403,2025-01-14T01:54:42
USR-0198,CNT-0022,click,741,2025-01-14T01:56:55
USR-0781,CNT-0104,click,668,2025-01-14T02:02:05
USR-0825,CNT-0239,complete,625,2025-01-14T02:02:05
USR-0139,CNT-0491,view,713,2025-01-14T02:18:22
USR-0992,CNT-0456,complete,608,2025-01-14T02:18:46
USR-0825,CNT-0268,like,3248,2025-01-14T02:28:17
USR-0046,CNT-0125,click,3510,2025-01-14T02:39:32
USR-0388,CNT-0203,complete,37,2025-01-14T02:48:25
USR-0549,CNT-0047,skip,173,2025-01-14T02:58:40
USR-0550,CNT-0058,complete,1165,2025-01-14T03:12:09
USR-0699,CNT-0169,skip,0,2025-01-14T03:24:31
USR-0039,CNT-0089,click,0,2025-01-14T03:25:56
USR-0253,CNT-0202,complete,2476,2025-01-14T03:38:04
USR-0126,CNT-0027,view,1800,2025-01-14T04:02:18
USR-0188,CNT-0087,click,463,2025-01-14T04:06:14
USR-0465,CNT-0352,complete,4450,2025-01-14T04:13:58
USR-0396,CNT-0267,complete,1192,2025-01-14T04:14:34
USR-0505,CNT-0258,complete,3092,2025-01-14T04:27:54
USR-0656,CNT-0312,view,193,2025-01-14T04:40:47
USR-0359,CNT-0430,view,44,2025-01-14T04:43:16
USR-0043,CNT-0063,skip,14,2025-01-14T04:52:19
USR-0062,CNT-0446,like,163,2025-01-14T05:00:33
USR-0296,CNT-0008,view,367,2025-01-14T05:02:11
USR-0032,CNT-0205,view,1950,2025-01-14T05:04:47
USR-0832,CNT-0371,complete,141,2025-01-14T05:11:41
USR-0908,CNT-0461,skip,184,2025-01-14T05:13:36
USR-0404,CNT-0460,view,2364,2025-01-14T05:35:46
USR-0265,CNT-0041,click,1407,2025-01-14T05:38:50
USR-0753,CNT-0283,complete,234,2025-01-14T05:44:18
USR-0681,CNT-0390,like,2644,2025-01-14T05:50:26
USR-0210,CNT-0253,click,63,2025-01-14T05:50:29
USR-0663,CNT-0457,view,139,2025-01-14T05:54:23
USR-0861,CNT-0061,skip,130,2025-01-14T06:02:50
USR-0994,CNT-0220,view,66,2025-01-14T06:10:39
USR-0321,CNT-0020,view,15,2025-01-14T06:12:40
USR-0871,CNT-0068,view,193,2025-01-14T06:17:50
USR-0394,CNT-0433,like,83,2025-01-14T06:20:00
USR-0803,CNT-0211,like,3,2025-01-14T06:20:46
USR-0024,CNT-0053,skip,14,2025-01-14T06:32:27
USR-0241,CNT-0301,skip,122,2025-01-14T06:35:10
USR-0011,CNT-0270,view,80,2025-01-14T06:47:15
USR-0535,CNT-0069,skip,906,2025-01-14T06:56:25
USR-0073,CNT-0266,view,523,2025-01-14T06:56:35
USR-0489,CNT-0116,skip,2,2025-01-14T07:00:30
USR-0691,CNT-0042,view,372,2025-01-14T07:03:07
USR-0548,CNT-0296,complete,261,2025-01-14T07:06:55
USR-0896,CNT-0001,view,26,2025-01-14T07:10:28
USR-0520,CNT-0390,click,2722,2025-01-14T07:22:25
USR-0273,CNT-0291,view,830,2025-01-14T07:22:37
USR-0298,CNT-0176,skip,777,2025-01-14T07:40:00
USR-0257,CNT-0220,view,94,2025-01-14T07:54:15
USR-0823,CNT-0379,complete,431,2025-01-14T08:02:53
USR-0426,CNT-0346,click,2654,2025-01-14T08:03:30
USR-0448,CNT-0355,complete,1467,2025-01-14T08:19:47
USR-0192,CNT-0235,view,176,2025-01-14T08:24:05
USR-0692,CNT-0387,complete,286,2025-01-14T08:38:47
USR-0878,CNT-0193,click,2837,2025-01-14T08:47:06
USR-0493,CNT-0385,click,1991,2025-01-14T08:48:02
USR-0597,CNT-0418,like,769,2025-01-14T08:49:49
USR-0066,CNT-0316,skip,151,2025-01-14T08:55:35
USR-0713,CNT-0069,skip,1125,2025-01-14T09:01:42
USR-0101,CNT-0145,complete,1011,2025-01-14T09:11:01
USR-0361,CNT-0195,complete,1086,2025-01-14T09:16:07
USR-0624,CNT-0298,view,4338,2025-01-14T09:25:24
USR-0725,CNT-0270,skip,93,2025-01-14T09:26:24
USR-0149,CNT-0069,complete,4066,2025-01-14T09:46:09
USR-0767,CNT-0221,skip,73,2025-01-14T09:48:13
USR-0171,CNT-0236,view,16,2025-01-14T09:59:52
USR-0461,CNT-0253,view,21,2025-01-14T10:04:25
USR-0997,CNT-0228,skip,170,2025-01-14T10:04:44
USR-0951,CNT-0216,view,4383,2025-01-14T10:07:26
USR-0045,CNT-0368,view,195,2025-01-14T10:07:59
USR-0306,CNT-0113,complete,2301,2025-01-14T10:08:21
USR-0533,CNT-0223,view,275,2025-01-14T10:18:17
USR-0016,CNT-0027,click,461,2025-01-14T10:19:24
USR-0081,CNT-0135,like,425,2025-01-14T10:19:57
USR-0973,CNT-0406,complete,1231,2025-01-14T10:28:39
USR-0592,CNT-0079,view,2945,2025-01-14T10:30:39
USR-0557,CNT-0371,view,130,2025-01-14T10:38:25
USR-0187,CNT-0477,view,789,2025-01-14T10:41:13
USR-0873,CNT-0053,view,7,2025-01-14T10:43:06
USR-0993,CNT-0154,click,155,2025-01-14T10:44:06
USR-0617,CNT-0459,like,532,2025-01-14T10:46:55
USR-0401,CNT-0431,click,99,2025-01-14T10:47:40
USR-0191,CNT-0373,complete,5250,2025-01-14T10:55:47
USR-0049,CNT-0279,complete,3087,2025-01-14T11:10:30
USR-0940,CNT-0410,click,58,2025-01-14T11:10:54
USR-0342,CNT-0037,complete,4371,2025-01-14T11:18:12
USR-0969,CNT-0153,view,4588,2025-01-14T11:31:04
USR-0146,CNT-0472,click,41,2025-01-14T11:33:31
USR-0432,CNT-0302,skip,17,2025-01-14T11:42:24
USR-0755,CNT-0206,view,90,2025-01-14T11:45:44
USR-0143,CNT-0195,skip,219,2025-01-14T12:05:30
USR-0764,CNT-0003,click,1887,2025-01-14T12:14:54
USR-0967,CNT-0486,like,478,2025-01-14T12:21:35
USR-0189,CNT-0257,like,108,2025-01-14T12:22:22
USR-0621,CNT-0349,click,2426,2025-01-14T12:45:41
USR-0706,CNT-0064,click,328,2025-01-14T12:52:47
USR-0904,CNT-0494,complete,386,2025-01-14T12:58:04
USR-0972,CNT-0402,click,1323,2025-01-14T13:02:56
USR-0169,CNT-0295,view,52,2025-01-14T13:05:59
USR-0856,CNT-0446,view,816,2025-01-14T13:09:14
USR-0991,CNT-0311,click,2385,2025-01-14T13:19:51
USR-0109,CNT-0286,like,1237,2025-01-14T13:29:38
USR-0111,CNT-0236,click,7,2025-01-14T13:35:18
USR-0792,CNT-0477,click,3812,2025-01-14T13:47:15
USR-0948,CNT-0010,view,6386,2025-01-14T13:50:47
USR-0871,CNT-0280,skip,3,2025-01-14T13:53:05
USR-0021,CNT-0085,complete,4644,2025-01-14T13:56:44
USR-0807,CNT-0107,click,254,2025-01-14T13:59:44
USR-0752,CNT-0120,view,703,2025-01-14T14:01:06
USR-0572,CNT-0277,view,39,2025-01-14T14:03:44
USR-0002,CNT-0021,complete,939,2025-01-14T14:03:51
USR-0685,CNT-0168,skip,44,2025-01-14T14:05:27
USR-0891,CNT-0091,complete,33,2025-01-14T14:05:32
USR-0125,CNT-0193,skip,330,2025-01-14T14:14:23
USR-0023,CNT-0146,view,544,2025-01-14T14:17:49
USR-0417,CNT-0146,view,205,2025-01-14T14:21:40
USR-0926,CNT-0060,skip,103,2025-01-14T14:38:24
USR-0748,CNT-0198,skip,443,2025-01-14T14:39:26
USR-0137,CNT-0249,view,26,2025-01-14T14:43:21
USR-0562,CNT-0346,skip,896,2025-01-14T14:49:10
USR-0335,CNT-0069,click,1530,2025-01-14T14:53:56
USR-0080,CNT-0392,skip,106,2025-01-14T14:59:12
USR-0055,CNT-0184,view,142,2025-01-14T15:12:59
USR-0877,CNT-0001,skip,57,2025-01-14T15:13:05
USR-0855,CNT-0176,view,2262,2025-01-14T15:14:58
USR-0515,CNT-0056,like,2,2025-01-14T15:15:34
USR-0787,CNT-0482,view,607,2025-01-14T15:19:41
USR-0184,CNT-0285,view,463,2025-01-14T15:26:44
USR-0391,CNT-0396,click,334,2025-01-14T15:28:13
USR-0261,CNT-0019,view,52,2025-01-14T15:29:51
USR-0435,CNT-0411,skip,47,2025-01-14T15:31:33
USR-0975,CNT-0175,view,99,2025-01-14T15:36:37
USR-0412,CNT-0216,view,4254,2025-01-14T15:44:13
USR-0937,CNT-0466,complete,310,2025-01-14T15:51:53
USR-0341,CNT-0203,like,4,2025-01-14T15:53:05
USR-0589,CNT-0029,skip,60,2025-01-14T16:01:35
USR-0685,CNT-0455,like,56,2025-01-14T16:05:14
USR-0345,CNT-0425,skip,44,2025-01-14T16:14:13
USR-0542,CNT-0106,skip,315,2025-01-14T16:17:47
USR-0486,CNT-0253,like,53,2025-01-14T16:38:06
USR-0115,CNT-0396,view,297,2025-01-14T17:05:32
USR-0609,CNT-0424,view,187,2025-01-14T17:12:01
USR-0097,CNT-0075,view,413,2025-01-14T17:13:23
USR-0802,CNT-0275,complete,67,2025-01-14T17:23:25
USR-0685,CNT-0296,click,187,2025-01-14T17:26:32
USR-0891,CNT-0209,view,62,2025-01-14T17:37:51
USR-0824,CNT-0447,complete,4169,2025-01-14T17:38:16
USR-0208,CNT-0010,skip,1120,2025-01-14T17:42:39
USR-0066,CNT-0195,view,134,2025-01-14T17:43:16
USR-0504,CNT-0032,view,324,2025-01-14T17:47:36
USR-0189,CNT-0328,click,82,2025-01-14T17:53:04
USR-0594,CNT-0114,view,753,2025-01-14T17:55:46
USR-0862,CNT-0306,view,65,2025-01-14T17:57:46
USR-0603,CNT-0278,view,178,2025-01-14T18:04:39
USR-0971,CNT-0080,skip,16,2025-01-14T18:13:10
USR-0525,CNT-0182,complete,131,2025-01-14T18:19:22
USR-0452,CNT-0025,like,1311,2025-01-14T18:19:44
USR-0795,CNT-0042,complete,547,2025-01-14T18:36:07
USR-0740,CNT-0094,click,695,2025-01-14T18:46:03
USR-0956,CNT-0406,click,874,2025-01-14T18:52:15
USR-0782,CNT-0083,complete,477,2025-01-14T18:57:31
USR-0585,CNT-0266,like,24,2025-01-14T19:04:42
USR-0995,CNT-0100,click,310,2025-01-14T19:10:06
USR-0311,CNT-0149,view,36,2025-01-14T19:12:35
USR-0655,CNT-0265,complete,241,2025-01-14T19:18:36
USR-0527,CNT-0225,like,1552,2025-01-14T19:22:03
USR-0582,CNT-0288,like,505,2025-01-14T19:38:36
USR-0012,CNT-0078,view,197,2025-01-14T19:40:31
USR-0011,CNT-0045,view,29,2025-01-14T19:49:14
USR-0228,CNT-0097,complete,3636,2025-01-14T19:58:20
USR-0248,CNT-0364,like,856,2025-01-14T20:04:24
USR-0856,CNT-0385,like,1996,2025-01-14T20:10:51
USR-0525,CNT-0452,skip,12,2025-01-14T20:18:22
USR-0681,CNT-0240,view,31,2025-01-14T20:27:42
USR-0377,CNT-0050,view,488,2025-01-14T20:29:41
USR-0652,CNT-0305,skip,208,2025-01-14T20:32:47
USR-0665,CNT-0453,click,495,2025-01-14T20:47:27
USR-0549,CNT-0035,like,97,2025-01-14T20:48:08
USR-0733,CNT-0069,click,4600,2025-01-14T20:57:19
USR-0289,CNT-0301,complete,835,2025-01-14T21:02:00
USR-0050,CNT-0386,complete,690,2025-01-14T21:06:28
USR-0684,CNT-0367,view,633,2025-01-14T21:07:14
USR-0474,CNT-0054,skip,67,2025-01-14T21:09:21
USR-0509,CNT-0413,click,113,2025-01-14T21:10:21
USR-0447,CNT-0265,skip,10,2025-01-14T21:23:55
USR-0781,CNT-0307,like,347,2025-01-14T21:34:12
USR-0109,CNT-0489,skip,813,2025-01-14T21:39:14
USR-0512,CNT-0019,click,59,2025-01-14T21:40:23
USR-0038,CNT-0277,click,24,2025-01-14T21:40:57
USR-0818,CNT-0424,skip,65,2025-01-14T21:47:44
USR-0396,CNT-0436,view,1187,2025-01-14T21:56:26
USR-0321,CNT-0067,complete,3461,2025-01-14T22:10:28
USR-0712,CNT-0021,complete,943,2025-01-14T22:32:00
USR-0074,CNT-0219,view,168,2025-01-14T22:34:19
USR-0923,CNT-0309,click,160,2025-01-14T22:41:42
USR-0732,CNT-0220,skip,17,2025-01-14T23:25:52
USR-0165,CNT-0182,view,76,2025-01-14T23:30:23
USR-0720,CNT-0356,view,3860,2025-01-14T23:36:10
USR-0370,CNT-0068,like,31,2025-01-14T23:42:32
USR-0666,CNT-0053,view,11,2025-01-14T23:49:39
USR-0135,CNT-0113,view,537,2025-01-14T23:55:58
USR-0631,CNT-0155,complete,341,2025-01-15T00:00:23
USR-0240,CNT-0272,view,796,2025-01-15T00:01:56
USR-0406,CNT-0444,complete,150,2025-01-15T00:02:15
USR-0239,CNT-0268,complete,3894,2025-01-15T00:05:14
USR-0906,CNT-0073,click,67,2025-01-15T00:08:13
USR-0883,CNT-0201,like,3793,2025-01-15T00:13:40
USR-0670,CNT-0111,like,52,2025-01-15T00:16:42
USR-0168,CNT-0009,complete,4116,2025-01-15T00:20:28
USR-0573,CNT-0468,view,708,2025-01-15T00:27:10
USR-0158,CNT-0262,view,3341,2025-01-15T00:30:32
USR-0997,CNT-0043,click,4135,2025-01-15T00:35:37
USR-0070,CNT-0087,complete,548,2025-01-15T00:36:33
USR-0658,CNT-0091,view,23,2025-01-15T00:43:43
USR-0453,CNT-0008,click,402,2025-01-15T00:49:45
USR-0668,CNT-0326,view,575,2025-01-15T00:54:14
USR-0081,CNT-0175,view,2587,2025-01-15T01:31:15
USR-0556,CNT-0384,view,3850,2025-01-15T01:31:17
USR-0483,CNT-0294,view,27,2025-01-15T01:44:15
USR-0952,CNT-0184,click,88,2025-01-15T01:49:35
USR-0587,CNT-0275,complete,65,2025-01-15T01:55:38
USR-0951,CNT-0359,view,302,2025-01-15T01:57:46
USR-0044,CNT-0200,complete,2290,2025-01-15T01:59:31
USR-0747,CNT-0060,view,435,2025-01-15T02:01:39
USR-0573,CNT-0284,skip,605,2025-01-15T02:08:33
USR-0279,CNT-0369,view,741,2025-01-15T02:10:02
USR-0267,CNT-0180,click,55,2025-01-15T02:12:23
USR-0389,CNT-0334,view,33,2025-01-15T02:13:25
USR-0216,CNT-0343,like,235,2025-01-15T02:18:12
USR-0385,CNT-0273,like,135,2025-01-15T02:29:34
USR-0622,CNT-0198,like,333,2025-01-15T02:37:48
USR-0188,CNT-0124,skip,40,2025-01-15T02:42:23
USR-0406,CNT-0447,complete,3656,2025-01-15T02:44:13
USR-0190,CNT-0075,like,18,2025-01-15T02:44:48
USR-0897,CNT-0107,like,221,2025-01-15T02:45:08
USR-0940,CNT-0351,click,113,2025-01-15T02:46:33
USR-0571,CNT-0116,skip,14,2025-01-15T02:51:05
USR-0189,CNT-0146,like,220,2025-01-15T02:56:26
USR-0582,CNT-0346,view,1538,2025-01-15T03:12:20
USR-0509,CNT-0097,complete,3538,2025-01-15T03:19:56
USR-0377,CNT-0160,click,378,2025-01-15T03:22:13
USR-0960,CNT-0462,like,533,2025-01-15T03:35:26
USR-0486,CNT-0428,view,260,2025-01-15T03:54:44
USR-0533,CNT-0426,click,1235,2025-01-15T04:26:20
USR-0335,CNT-0445,like,197,2025-01-15T04:27:21
USR-0398,CNT-0281,like,580,2025-01-15T04:27:59
USR-0467,CNT-0017,like,882,2025-01-15T04:28:53
USR-0143,CNT-0406,click,747,2025-01-15T04:47:36
USR-0524,CNT-0031,view,284,2025-01-15T04:49:40
USR-0091,CNT-0108,like,140,2025-01-15T04:50:01
USR-0342,CNT-0332,like,396,2025-01-15T04:51:37
USR-0209,CNT-0346,complete,4553,2025-01-15T04:57:22
USR-0656,CNT-0049,complete,362,2025-01-15T04:58:21
USR-0041,CNT-0295,like,53,2025-01-15T05:02:31
USR-0660,CNT-0145,view,328,2025-01-15T05:16:22
USR-0974,CNT-0127,click,89,2025-01-15T05:21:23
USR-0565,CNT-0267,click,610,2025-01-15T05:32:33
USR-0591,CNT-0399,view,3078,2025-01-15T05:42:11
USR-0869,CNT-0459,complete,574,2025-01-15T05:42:38
USR-0470,CNT-0019,view,4,2025-01-15T05:57:11
USR-0509,CNT-0274,complete,4231,2025-01-15T06:02:00
USR-0669,CNT-0490,like,1633,2025-01-15T06:03:18
USR-0286,CNT-0473,click,1304,2025-01-15T06:12:50
USR-0594,CNT-0189,complete,2663,2025-01-15T06:22:33
USR-0027,CNT-0218,view,1102,2025-01-15T06:48:09
USR-0594,CNT-0251,like,562,2025-01-15T06:49:56
USR-0328,CNT-0070,complete,644,2025-01-15T07:01:04
USR-0543,CNT-0029,like,269,2025-01-15T07:04:47
USR-0652,CNT-0214,complete,3104,2025-01-15T07:11:28
USR-0083,CNT-0492,click,560,2025-01-15T07:15:14
USR-0868,CNT-0222,view,31,2025-01-15T07:19:53
USR-0976,CNT-0499,skip,14,2025-01-15T07:23:30
USR-0424,CNT-0054,view,207,2025-01-15T07:26:13
USR-0686,CNT-0028,view,2054,2025-01-15T07:43:56
USR-0849,CNT-0307,complete,488,2025-01-15T07:44:08
USR-0068,CNT-0416,click,33,2025-01-15T07:51:10
USR-0038,CNT-0034,like,120,2025-01-15T08:07:09
USR-0187,CNT-0340,view,364,2025-01-15T08:12:14
USR-0156,CNT-0330,skip,906,2025-01-15T08:26:16
USR-0160,CNT-0332,like,339,2025-01-15T08:36:25
USR-0277,CNT-0347,skip,10,2025-01-15T08:37:58
USR-0094,CNT-0447,skip,415,2025-01-15T08:38:18
USR-0967,CNT-0036,skip,101,2025-01-15T08:44:20
USR-0212,CNT-0048,complete,77,2025-01-15T08:46:11
USR-0212,CNT-0407,view,7,2025-01-15T08:52:31
USR-0461,CNT-0455,like,14,2025-01-15T08:57:14
USR-0447,CNT-0338,view,178,2025-01-15T09:14:59
USR-0082,CNT-0398,view,80,2025-01-15T09:19:48
USR-0998,CNT-0032,view,170,2025-01-15T09:35:01
USR-0457,CNT-0126,skip,94,2025-01-15T09:38:37
USR-0915,CNT-0438,like,240,2025-01-15T09:42:02
USR-0011,CNT-0293,click,2018,2025-01-15T09:50:35
USR-0300,CNT-0061,complete,697,2025-01-15T09:53:23
USR-0339,CNT-0128,click,225,2025-01-15T10:03:17
USR-0350,CNT-0296,like,279,2025-01-15T10:04:28
USR-0553,CNT-0406,view,1229,2025-01-15T10:23:24
USR-0740,CNT-0338,like,207,2025-01-15T10:24:33
USR-0385,CNT-0029,like,81,2025-01-15T10:57:20
USR-0974,CNT-0170,click,108,2025-01-15T11:03:26
USR-0864,CNT-0094,view,1108,2025-01-15T11:05:00
USR-0496,CNT-0129,click,522,2025-01-15T11:06:32
USR-0829,CNT-0148,view,540,2025-01-15T11:07:10
USR-0891,CNT-0111,click,55,2025-01-15T11:14:52
USR-0433,CNT-0379,view,58,2025-01-15T11:16:14
USR-0188,CNT-0324,complete,796,2025-01-15T11:25:10
USR-0142,CNT-0076,click,490,2025-01-15T11:44:37
USR-0458,CNT-0294,skip,0,2025-01-15T11:52:30
USR-0356,CNT-0196,complete,180,2025-01-15T12:04:27
USR-0655,CNT-0414,like,134,2025-01-15T12:04:30
USR-0984,CNT-0421,view,2719,2025-01-15T12:09:32
USR-0059,CNT-0419,view,2407,2025-01-15T12:18:05
USR-0314,CNT-0001,view,153,2025-01-15T12:20:41
USR-0021,CNT-0175,like,3732,2025-01-15T12:25:06
USR-0526,CNT-0002,skip,6,2025-01-15T12:37:57
USR-0912,CNT-0473,view,752,2025-01-15T12:44:55
USR-0597,CNT-0030,view,251,2025-01-15T12:45:10
USR-0867,CNT-0102,view,1401,2025-01-15T12:50:07
USR-0081,CNT-0116,view,53,2025-01-15T12:51:59
USR-0949,CNT-0085,like,3561,2025-01-15T12:54:59
USR-0209,CNT-0414,complete,216,2025-01-15T12:56:38
USR-0801,CNT-0280,view,74,2025-01-15T13:00:52
USR-0623,CNT-0272,like,22,2025-01-15T13:10:26
USR-0690,CNT-0362,click,1889,2025-01-15T13:11:40
USR-0423,CNT-0405,skip,7,2025-01-15T13:17:57
USR-0443,CNT-0467,view,1950,2025-01-15T13:32:44
USR-0728,CNT-0325,complete,998,2025-01-15T13:34:44
USR-0514,CNT-0074,like,79,2025-01-15T13:42:52
USR-0368,CNT-0473,view,1523,2025-01-15T13:43:12
USR-0515,CNT-0400,view,15,2025-01-15T13:44:31
USR-0009,CNT-0306,view,17,2025-01-15T13:49:25
USR-0499,CNT-0076,skip,14,2025-01-15T13:56:48
USR-0638,CNT-0085,view,4788,2025-01-15T14:06:59
USR-0557,CNT-0048,click,16,2025-01-15T14:18:47
USR-0210,CNT-0280,like,95,2025-01-15T14:21:58
USR-0400,CNT-0012,view,109,2025-01-15T14:40:42
USR-0398,CNT-0465,skip,192,2025-01-15T14:47:23
USR-0112,CNT-0320,complete,622,2025-01-15T14:55:56
USR-0086,CNT-0290,skip,130,2025-01-15T14:56:08
USR-0950,CNT-0278,click,54,2025-01-15T14:58:12
USR-0329,CNT-0153,complete,4500,2025-01-15T14:58:18
USR-0263,CNT-0417,click,156,2025-01-15T15:07:50
USR-0096,CNT-0162,like,217,2025-01-15T15:16:02
USR-0966,CNT-0243,complete,344,2025-01-15T15:16:02
USR-0572,CNT-0107,click,278,2025-01-15T15:25:46
USR-0461,CNT-0079,view,845,2025-01-15T15:44:02
USR-0385,CNT-0499,complete,255,2025-01-15T15:45:16
USR-0944,CNT-0136,skip,13,2025-01-15T15:52:24
USR-0037,CNT-0386,complete,840,2025-01-15T15:58:24
USR-0927,CNT-0399,skip,402,2025-01-15T16:02:27
USR-0115,CNT-0321,complete,4312,2025-01-15T16:10:17
USR-0943,CNT-0337,view,437,2025-01-15T16:12:47
USR-0169,CNT-0159,complete,1031,2025-01-15T16:28:20
USR-0714,CNT-0006,view,36,2025-01-15T16:32:51
USR-0709,CNT-0163,skip,572,2025-01-15T16:44:13
USR-0477,CNT-0409,view,3790,2025-01-15T16:52:34
USR-0580,CNT-0346,like,1518,2025-01-15T17:06:31
USR-0921,CNT-0190,view,1693,2025-01-15T17:25:29
USR-0947,CNT-0274,view,3561,2025-01-15T17:35:39
USR-0682,CNT-0090,complete,1173,2025-01-15T17:37:35
USR-0473,CNT-0104,view,439,2025-01-15T17:45:38
USR-0584,CNT-0059,view,139,2025-01-15T17:49:52
USR-0442,CNT-0459,view,214,2025-01-15T18:01:55
USR-0311,CNT-0227,complete,144,2025-01-15T18:05:08
USR-0721,CNT-0079,skip,940,2025-01-15T18:14:28
USR-0032,CNT-0050,view,43,2025-01-15T18:31:39
USR-0340,CNT-0239,like,591,2025-01-15T18:39:56
USR-0340,CNT-0234,complete,4866,2025-01-15T18:47:59
USR-0477,CNT-0321,view,2305,2025-01-15T19:05:18
USR-0013,CNT-0476,complete,57,2025-01-15T19:05:53
USR-0317,CNT-0076,like,717,2025-01-15T19:12:58
USR-0642,CNT-0081,complete,336,2025-01-15T19:14:04
USR-0141,CNT-0100,click,306,2025-01-15T19:34:00
USR-0948,CNT-0185,complete,861,2025-01-15T19:35:41
USR-0829,CNT-0178,click,409,2025-01-15T19:41:00
USR-0468,CNT-0081,like,110,2025-01-15T19:43:01
USR-0585,CNT-0200,view,1653,2025-01-15T19:51:26
USR-0028,CNT-0485,click,41,2025-01-15T19:54:07
USR-0641,CNT-0327,click,293,2025-01-15T19:55:52
USR-0638,CNT-0274,complete,4038,2025-01-15T19:57:45
USR-0358,CNT-0036,view,280,2025-01-15T20:13:39
USR-0899,CNT-0442,view,201,2025-01-15T20:26:59
USR-0889,CNT-0116,click,15,2025-01-15T20:51:43
USR-0188,CNT-0241,view,1319,2025-01-15T20:57:16
USR-0019,CNT-0429,skip,522,2025-01-15T21:06:07
USR-0277,CNT-0109,complete,535,2025-01-15T21:49:43
USR-0862,CNT-0435,click,79,2025-01-15T21:49:55
USR-0759,CNT-0254,complete,3591,2025-01-15T21:51:37
USR-0937,CNT-0175,complete,3774,2025-01-15T21:56:31
USR-0510,CNT-0483,complete,2606,2025-01-15T21:59:29
USR-0251,CNT-0379,skip,27,2025-01-15T22:00:21
USR-0605,CNT-0453,view,331,2025-01-15T22:19:22
USR-0001,CNT-0162,view,275,2025-01-15T22:19:29
USR-0124,CNT-0142,view,2633,2025-01-15T22:27:51
USR-0449,CNT-0269,click,128,2025-01-15T22:52:45
USR-0555,CNT-0120,complete,1490,2025-01-15T23:02:48
USR-0464,CNT-0228,view,927,2025-01-15T23:06:47
USR-0333,CNT-0442,view,0,2025-01-15T23:09:01
USR-0879,CNT-0095,view,250,2025-01-15T23:10:02
USR-0995,CNT-0005,like,1821,2025-01-15T23:13:52
USR-0450,CNT-0063,like,32,2025-01-15T23:14:41
USR-0293,CNT-0072,view,22,2025-01-15T23:22:32
USR-0825,CNT-0414,like,15,2025-01-15T23:25:54
USR-0402,CNT-0414,click,61,2025-01-15T23:26:45
USR-0923,CNT-0002,skip,13,2025-01-15T23:27:26
USR-0453,CNT-0380,click,50,2025-01-15T23:32:06
USR-0740,CNT-0403,view,3837,2025-01-15T23:39:48
USR-0313,CNT-0243,click,150,2025-01-15T23:52:27
USR-0866,CNT-0387,skip,60,2025-01-15T23:54:07
USR-0724,CNT-0255,complete,2437,2025-01-16T00:05:44
USR-0399,CNT-0160,skip,4,2025-01-16T00:08:05
USR-0810,CNT-0126,complete,524,2025-01-16T00:09:21
USR-0927,CNT-0422,like,24,2025-01-16T00:09:49
USR-0165,CNT-0374,like,642,2025-01-16T00:12:24
USR-0308,CNT-0472,view,172,2025-01-16T00:14:19
USR-0732,CNT-0284,view,1458,2025-01-16T00:18:09
USR-0670,CNT-0049,like,333,2025-01-16T00:24:02
USR-0648,CNT-0412,skip,102,2025-01-16T00:26:42
USR-0460,CNT-0445,click,222,2025-01-16T00:36:33
USR-0450,CNT-0425,like,646,2025-01-16T00:56:49
USR-0548,CNT-0032,view,456,2025-01-16T00:58:49
USR-0880,CNT-0257,complete,412,2025-01-16T01:15:44
USR-0769,CNT-0219,skip,9,2025-01-16T01:16:00
USR-0465,CNT-0469,view,313,2025-01-16T01:19:24
USR-0112,CNT-0176,like,1280,2025-01-16T01:22:52
USR-0028,CNT-0298,like,2951,2025-01-16T01:34:50
USR-0335,CNT-0118,click,2880,2025-01-16T01:41:12
USR-0347,CNT-0225,view,3300,2025-01-16T01:41:59
USR-0184,CNT-0163,skip,851,2025-01-16T01:50:51
USR-0832,CNT-0440,view,2481,2025-01-16T01:51:30
USR-0370,CNT-0114,view,307,2025-01-16T01:55:28
USR-0194,CNT-0447,view,228,2025-01-16T01:55:48
USR-0998,CNT-0088,like,214,2025-01-16T01:57:02
USR-0486,CNT-0401,like,61,2025-01-16T02:04:34
USR-0017,CNT-0160,complete,480,2025-01-16T02:04:52
USR-0853,CNT-0431,click,63,2025-01-16T02:07:17
USR-0128,CNT-0119,like,696,2025-01-16T02:09:37
USR-0386,CNT-0045,view,140,2025-01-16T02:17:19
USR-0113,CNT-0486,skip,16,2025-01-16T02:26:20
USR-0556,CNT-0358,like,78,2025-01-16T02:30:04
USR-0158,CNT-0200,complete,1973,2025-01-16T02:38:42
USR-0437,CNT-0442,complete,330,2025-01-16T02:38:51
USR-0333,CNT-0153,click,3239,2025-01-16T02:40:15
USR-0214,CNT-0322,complete,475,2025-01-16T02:42:18
USR-0749,CNT-0279,view,2483,2025-01-16T02:43:16
USR-0255,CNT-0084,view,132,2025-01-16T02:56:35
USR-0907,CNT-0484,skip,23,2025-01-16T03:00:21
USR-0339,CNT-0401,view,57,2025-01-16T03:12:55
USR-0801,CNT-0306,view,14,2025-01-16T03:14:37
USR-0184,CNT-0066,view,659,2025-01-16T03:14:43
USR-0955,CNT-0424,skip,5,2025-01-16T03:22:25
USR-0323,CNT-0302,like,20,2025-01-16T03:28:01
USR-0046,CNT-0458,view,1531,2025-01-16T03:29:09
USR-0484,CNT-0108,skip,15,2025-01-16T03:36:55
USR-0393,CNT-0275,view,57,2025-01-16T03:37:11
USR-0061,CNT-0149,view,138,2025-01-16T03:38:02
USR-0189,CNT-0230,skip,14,2025-01-16T03:39:05
USR-0389,CNT-0050,view,562,2025-01-16T03:53:14
USR-0204,CNT-0471,click,605,2025-01-16T04:00:42
USR-0614,CNT-0414,complete,193,2025-01-16T04:06:07
USR-0521,CNT-0433,skip,88,2025-01-16T04:07:20
USR-0814,CNT-0212,view,603,2025-01-16T04:13:44
USR-0027,CNT-0309,like,117,2025-01-16T04:17:14
USR-0400,CNT-0490,complete,2311,2025-01-16T04:22:25
USR-0570,CNT-0251,like,582,2025-01-16T04:24:23
USR-0682,CNT-0180,like,46,2025-01-16T04:31:49
USR-0339,CNT-0053,like,76,2025-01-16T04:33:43
USR-0415,CNT-0393,like,193,2025-01-16T04:36:44
USR-0215,CNT-0444,like,93,2025-01-16T04:44:36
USR-0502,CNT-0054,click,452,2025-01-16T04:45:44
USR-0665,CNT-0278,view,200,2025-01-16T04:45:58
USR-0649,CNT-0462,click,1426,2025-01-16T04:48:06
USR-0530,CNT-0487,skip,366,2025-01-16T04:48:44
USR-0013,CNT-0236,view,31,2025-01-16T04:53:17
USR-0528,CNT-0371,complete,157,2025-01-16T04:57:59
USR-0959,CNT-0240,view,62,2025-01-16T05:10:58
USR-0200,CNT-0210,like,1546,2025-01-16T05:16:57
USR-0151,CNT-0172,view,24,2025-01-16T05:25:36
USR-0439,CNT-0223,click,2697,2025-01-16T05:25:54
USR-0084,CNT-0280,view,65,2025-01-16T05:33:09
USR-0887,CNT-0448,like,38,2025-01-16T05:37:56
USR-0086,CNT-0033,like,25,2025-01-16T05:45:52
USR-0051,CNT-0281,click,1625,2025-01-16T05:49:11
USR-0910,CNT-0117,click,271,2025-01-16T05:51:36
USR-0678,CNT-0017,skip,409,2025-01-16T06:01:06
USR-0907,CNT-0257,like,294,2025-01-16T06:08:35
USR-0496,CNT-0333,view,112,2025-01-16T06:21:07
USR-0672,CNT-0125,click,1558,2025-01-16T06:23:58
USR-0452,CNT-0415,view,2933,2025-01-16T06:31:48
USR-0462,CNT-0392,view,859,2025-01-16T06:41:14
USR-0142,CNT-0029,like,133,2025-01-16T06:45:16
USR-0985,CNT-0469,complete,799,2025-01-16T06:45:43
USR-0667,CNT-0025,click,1550,2025-01-16T06:46:17
USR-0544,CNT-0064,click,377,2025-01-16T06:49:19
USR-0174,CNT-0343,click,0,2025-01-16T06:52:22
USR-0302,CNT-0480,click,717,2025-01-16T07:09:56
USR-0304,CNT-0438,view,417,2025-01-16T07:10:04
USR-0731,CNT-0241,complete,2260,2025-01-16T07:25:22
USR-0568,CNT-0149,view,120,2025-01-16T07:27:41
USR-0810,CNT-0483,like,1975,2025-01-16T07:30:04
USR-0840,CNT-0042,skip,86,2025-01-16T07:37:26
USR-0122,CNT-0215,view,80,2025-01-16T07:41:21
USR-0094,CNT-0389,skip,29,2025-01-16T07:46:22
USR-0033,CNT-0422,view,235,2025-01-16T07:58:58
USR-0401,CNT-0236,view,20,2025-01-16T08:03:27
USR-0477,CNT-0262,complete,3486,2025-01-16T08:28:47
USR-0985,CNT-0051,click,16,2025-01-16T08:49:10
USR-0531,CNT-0349,complete,4136,2025-01-16T08:53:19
USR-1000,CNT-0195,view,10,2025-01-16T09:04:17
USR-0081,CNT-0100,click,267,2025-01-16T09:15:29
USR-0256,CNT-0325,view,945,2025-01-16T09:27:15
USR-0399,CNT-0344,view,661,2025-01-16T09:35:29
USR-0896,CNT-0164,view,3744,2025-01-16T09:49:56
USR-0855,CNT-0190,view,2163,2025-01-16T09:54:39
USR-0475,CNT-0250,view,130,2025-01-16T09:59:46
USR-0010,CNT-0092,complete,1884,2025-01-16T10:08:12
USR-0034,CNT-0151,complete,3449,2025-01-16T10:13:38
USR-0031,CNT-0062,skip,800,2025-01-16T10:14:10
USR-0253,CNT-0466,complete,304,2025-01-16T10:19:27
USR-0605,CNT-0217,like,561,2025-01-16T10:32:38
USR-0202,CNT-0411,click,557,2025-01-16T10:36:47
USR-0564,CNT-0040,view,1,2025-01-16T10:43:15
USR-0826,CNT-0471,view,1721,2025-01-16T10:54:04
USR-0007,CNT-0204,click,2085,2025-01-16T10:58:35
USR-0256,CNT-0197,like,1519,2025-01-16T11:05:19
USR-0911,CNT-0318,skip,192,2025-01-16T11:10:29
USR-0154,CNT-0261,click,409,2025-01-16T11:17:28
USR-0874,CNT-0123,view,530,2025-01-16T11:20:10
USR-0614,CNT-0171,like,762,2025-01-16T11:29:38
USR-0773,CNT-0376,view,13,2025-01-16T11:34:31
USR-0708,CNT-0371,view,126,2025-01-16T11:35:58
USR-0831,CNT-0242,like,495,2025-01-16T11:36:51
USR-0953,CNT-0001,click,290,2025-01-16T11:37:55
USR-0418,CNT-0254,click,1426,2025-01-16T11:42:07
USR-0871,CNT-0160,view,43,2025-01-16T11:55:51
USR-0052,CNT-0168,complete,312,2025-01-16T12:10:47
USR-0338,CNT-0408,skip,23,2025-01-16T12:21:16
USR-0614,CNT-0310,click,3046,2025-01-16T12:28:46
USR-0502,CNT-0187,skip,10,2025-01-16T12:32:25
USR-0827,CNT-0002,skip,10,2025-01-16T12:41:38
USR-0926,CNT-0090,click,428,2025-01-16T12:43:47
USR-0815,CNT-0272,view,364,2025-01-16T12:45:55
USR-0029,CNT-0238,view,523,2025-01-16T13:04:22
USR-0093,CNT-0273,click,125,2025-01-16T13:10:42
USR-0393,CNT-0475,view,45,2025-01-16T13:10:56
USR-0405,CNT-0188,view,1044,2025-01-16T13:11:56
USR-0521,CNT-0225,skip,286,2025-01-16T13:18:40
USR-0092,CNT-0048,complete,67,2025-01-16T13:22:30
USR-0771,CNT-0382,like,703,2025-01-16T13:24:15
USR-0004,CNT-0133,view,47,2025-01-16T13:26:19
USR-0137,CNT-0183,skip,64,2025-01-16T13:33:18
USR-0574,CNT-0125,complete,5118,2025-01-16T13:35:10
USR-0103,CNT-0372,click,506,2025-01-16T13:47:50
USR-0981,CNT-0233,view,272,2025-01-16T13:51:07
USR-0783,CNT-0357,skip,513,2025-01-16T13:53:16
USR-0058,CNT-0107,view,329,2025-01-16T13:54:27
USR-0443,CNT-0081,view,95,2025-01-16T14:15:32
USR-0932,CNT-0247,like,542,2025-01-16T14:21:41
USR-0510,CNT-0193,view,2445,2025-01-16T14:31:56
USR-0175,CNT-0181,view,1954,2025-01-16T14:40:46
USR-0635,CNT-0112,click,914,2025-01-16T14:42:35
USR-0743,CNT-0108,click,202,2025-01-16T14:55:26
USR-0465,CNT-0168,complete,294,2025-01-16T14:59:34
USR-0115,CNT-0109,complete,523,2025-01-16T15:00:21
USR-0641,CNT-0408,complete,169,2025-01-16T15:05:29
USR-0007,CNT-0021,complete,860,2025-01-16T15:08:27
USR-0445,CNT-0457,complete,368,2025-01-16T15:15:56
USR-0541,CNT-0056,view,30,2025-01-16T15:20:36
USR-0988,CNT-0253,skip,17,2025-01-16T15:35:43
USR-0630,CNT-0230,like,40,2025-01-16T15:41:34
USR-0293,CNT-0087,view,157,2025-01-16T15:45:02
USR-0461,CNT-0357,view,1488,2025-01-16T15:54:52
USR-0943,CNT-0039,view,730,2025-01-16T15:56:17
USR-0250,CNT-0269,view,303,2025-01-16T15:58:41
USR-0309,CNT-0084,view,33,2025-01-16T16:00:04
USR-0013,CNT-0094,view,290,2025-01-16T16:06:18
USR-0097,CNT-0223,view,1210,2025-01-16T16:15:29
USR-0435,CNT-0031,view,26,2025-01-16T16:27:59
USR-0311,CNT-0467,like,8,2025-01-16T16:29:23
USR-0537,CNT-0031,complete,1692,2025-01-16T16:33:00
USR-0965,CNT-0495,click,21,2025-01-16T16:50:26
USR-0541,CNT-0298,like,2528,2025-01-16T16:55:13
USR-0373,CNT-0167,view,242,2025-01-16T17:00:30
USR-0276,CNT-0047,click,449,2025-01-16T17:06:04
USR-0926,CNT-0341,skip,8,2025-01-16T17:24:29
USR-0920,CNT-0014,click,3299,2025-01-16T17:25:35
USR-0161,CNT-0238,skip,78,2025-01-16T17:26:14
USR-0625,CNT-0086,like,3794,2025-01-16T17:31:38
USR-0678,CNT-0328,view,23,2025-01-16T17:36:21
USR-0252,CNT-0220,skip,15,2025-01-16T17:41:23
USR-0175,CNT-0465,click,307,2025-01-16T17:46:35
USR-0855,CNT-0236,complete,29,2025-01-16T17:50:25
USR-0290,CNT-0275,complete,74,2025-01-16T18:02:05
USR-0727,CNT-0265,view,152,2025-01-16T18:03:03
USR-0118,CNT-0120,click,1556,2025-01-16T18:04:40
USR-0799,CNT-0118,click,2868,2025-01-16T18:07:25
USR-0781,CNT-0142,complete,4110,2025-01-16T18:09:22
USR-0756,CNT-0191,view,575,2025-01-16T18:31:28
USR-0136,CNT-0280,complete,99,2025-01-16T18:36:54
USR-0099,CNT-0499,view,244,2025-01-16T18:41:02
USR-0630,CNT-0219,complete,166,2025-01-16T18:47:21
USR-0090,CNT-0390,click,1551,2025-01-16T18:51:04
USR-0754,CNT-0011,like,952,2025-01-16T18:57:52
USR-0383,CNT-0153,like,1273,2025-01-16T19:15:21
USR-0821,CNT-0199,skip,0,2025-01-16T19:17:21
USR-0525,CNT-0363,view,2126,2025-01-16T19:27:41
USR-0754,CNT-0133,view,76,2025-01-16T19:36:24
USR-0346,CNT-0471,view,1761,2025-01-16T19:54:13
USR-0841,CNT-0097,view,2823,2025-01-16T19:54:46
USR-0345,CNT-0497,like,31,2025-01-16T19:59:32
USR-0422,CNT-0441,click,31,2025-01-16T20:26:43
USR-0520,CNT-0069,view,1768,2025-01-16T20:34:20
USR-0880,CNT-0285,view,707,2025-01-16T20:36:51
USR-0550,CNT-0406,complete,1041,2025-01-16T20:40:42
USR-0262,CNT-0496,view,16,2025-01-16T20:43:46
USR-0940,CNT-0384,view,1335,2025-01-16T20:45:53
USR-0743,CNT-0176,click,130,2025-01-16T20:46:14
USR-0281,CNT-0304,click,246,2025-01-16T20:48:35
USR-0200,CNT-0048,skip,11,2025-01-16T21:01:34
USR-0857,CNT-0222,view,4,2025-01-16T21:03:18
USR-0066,CNT-0369,view,3809,2025-01-16T21:10:01
USR-0904,CNT-0479,skip,180,2025-01-16T21:12:46
USR-0653,CNT-0211,view,91,2025-01-16T21:16:42
USR-0742,CNT-0033,view,82,2025-01-16T21:20:01
USR-0981,CNT-0304,view,701,2025-01-16T21:29:31
USR-0667,CNT-0347,view,956,2025-01-16T21:32:46
USR-0822,CNT-0434,complete,27,2025-01-16T21:35:55
USR-0887,CNT-0389,skip,4,2025-01-16T21:41:35
USR-0490,CNT-0423,like,1749,2025-01-16T21:47:15
USR-0442,CNT-0245,view,10,2025-01-16T21:53:06
USR-0491,CNT-0322,skip,75,2025-01-16T22:01:36
USR-0792,CNT-0089,complete,56,2025-01-16T22:31:07
USR-0240,CNT-0176,click,3371,2025-01-16T22:32:41
USR-0900,CNT-0333,like,146,2025-01-16T23:00:46
USR-0747,CNT-0340,click,621,2025-01-16T23:01:37
USR-0622,CNT-0057,click,866,2025-01-16T23:02:13
USR-0113,CNT-0009,like,92,2025-01-16T23:05:30
USR-0613,CNT-0465,click,92,2025-01-16T23:16:32
USR-0251,CNT-0133,view,82,2025-01-16T23:31:15
USR-0328,CNT-0102,like,1811,2025-01-16T23:31:24
USR-0464,CNT-0350,complete,345,2025-01-16T23:31:33
USR-0657,CNT-0421,click,2656,2025-01-16T23:33:25
USR-0111,CNT-0002,click,71,2025-01-16T23:36:29
USR-0249,CNT-0452,skip,14,2025-01-16T23:36:36
USR-0590,CNT-0003,complete,4140,2025-01-16T23:46:59
USR-0184,CNT-0136,complete,385,2025-01-16T23:55:59
USR-0312,CNT-0306,click,63,2025-01-16T23:59:26
USR-0949,CNT-0404,complete,713,2025-01-17T00:02:47
USR-0619,CNT-0329,view,2463,2025-01-17T00:11:00
USR-0835,CNT-0354,click,443,2025-01-17T00:22:58
USR-0018,CNT-0441,like,72,2025-01-17T00:23:22
USR-0580,CNT-0474,click,151,2025-01-17T00:24:59
USR-0093,CNT-0146,complete,506,2025-01-17T00:26:49
USR-0128,CNT-0141,complete,5256,2025-01-17T00:30:43
USR-0195,CNT-0081,like,130,2025-01-17T00:40:14
USR-0650,CNT-0040,skip,1,2025-01-17T00:44:29
USR-0598,CNT-0488,view,1811,2025-01-17T01:04:13
USR-0634,CNT-0497,skip,8,2025-01-17T01:10:35
USR-0633,CNT-0435,like,66,2025-01-17T01:15:54
USR-0759,CNT-0353,like,952,2025-01-17T01:26:38
USR-0844,CNT-0187,view,2,2025-01-17T01:39:40
USR-0293,CNT-0160,click,387,2025-01-17T01:40:25
USR-0759,CNT-0412,click,307,2025-01-17T01:41:07
USR-0063,CNT-0317,view,941,2025-01-17T01:55:55
USR-0364,CNT-0351,view,111,2025-01-17T01:56:59
USR-0106,CNT-0276,skip,19,2025-01-17T01:59:59
USR-0176,CNT-0423,complete,3273,2025-01-17T02:12:21
USR-0590,CNT-0452,view,55,2025-01-17T02:17:47
USR-0509,CNT-0481,view,1102,2025-01-17T02:22:16
USR-0319,CNT-0492,click,1587,2025-01-17T02:30:03
USR-0098,CNT-0202,like,234,2025-01-17T02:38:34
USR-0361,CNT-0179,view,32,2025-01-17T02:40:50
USR-0331,CNT-0318,view,665,2025-01-17T02:40:53
USR-0751,CNT-0280,like,51,2025-01-17T02:51:30
USR-0389,CNT-0401,view,15,2025-01-17T02:55:37
USR-0662,CNT-0038,view,291,2025-01-17T02:56:48
USR-0868,CNT-0425,click,604,2025-01-17T03:01:18
USR-0581,CNT-0056,click,9,2025-01-17T03:15:08
USR-0721,CNT-0390,like,790,2025-01-17T03:15:41
USR-0503,CNT-0232,click,37,2025-01-17T03:16:37
USR-0124,CNT-0481,view,3523,2025-01-17T03:22:40
USR-0681,CNT-0137,like,760,2025-01-17T03:38:29
USR-0063,CNT-0476,view,18,2025-01-17T03:52:34
USR-0082,CNT-0109,like,33,2025-01-17T03:53:54
USR-0753,CNT-0262,skip,808,2025-01-17T04:00:28
USR-0875,CNT-0164,skip,116,2025-01-17T04:07:03
USR-0262,CNT-0442,complete,319,2025-01-17T04:11:14
USR-0276,CNT-0400,click,0,2025-01-17T04:12:29
USR-0811,CNT-0188,click,474,2025-01-17T04:16:52
USR-0301,CNT-0497,click,36,2025-01-17T04:26:25
USR-0691,CNT-0232,view,74,2025-01-17T04:31:08
USR-0441,CNT-0182,view,130,2025-01-17T04:33:44
USR-0470,CNT-0338,click,26,2025-01-17T04:41:37
USR-0453,CNT-0111,complete,60,2025-01-17T04:48:58
USR-0199,CNT-0335,view,1156,2025-01-17T04:49:25
USR-0852,CNT-0113,skip,167,2025-01-17T05:20:55
USR-0727,CNT-0259,skip,52,2025-01-17T05:21:00
USR-0140,CNT-0327,view,318,2025-01-17T05:24:54
USR-0442,CNT-0345,skip,135,2025-01-17T05:27:41
USR-0268,CNT-0069,click,3715,2025-01-17T06:13:14
USR-0578,CNT-0172,view,55,2025-01-17T06:13:20
USR-0694,CNT-0040,complete,53,2025-01-17T06:19:15
USR-0788,CNT-0421,view,2171,2025-01-17T06:28:51
USR-0322,CNT-0277,click,23,2025-01-17T06:44:13
USR-0082,CNT-0476,click,48,2025-01-17T06:55:23
USR-0839,CNT-0180,skip,2,2025-01-17T06:56:20
USR-0959,CNT-0276,click,163,2025-01-17T06:58:23
USR-0238,CNT-0422,view,71,2025-01-17T07:21:12
USR-0824,CNT-0152,view,92,2025-01-17T07:29:54
USR-0068,CNT-0271,skip,574,2025-01-17T07:30:30
USR-0510,CNT-0417,view,478,2025-01-17T07:35:29
USR-0511,CNT-0419,complete,2216,2025-01-17T07:37:00
USR-0629,CNT-0166,view,163,2025-01-17T07:43:39
USR-0605,CNT-0132,click,154,2025-01-17T07:48:09
USR-0264,CNT-0052,complete,250,2025-01-17T07:49:54
USR-0143,CNT-0475,view,156,2025-01-17T07:58:16
USR-0609,CNT-0409,like,1095,2025-01-17T08:04:13
USR-0391,CNT-0394,view,69,2025-01-17T08:15:38
USR-0809,CNT-0330,complete,3884,2025-01-17T08:20:09
USR-0514,CNT-0319,view,2526,2025-01-17T08:24:14
USR-0376,CNT-0462,view,647,2025-01-17T08:43:49
USR-0702,CNT-0267,complete,1186,2025-01-17T08:44:40
USR-0159,CNT-0472,complete,159,2025-01-17T08:46:24
USR-0161,CNT-0452,view,60,2025-01-17T09:11:51
USR-0373,CNT-0312,view,15,2025-01-17T09:13:47
USR-0337,CNT-0045,complete,183,2025-01-17T09:14:58
USR-0940,CNT-0117,like,195,2025-01-17T09:22:50
USR-0829,CNT-0367,view,216,2025-01-17T09:25:15
USR-0169,CNT-0300,complete,144,2025-01-17T09:26:32
USR-0873,CNT-0185,skip,169,2025-01-17T09:40:18
USR-0088,CNT-0484,complete,150,2025-01-17T09:49:02
USR-0978,CNT-0211,complete,180,2025-01-17T09:55:29
USR-0618,CNT-0490,click,1711,2025-01-17T09:56:19
USR-0982,CNT-0432,skip,128,2025-01-17T09:57:36
USR-0787,CNT-0342,click,1085,2025-01-17T10:03:07
USR-0018,CNT-0242,skip,32,2025-01-17T10:39:35
USR-0172,CNT-0146,view,171,2025-01-17T10:40:23
USR-0732,CNT-0352,complete,4327,2025-01-17T10:44:39
USR-0244,CNT-0204,view,1282,2025-01-17T10:53:01
USR-0763,CNT-0395,view,46,2025-01-17T10:53:56
USR-0212,CNT-0013,complete,2071,2025-01-17T10:56:28
USR-0906,CNT-0351,complete,522,2025-01-17T11:06:04
USR-0242,CNT-0255,like,2124,2025-01-17T11:06:09
USR-0266,CNT-0230,complete,76,2025-01-17T11:08:02
USR-0048,CNT-0325,skip,240,2025-01-17T11:11:04
USR-0426,CNT-0433,skip,54,2025-01-17T11:14:02
USR-0025,CNT-0396,view,507,2025-01-17T11:19:13
USR-0892,CNT-0239,like,27,2025-01-17T11:39:14
USR-0417,CNT-0423,click,3259,2025-01-17T11:47:11
USR-0374,CNT-0248,click,68,2025-01-17T11:48:26
USR-0963,CNT-0150,view,113,2025-01-17T12:21:50
USR-0537,CNT-0273,view,67,2025-01-17T12:26:15
USR-0793,CNT-0014,skip,39,2025-01-17T12:29:49
USR-0331,CNT-0437,skip,463,2025-01-17T12:34:29
USR-0420,CNT-0340,view,294,2025-01-17T12:35:51
USR-0986,CNT-0285,view,227,2025-01-17T12:42:09
USR-0597,CNT-0453,like,261,2025-01-17T12:52:24
USR-0750,CNT-0480,complete,792,2025-01-17T13:03:05
USR-0192,CNT-0206,like,129,2025-01-17T13:12:07
USR-0822,CNT-0188,complete,926,2025-01-17T13:30:45
USR-0601,CNT-0070,complete,637,2025-01-17T13:31:42
USR-0679,CNT-0261,skip,187,2025-01-17T13:32:52
USR-0596,CNT-0273,view,124,2025-01-17T13:35:25
USR-0858,CNT-0488,view,3605,2025-01-17T13:35:42
USR-0627,CNT-0052,complete,219,2025-01-17T13:37:01
USR-0641,CNT-0424,view,315,2025-01-17T13:38:23
USR-0441,CNT-0093,skip,17,2025-01-17T13:40:25
USR-0672,CNT-0212,like,639,2025-01-17T13:49:05
USR-0306,CNT-0079,view,1279,2025-01-17T14:00:53
USR-0135,CNT-0438,click,148,2025-01-17T14:09:19
USR-0670,CNT-0053,click,97,2025-01-17T14:13:22
USR-0518,CNT-0184,click,56,2025-01-17T14:30:00
USR-0844,CNT-0432,view,842,2025-01-17T14:31:36
USR-0115,CNT-0325,like,1001,2025-01-17T14:36:41
USR-0226,CNT-0161,view,243,2025-01-17T14:42:47
USR-0160,CNT-0027,view,407,2025-01-17T15:07:39
USR-0471,CNT-0055,skip,26,2025-01-17T15:12:44
USR-0634,CNT-0211,click,16,2025-01-17T15:15:14
USR-0468,CNT-0112,skip,1353,2025-01-17T15:17:50
USR-0445,CNT-0225,view,3184,2025-01-17T15:18:05
USR-0515,CNT-0265,complete,302,2025-01-17T15:23:04
USR-0986,CNT-0206,complete,183,2025-01-17T15:26:45
USR-0737,CNT-0298,complete,5214,2025-01-17T15:36:06
USR-0822,CNT-0012,view,11,2025-01-17T15:41:36
USR-0199,CNT-0125,complete,4982,2025-01-17T15:54:09
USR-0406,CNT-0425,skip,51,2025-01-17T16:00:39
USR-0193,CNT-0193,view,1667,2025-01-17T16:05:55
USR-0494,CNT-0263,complete,195,2025-01-17T16:09:39
USR-0015,CNT-0254,skip,288,2025-01-17T16:15:40
USR-0283,CNT-0059,complete,651,2025-01-17T16:24:20
USR-0111,CNT-0493,skip,24,2025-01-17T16:25:23
USR-0653,CNT-0453,skip,87,2025-01-17T16:29:29
USR-0927,CNT-0140,skip,944,2025-01-17T16:36:34
USR-0066,CNT-0415,view,2867,2025-01-17T17:04:42
USR-0424,CNT-0065,like,6,2025-01-17T17:10:02
USR-0348,CNT-0122,view,130,2025-01-17T17:20:13
USR-0680,CNT-0233,click,405,2025-01-17T17:45:46
USR-0011,CNT-0387,like,86,2025-01-17T18:05:00
USR-0757,CNT-0412,view,1711,2025-01-17T18:13:53
USR-0739,CNT-0033,view,27,2025-01-17T18:17:18
USR-0114,CNT-0460,view,5305,2025-01-17T18:26:08
USR-0585,CNT-0368,skip,28,2025-01-17T18:38:01
USR-0007,CNT-0282,view,1171,2025-01-17T18:53:29
USR-0118,CNT-0358,click,448,2025-01-17T18:55:29
USR-0339,CNT-0463,view,848,2025-01-17T18:56:04
USR-0531,CNT-0405,complete,28,2025-01-17T18:59:29
USR-0472,CNT-0179,skip,5,2025-01-17T18:59:47
USR-0159,CNT-0211,view,1,2025-01-17T19:06:14
USR-0949,CNT-0230,like,42,2025-01-17T19:06:23
USR-0888,CNT-0173,click,438,2025-01-17T19:15:26
USR-0989,CNT-0331,view,711,2025-01-17T19:25:46
USR-0995,CNT-0319,like,1559,2025-01-17T19:30:45
USR-0792,CNT-0119,complete,2517,2025-01-17T19:33:28
USR-0546,CNT-0380,skip,43,2025-01-17T19:35:13
USR-0081,CNT-0043,click,1676,2025-01-17T19:36:43
USR-0824,CNT-0142,click,40,2025-01-17T19:43:52
USR-0025,CNT-0126,view,34,2025-01-17T19:46:57
USR-0417,CNT-0341,view,26,2025-01-17T19:47:24
USR-0811,CNT-0350,view,219,2025-01-17T19:47:32
USR-0863,CNT-0256,click,118,2025-01-17T19:49:11
USR-0933,CNT-0250,view,76,2025-01-17T19:49:42
USR-0054,CNT-0418,skip,104,2025-01-17T20:01:31
USR-0108,CNT-0314,skip,421,2025-01-17T20:03:22
USR-0522,CNT-0121,skip,35,2025-01-17T20:05:27
USR-0378,CNT-0238,view,435,2025-01-17T20:14:51
USR-0964,CNT-0151,complete,3116,2025-01-17T20:15:41
USR-0431,CNT-0380,like,188,2025-01-17T20:19:51
USR-0602,CNT-0046,click,76,2025-01-17T20:35:47
USR-0132,CNT-0467,view,1491,2025-01-17T20:47:26
USR-0744,CNT-0123,skip,10,2025-01-17T20:48:24
USR-0573,CNT-0143,skip,590,2025-01-17T20:49:14
USR-0033,CNT-0168,click,238,2025-01-17T20:52:20
USR-0300,CNT-0369,skip,187,2025-01-17T21:06:18
USR-0169,CNT-0247,complete,817,2025-01-17T21:07:03
USR-0467,CNT-0202,view,1871,2025-01-17T21:25:56
USR-0246,CNT-0191,view,825,2025-01-17T21:29:22
USR-0057,CNT-0374,like,550,2025-01-17T21:30:04
USR-0875,CNT-0180,view,9,2025-01-17T21:38:06
USR-0867,CNT-0486,complete,441,2025-01-17T21:43:20
USR-0191,CNT-0002,complete,105,2025-01-17T21:47:51
USR-0827,CNT-0145,complete,981,2025-01-17T21:58:42
USR-0198,CNT-0495,click,149,2025-01-17T22:16:54
USR-0209,CNT-0101,complete,304,2025-01-17T22:22:25
USR-0553,CNT-0359,view,651,2025-01-17T22:36:41
USR-0343,CNT-0266,click,1861,2025-01-17T22:40:09
USR-0487,CNT-0010,view,3095,2025-01-17T22:45:04
USR-0401,CNT-0429,skip,447,2025-01-17T22:55:42
USR-0633,CNT-0230,view,22,2025-01-17T22:56:05
USR-0133,CNT-0359,view,293,2025-01-17T22:57:36
USR-0304,CNT-0015,click,24,2025-01-17T23:20:27
USR-0007,CNT-0222,complete,57,2025-01-17T23:31:48
USR-0770,CNT-0480,view,546,2025-01-17T23:34:07
USR-0554,CNT-0384,click,2069,2025-01-17T23:50:54
USR-0853,CNT-0312,like,103,2025-01-18T00:01:01
USR-0318,CNT-0283,skip,24,2025-01-18T00:04:03
USR-0392,CNT-0174,view,9,2025-01-18T00:04:15
USR-0521,CNT-0144,like,27,2025-01-18T00:16:00
USR-0123,CNT-0229,like,411,2025-01-18T00:18:57
USR-0750,CNT-0021,skip,63,2025-01-18T00:19:26
USR-0086,CNT-0196,complete,222,2025-01-18T00:21:20
USR-0282,CNT-0017,skip,305,2025-01-18T00:22:55
USR-0376,CNT-0023,like,773,2025-01-18T00:23:27
USR-0751,CNT-0441,view,4,2025-01-18T00:26:47
USR-0747,CNT-0112,view,1442,2025-01-18T00:48:27
USR-0436,CNT-0217,click,44,2025-01-18T01:01:24
USR-0832,CNT-0288,view,1169,2025-01-18T01:05:52
USR-0881,CNT-0491,complete,2902,2025-01-18T01:10:04
USR-0290,CNT-0349,complete,4380,2025-01-18T01:26:23
USR-0601,CNT-0424,complete,469,2025-01-18T01:27:54
USR-0446,CNT-0387,click,147,2025-01-18T01:28:32
USR-0046,CNT-0390,view,942,2025-01-18T01:28:42
USR-0240,CNT-0320,view,111,2025-01-18T01:39:06
USR-0760,CNT-0268,click,1952,2025-01-18T01:43:43
USR-0045,CNT-0189,view,58,2025-01-18T01:52:14
USR-0690,CNT-0057,view,1109,2025-01-18T01:53:36
USR-0892,CNT-0423,complete,3292,2025-01-18T02:06:56
USR-0638,CNT-0172,skip,25,2025-01-18T02:08:01
USR-0267,CNT-0332,view,581,2025-01-18T02:11:37
USR-0868,CNT-0264,view,44,2025-01-18T02:17:24
USR-0220,CNT-0110,like,832,2025-01-18T02:21:33
USR-0534,CNT-0061,skip,72,2025-01-18T02:25:45
USR-0030,CNT-0291,view,78,2025-01-18T02:31:37
USR-0137,CNT-0246,click,495,2025-01-18T02:32:18
USR-0836,CNT-0488,view,3671,2025-01-18T02:37:05
USR-0255,CNT-0030,complete,891,2025-01-18T02:43:03
USR-0563,CNT-0120,like,709,2025-01-18T02:46:18
USR-0268,CNT-0161,skip,103,2025-01-18T03:08:14
USR-0032,CNT-0323,complete,4730,2025-01-18T03:17:50
USR-0773,CNT-0199,view,80,2025-01-18T03:20:56
USR-0832,CNT-0451,view,667,2025-01-18T03:29:54
USR-0806,CNT-0035,click,83,2025-01-18T03:30:42
USR-0471,CNT-0372,view,207,2025-01-18T03:33:01
USR-0019,CNT-0041,like,65,2025-01-18T03:34:14
USR-0869,CNT-0217,complete,540,2025-01-18T03:35:13
USR-0500,CNT-0339,view,414,2025-01-18T03:35:24
USR-0951,CNT-0231,view,1649,2025-01-18T03:36:46
USR-0361,CNT-0001,complete,253,2025-01-18T03:41:21
USR-0394,CNT-0419,skip,398,2025-01-18T03:42:29
USR-0877,CNT-0080,complete,61,2025-01-18T03:55:39
USR-0075,CNT-0498,click,526,2025-01-18T03:57:07
USR-0561,CNT-0414,view,69,2025-01-18T04:02:37
USR-0109,CNT-0155,view,123,2025-01-18T04:08:57
USR-0712,CNT-0297,complete,1705,2025-01-18T04:10:10
USR-0020,CNT-0298,view,5924,2025-01-18T04:25:42
USR-0635,CNT-0358,like,61,2025-01-18T04:32:25
USR-0201,CNT-0121,like,87,2025-01-18T04:33:45
USR-0927,CNT-0121,skip,21,2025-01-18T04:34:28
USR-0756,CNT-0160,click,396,2025-01-18T04:52:50
USR-0934,CNT-0312,complete,308,2025-01-18T04:56:14
USR-0241,CNT-0461,click,1345,2025-01-18T04:59:29
USR-0959,CNT-0344,view,934,2025-01-18T05:26:36
USR-0619,CNT-0297,click,254,2025-01-18T05:28:26
USR-0887,CNT-0455,click,23,2025-01-18T05:30:09
USR-0182,CNT-0429,skip,790,2025-01-18T05:35:10
USR-0355,CNT-0440,view,3123,2025-01-18T05:36:32
USR-0430,CNT-0027,complete,1652,2025-01-18T05:39:56
USR-0848,CNT-0069,skip,962,2025-01-18T05:53:49
USR-0746,CNT-0064,complete,3911,2025-01-18T05:58:01
USR-0153,CNT-0151,click,2758,2025-01-18T06:00:43
USR-0485,CNT-0271,like,1348,2025-01-18T06:01:20
USR-0714,CNT-0279,click,1698,2025-01-18T06:05:00
USR-0117,CNT-0228,skip,157,2025-01-18T06:08:58
USR-0360,CNT-0264,complete,1274,2025-01-18T06:11:52
USR-0202,CNT-0376,view,33,2025-01-18T06:14:05
USR-0566,CNT-0328,view,74,2025-01-18T06:14:29
USR-0888,CNT-0158,skip,18,2025-01-18T06:14:45
USR-0302,CNT-0385,like,3704,2025-01-18T06:16:46
USR-0837,CNT-0225,view,1369,2025-01-18T06:30:21
USR-0658,CNT-0277,skip,17,2025-01-18T06:33:21
USR-0341,CNT-0499,view,135,2025-01-18T06:36:20
USR-0607,CNT-0155,view,249,2025-01-18T06:37:16
USR-0698,CNT-0008,view,879,2025-01-18T06:38:59
USR-0870,CNT-0418,complete,1841,2025-01-18T06:58:54
USR-0193,CNT-0181,skip,90,2025-01-18T07:02:59
USR-0118,CNT-0335,skip,957,2025-01-18T07:11:04
USR-0019,CNT-0497,view,19,2025-01-18T07:15:42
USR-0006,CNT-0022,view,299,2025-01-18T07:23:03
USR-0899,CNT-0408,skip,18,2025-01-18T07:29:24
USR-0849,CNT-0312,complete,300,2025-01-18T07:32:59
USR-0469,CNT-0220,click,13,2025-01-18T07:40:40
USR-0138,CNT-0471,skip,102,2025-01-18T07:41:17
USR-0522,CNT-0413,click,593,2025-01-18T07:46:54
USR-0010,CNT-0186,skip,302,2025-01-18T07:48:49
USR-0178,CNT-0363,complete,4019,2025-01-18T07:50:36
USR-0033,CNT-0215,like,170,2025-01-18T07:52:30
USR-0049,CNT-0294,click,2,2025-01-18T07:53:49
USR-0799,CNT-0332,click,932,2025-01-18T07:56:01
USR-0896,CNT-0308,like,859,2025-01-18T07:58:48
USR-0987,CNT-0498,click,575,2025-01-18T08:08:50
USR-0842,CNT-0428,complete,286,2025-01-18T08:16:03
USR-0097,CNT-0318,skip,64,2025-01-18T08:19:11
USR-0908,CNT-0306,view,3,2025-01-18T08:33:52
USR-0390,CNT-0155,like,338,2025-01-18T08:43:19
USR-0215,CNT-0282,complete,987,2025-01-18T08:47:21
USR-0139,CNT-0190,view,102,2025-01-18T08:49:02
USR-0559,CNT-0037,skip,317,2025-01-18T08:57:19
USR-0798,CNT-0388,skip,553,2025-01-18T09:01:53
USR-0692,CNT-0409,click,767,2025-01-18T09:04:02
USR-0971,CNT-0068,complete,1010,2025-01-18T09:05:03
USR-0929,CNT-0063,skip,8,2025-01-18T09:12:23
USR-0145,CNT-0366,click,74,2025-01-18T09:12:24
USR-0617,CNT-0456,view,557,2025-01-18T09:25:47
USR-0983,CNT-0280,click,38,2025-01-18T09:27:51
USR-0302,CNT-0190,skip,597,2025-01-18T09:32:52
USR-0733,CNT-0414,view,106,2025-01-18T09:37:34
USR-0484,CNT-0174,skip,2,2025-01-18T10:10:39
USR-0358,CNT-0321,view,3851,2025-01-18T10:21:32
USR-0699,CNT-0318,click,784,2025-01-18T10:22:37
USR-0308,CNT-0034,like,584,2025-01-18T10:30:18
USR-0784,CNT-0397,like,612,2025-01-18T10:34:20
USR-0571,CNT-0452,view,12,2025-01-18T10:47:18
USR-0397,CNT-0498,view,834,2025-01-18T10:58:08
USR-0319,CNT-0244,complete,730,2025-01-18T11:06:45
USR-0873,CNT-0420,complete,5208,2025-01-18T11:09:37
USR-0504,CNT-0113,click,1041,2025-01-18T11:11:35
USR-0961,CNT-0091,skip,9,2025-01-18T11:25:53
USR-0079,CNT-0196,view,151,2025-01-18T11:30:17
USR-0474,CNT-0364,complete,953,2025-01-18T11:51:19
USR-0342,CNT-0423,click,2880,2025-01-18T11:52:26
USR-0973,CNT-0034,complete,610,2025-01-18T12:05:12
USR-0498,CNT-0112,like,2558,2025-01-18T12:08:20
USR-0892,CNT-0107,view,626,2025-01-18T12:13:43
USR-0894,CNT-0328,click,1,2025-01-18T12:16:13
USR-0082,CNT-0065,like,27,2025-01-18T12:22:41
USR-0682,CNT-0295,view,13,2025-01-18T12:25:34
USR-0776,CNT-0047,view,140,2025-01-18T12:25:36
USR-0487,CNT-0110,complete,756,2025-01-18T12:27:46
USR-0976,CNT-0366,like,59,2025-01-18T12:30:12
USR-0934,CNT-0042,click,199,2025-01-18T12:34:22
USR-0105,CNT-0139,view,223,2025-01-18T12:43:36
USR-0632,CNT-0281,skip,846,2025-01-18T12:46:12
USR-0421,CNT-0170,view,91,2025-01-18T12:54:56
USR-0116,CNT-0175,view,3740,2025-01-18T13:04:40
USR-0747,CNT-0016,click,593,2025-01-18T13:13:07
USR-0535,CNT-0308,complete,1424,2025-01-18T13:23:19
USR-0715,CNT-0314,click,879,2025-01-18T13:24:27
USR-0501,CNT-0052,complete,246,2025-01-18T13:30:33
USR-0353,CNT-0426,view,25,2025-01-18T13:36:12
USR-0923,CNT-0258,click,2677,2025-01-18T13:45:17
USR-0941,CNT-0205,complete,1738,2025-01-18T13:58:16
USR-0409,CNT-0317,like,173,2025-01-18T14:14:00
USR-0118,CNT-0303,view,0,2025-01-18T14:30:07
USR-0107,CNT-0081,view,64,2025-01-18T14:35:56
USR-0010,CNT-0476,skip,8,2025-01-18T14:38:23
USR-0086,CNT-0207,like,5570,2025-01-18T14:48:34
USR-0213,CNT-0104,skip,2,2025-01-18T14:49:38
USR-0320,CNT-0135,like,878,2025-01-18T15:05:15
USR-0284,CNT-0086,view,4392,2025-01-18T15:05:37
USR-0316,CNT-0238,view,81,2025-01-18T15:07:08
USR-0796,CNT-0353,complete,5562,2025-01-18T15:08:29
USR-0693,CNT-0242,click,297,2025-01-18T15:11:02
USR-0118,CNT-0186,view,1249,2025-01-18T15:13:31
USR-0954,CNT-0234,skip,815,2025-01-18T15:27:01
USR-0366,CNT-0357,skip,304,2025-01-18T15:28:31
USR-0868,CNT-0058,view,89,2025-01-18T15:29:46
USR-0725,CNT-0027,view,1175,2025-01-18T15:34:24
USR-0767,CNT-0123,view,465,2025-01-18T15:35:47
USR-0455,CNT-0105,view,12,2025-01-18T15:36:32
USR-0445,CNT-0183,like,4894,2025-01-18T16:04:55
USR-0900,CNT-0231,complete,3087,2025-01-18T16:13:59
USR-0982,CNT-0444,like,137,2025-01-18T16:14:04
USR-0968,CNT-0071,view,7,2025-01-18T16:24:43
USR-0599,CNT-0348,view,5,2025-01-18T16:25:59
USR-0182,CNT-0500,complete,4779,2025-01-18T16:39:07
USR-0564,CNT-0409,like,3690,2025-01-18T16:43:46
USR-0697,CNT-0481,complete,4122,2025-01-18T16:52:03
USR-0252,CNT-0193,like,2400,2025-01-18T16:53:27
USR-0410,CNT-0262,skip,633,2025-01-18T16:53:37
USR-0727,CNT-0108,complete,260,2025-01-18T17:12:30
USR-0410,CNT-0120,click,967,2025-01-18T17:13:35
USR-0536,CNT-0082,like,73,2025-01-18T17:13:41
USR-0424,CNT-0071,view,26,2025-01-18T17:14:04
USR-0826,CNT-0005,skip,19,2025-01-18T17:24:18
USR-0999,CNT-0124,view,63,2025-01-18T17:31:58
USR-0868,CNT-0114,like,169,2025-01-18T17:44:41
USR-0498,CNT-0259,complete,869,2025-01-18T17:52:50
USR-0716,CNT-0110,view,311,2025-01-18T17:54:16
USR-0903,CNT-0447,skip,1005,2025-01-18T18:07:20
USR-0915,CNT-0486,like,323,2025-01-18T18:09:10
USR-0437,CNT-0237,view,115,2025-01-18T18:15:48
USR-0729,CNT-0151,view,2659,2025-01-18T18:26:33
USR-0718,CNT-0393,complete,546,2025-01-18T18:30:20
USR-0909,CNT-0180,skip,15,2025-01-18T18:36:15
USR-0882,CNT-0032,view,386,2025-01-18T18:36:18
USR-0256,CNT-0322,click,468,2025-01-18T18:39:52
USR-0838,CNT-0021,view,667,2025-01-18T18:54:09
USR-0153,CNT-0143,view,149,2025-01-18T19:02:18
USR-0694,CNT-0224,view,1030,2025-01-18T19:10:35
USR-0971,CNT-0385,skip,147,2025-01-18T19:23:07
USR-0656,CNT-0351,view,409,2025-01-18T19:27:47
USR-0563,CNT-0091,skip,4,2025-01-18T19:39:13
USR-0204,CNT-0104,click,1879,2025-01-18T19:40:43
USR-0455,CNT-0440,view,757,2025-01-18T19:52:42
USR-0147,CNT-0155,view,394,2025-01-18T19:53:48
USR-0309,CNT-0138,skip,33,2025-01-18T19:58:31
USR-0979,CNT-0100,skip,104,2025-01-18T20:01:05
USR-0650,CNT-0283,click,98,2025-01-18T20:05:27
USR-0216,CNT-0117,view,1112,2025-01-18T20:09:17
USR-0003,CNT-0239,view,229,2025-01-18T20:14:55
USR-0619,CNT-0032,view,11,2025-01-18T20:18:05
USR-0925,CNT-0476,click,55,2025-01-18T20:23:15
USR-0323,CNT-0480,skip,179,2025-01-18T20:39:44
USR-0430,CNT-0274,like,2125,2025-01-18T20:56:00
USR-0370,CNT-0459,click,219,2025-01-18T21:04:38
USR-0625,CNT-0086,skip,829,2025-01-18T21:11:22
USR-0328,CNT-0114,complete,702,2025-01-18T21:11:31
USR-0490,CNT-0076,complete,628,2025-01-18T21:18:10
USR-0823,CNT-0479,complete,968,2025-01-18T21:21:50
USR-0736,CNT-0248,view,66,2025-01-18T21:28:36
USR-0401,CNT-0095,view,679,2025-01-18T21:31:18
USR-0030,CNT-0386,view,178,2025-01-18T21:44:02
USR-0392,CNT-0377,click,6,2025-01-18T21:48:17
USR-0824,CNT-0225,view,5751,2025-01-18T21:53:22
USR-0552,CNT-0040,view,3,2025-01-18T21:54:26
USR-0474,CNT-0084,complete,140,2025-01-18T21:59:04
USR-0098,CNT-0010,complete,5534,2025-01-18T22:06:52
USR-0909,CNT-0318,view,256,2025-01-18T22:12:41
USR-0299,CNT-0444,like,122,2025-01-18T22:23:19
USR-0610,CNT-0377,skip,4,2025-01-18T22:30:14
USR-0018,CNT-0398,skip,33,2025-01-18T22:32:13
USR-0974,CNT-0203,view,19,2025-01-18T22:32:57
USR-0829,CNT-0030,skip,62,2025-01-18T22:40:45
USR-0756,CNT-0416,view,19,2025-01-18T22:42:56
USR-0129,CNT-0044,view,275,2025-01-18T22:49:28
USR-0414,CNT-0009,view,444,2025-01-18T23:07:35
USR-0924,CNT-0265,click,235,2025-01-18T23:08:47
USR-0341,CNT-0228,view,915,2025-01-18T23:12:11
USR-0352,CNT-0116,skip,11,2025-01-18T23:22:54
USR-0996,CNT-0470,skip,222,2025-01-18T23:30:36
USR-0069,CNT-0228,skip,162,2025-01-18T23:35:06
USR-0152,CNT-0260,complete,682,2025-01-18T23:36:52
USR-0849,CNT-0465,like,441,2025-01-18T23:38:58
USR-0997,CNT-0426,view,1269,2025-01-18T23:44:05
USR-0861,CNT-0009,complete,4635,2025-01-19T00:00:41
USR-0412,CNT-0474,click,445,2025-01-19T00:15:05
USR-0009,CNT-0288,view,189,2025-01-19T00:27:56
USR-0877,CNT-0002,like,72,2025-01-19T00:29:57
USR-0972,CNT-0052,click,108,2025-01-19T00:34:04
USR-0716,CNT-0020,view,29,2025-01-19T00:43:29
USR-0958,CNT-0205,skip,398,2025-01-19T00:44:37
USR-0584,CNT-0231,like,3310,2025-01-19T00:51:42
USR-0861,CNT-0406,complete,1073,2025-01-19T00:58:43
USR-0341,CNT-0416,skip,17,2025-01-19T01:01:08
USR-0585,CNT-0195,complete,996,2025-01-19T01:11:19
USR-0541,CNT-0228,view,923,2025-01-19T01:15:48
USR-0696,CNT-0374,view,187,2025-01-19T01:20:28
USR-0771,CNT-0206,view,220,2025-01-19T01:43:37
USR-0952,CNT-0255,click,838,2025-01-19T01:48:00
USR-0279,CNT-0321,skip,428,2025-01-19T01:50:41
USR-0714,CNT-0074,view,62,2025-01-19T01:52:42
USR-0818,CNT-0377,view,25,2025-01-19T01:55:51
USR-0289,CNT-0395,view,35,2025-01-19T02:00:42
USR-0625,CNT-0482,like,429,2025-01-19T02:00:51
USR-0673,CNT-0369,view,332,2025-01-19T02:01:24
USR-0253,CNT-0330,view,1777,2025-01-19T02:03:43
USR-0846,CNT-0329,click,94,2025-01-19T02:05:11
USR-0414,CNT-0381,complete,2783,2025-01-19T02:06:48
USR-0598,CNT-0041,click,448,2025-01-19T02:17:24
USR-0275,CNT-0444,view,142,2025-01-19T02:27:46
USR-0673,CNT-0375,view,371,2025-01-19T02:32:55
USR-0060,CNT-0479,click,250,2025-01-19T02:34:44
USR-0615,CNT-0366,complete,246,2025-01-19T02:35:10
USR-0888,CNT-0006,click,120,2025-01-19T02:41:25
USR-0134,CNT-0493,like,91,2025-01-19T02:42:18
USR-0208,CNT-0191,complete,697,2025-01-19T02:44:01
USR-0487,CNT-0354,complete,419,2025-01-19T02:45:49
USR-0415,CNT-0084,view,83,2025-01-19T02:48:49
USR-0674,CNT-0352,view,1607,2025-01-19T02:50:01
USR-0302,CNT-0296,click,290,2025-01-19T02:52:18
USR-0592,CNT-0324,complete,845,2025-01-19T02:58:05
USR-0071,CNT-0092,click,2066,2025-01-19T03:00:24
USR-0802,CNT-0281,view,1018,2025-01-19T03:05:13
USR-0011,CNT-0302,complete,86,2025-01-19T03:13:01
USR-0780,CNT-0211,like,130,2025-01-19T03:24:57
USR-0297,CNT-0005,view,1060,2025-01-19T03:29:54
USR-0482,CNT-0329,view,2154,2025-01-19T03:33:15
USR-0380,CNT-0350,like,232,2025-01-19T03:35:49
USR-0566,CNT-0364,view,733,2025-01-19T04:04:15
USR-0879,CNT-0341,view,48,2025-01-19T04:09:55
USR-0046,CNT-0002,view,6,2025-01-19T04:18:56
USR-0436,CNT-0041,complete,1415,2025-01-19T04:32:20
USR-0113,CNT-0305,view,477,2025-01-19T04:32:25
USR-0430,CNT-0301,view,198,2025-01-19T04:36:29
USR-0127,CNT-0061,click,176,2025-01-19T04:44:48
USR-0703,CNT-0144,click,242,2025-01-19T04:54:55
USR-0496,CNT-0458,complete,2558,2025-01-19T04:56:23
USR-0358,CNT-0026,skip,60,2025-01-19T04:58:58
USR-0713,CNT-0182,view,115,2025-01-19T05:05:37
USR-0327,CNT-0195,skip,100,2025-01-19T05:06:33
USR-0653,CNT-0222,click,62,2025-01-19T05:34:52
USR-0295,CNT-0069,complete,4084,2025-01-19T05:40:27
USR-0790,CNT-0446,skip,15,2025-01-19T05:59:10
USR-0307,CNT-0423,complete,2822,2025-01-19T06:01:10
USR-0403,CNT-0350,like,313,2025-01-19T06:01:14
USR-0701,CNT-0359,like,42,2025-01-19T06:15:20
USR-0508,CNT-0232,like,43,2025-01-19T06:22:11
USR-0950,CNT-0036,view,223,2025-01-19T06:24:23
USR-0944,CNT-0121,view,143,2025-01-19T06:26:16
USR-0660,CNT-0309,view,49,2025-01-19T06:30:27
USR-0628,CNT-0288,like,442,2025-01-19T06:33:13
USR-0907,CNT-0121,view,16,2025-01-19T06:38:19
USR-0300,CNT-0233,click,268,2025-01-19T06:53:44
USR-0641,CNT-0011,view,1120,2025-01-19T07:02:42
USR-0674,CNT-0358,click,137,2025-01-19T07:06:21
USR-0328,CNT-0416,skip,3,2025-01-19T07:18:27
USR-0166,CNT-0263,view,101,2025-01-19T07:21:29
USR-0808,CNT-0071,view,52,2025-01-19T07:23:02
USR-0612,CNT-0114,view,382,2025-01-19T07:24:08
USR-0634,CNT-0352,view,2043,2025-01-19T07:27:06
USR-0111,CNT-0352,view,1910,2025-01-19T07:29:49
USR-0328,CNT-0468,complete,1524,2025-01-19T07:37:33
USR-0996,CNT-0214,skip,219,2025-01-19T07:38:17
USR-0387,CNT-0206,view,193,2025-01-19T07:45:35
USR-0900,CNT-0277,like,21,2025-01-19T07:58:23
USR-0836,CNT-0259,view,278,2025-01-19T07:58:52
USR-0071,CNT-0267,click,1015,2025-01-19T08:03:54
USR-0533,CNT-0237,like,823,2025-01-19T08:05:29
USR-0761,CNT-0143,view,4474,2025-01-19T08:06:05
USR-0970,CNT-0178,skip,58,2025-01-19T08:11:36
USR-0833,CNT-0288,click,136,2025-01-19T08:14:03
USR-0233,CNT-0411,view,405,2025-01-19T08:24:37
USR-0139,CNT-0344,like,555,2025-01-19T08:27:42
USR-0339,CNT-0266,like,2489,2025-01-19T08:31:24
USR-0431,CNT-0239,like,298,2025-01-19T08:32:35
USR-0830,CNT-0361,click,3873,2025-01-19T08:43:13
USR-0972,CNT-0459,like,181,2025-01-19T08:44:13
USR-0515,CNT-0155,view,229,2025-01-19T08:53:25
USR-0643,CNT-0196,view,129,2025-01-19T09:02:26
USR-0493,CNT-0281,complete,4696,2025-01-19T09:09:04
USR-0221,CNT-0498,view,1386,2025-01-19T09:14:53
USR-0591,CNT-0364,complete,960,2025-01-19T09:19:27
USR-0930,CNT-0418,view,1001,2025-01-19T09:19:48
USR-0499,CNT-0049,like,376,2025-01-19T09:29:03
USR-0520,CNT-0363,view,2565,2025-01-19T09:29:20
USR-0817,CNT-0038,view,71,2025-01-19T09:31:24
USR-0039,CNT-0381,click,1813,2025-01-19T09:31:28
USR-0818,CNT-0229,like,45,2025-01-19T09:34:56
USR-0534,CNT-0426,skip,475,2025-01-19T09:40:08
USR-0110,CNT-0226,view,21,2025-01-19T09:44:06
USR-0348,CNT-0348,click,9,2025-01-19T09:50:10
USR-0309,CNT-0130,view,28,2025-01-19T09:51:15
USR-0913,CNT-0184,click,118,2025-01-19T09:52:22
USR-0303,CNT-0308,complete,1387,2025-01-19T10:00:58
USR-0139,CNT-0396,view,261,2025-01-19T10:01:57
USR-0791,CNT-0435,view,168,2025-01-19T10:11:21
USR-0160,CNT-0107,view,655,2025-01-19T10:17:22
USR-0944,CNT-0055,skip,4,2025-01-19T10:31:16
USR-0254,CNT-0032,view,356,2025-01-19T10:32:31
USR-0806,CNT-0060,skip,37,2025-01-19T10:39:10
USR-0260,CNT-0388,view,2168,2025-01-19T10:40:26
USR-0800,CNT-0380,view,322,2025-01-19T10:49:01
USR-0454,CNT-0248,view,84,2025-01-19T10:51:48
USR-0073,CNT-0161,complete,1277,2025-01-19T10:52:54
USR-0299,CNT-0177,complete,5085,2025-01-19T10:59:10
USR-0009,CNT-0277,complete,74,2025-01-19T11:08:01
USR-0047,CNT-0479,view,710,2025-01-19T11:10:37
USR-0473,CNT-0232,skip,2,2025-01-19T11:13:38
USR-0795,CNT-0433,view,205,2025-01-19T11:15:41
USR-0761,CNT-0265,view,49,2025-01-19T11:34:34
USR-0104,CNT-0285,skip,102,2025-01-19T11:38:10
USR-0103,CNT-0465,skip,162,2025-01-19T11:39:39
USR-0816,CNT-0307,skip,98,2025-01-19T11:58:29
USR-0690,CNT-0235,view,208,2025-01-19T12:00:00
USR-0477,CNT-0060,like,208,2025-01-19T12:04:48
USR-0322,CNT-0230,skip,15,2025-01-19T12:06:36
USR-0202,CNT-0329,view,1124,2025-01-19T12:13:44
USR-0548,CNT-0116,click,19,2025-01-19T12:28:24
USR-0739,CNT-0374,view,274,2025-01-19T12:45:48
USR-0060,CNT-0304,complete,885,2025-01-19T12:49:32
USR-0164,CNT-0004,view,3316,2025-01-19T12:51:11
USR-0811,CNT-0274,complete,3954,2025-01-19T12:55:17
USR-0229,CNT-0323,view,1793,2025-01-19T13:03:05
USR-0499,CNT-0175,like,1439,2025-01-19T13:19:41
USR-0171,CNT-0289,view,13,2025-01-19T13:25:57
USR-0203,CNT-0474,complete,1042,2025-01-19T13:27:21
USR-0593,CNT-0287,like,83,2025-01-19T13:27:23
USR-0694,CNT-0287,like,0,2025-01-19T13:32:10
USR-0448,CNT-0161,complete,1424,2025-01-19T13:57:12
USR-0569,CNT-0070,like,402,2025-01-19T13:58:39
USR-0739,CNT-0044,view,249,2025-01-19T14:07:11
USR-0687,CNT-0334,click,77,2025-01-19T14:08:11
USR-0358,CNT-0048,complete,67,2025-01-19T14:12:25
USR-0761,CNT-0013,view,1465,2025-01-19T14:15:16
USR-0572,CNT-0499,view,55,2025-01-19T14:23:41
USR-0098,CNT-0009,view,4208,2025-01-19T14:34:28
USR-0290,CNT-0433,view,348,2025-01-19T14:34:30
USR-0136,CNT-0405,view,3,2025-01-19T14:35:44
USR-0111,CNT-0404,skip,122,2025-01-19T14:55:26
USR-0246,CNT-0276,click,78,2025-01-19T15:02:05
USR-0423,CNT-0395,like,18,2025-01-19T15:06:10
USR-0497,CNT-0065,view,151,2025-01-19T15:16:15
USR-0486,CNT-0232,click,90,2025-01-19T15:25:16
USR-0261,CNT-0150,view,1390,2025-01-19T15:25:56
USR-0140,CNT-0194,view,777,2025-01-19T15:30:21
USR-0055,CNT-0277,click,0,2025-01-19T15:31:24
USR-0805,CNT-0395,skip,16,2025-01-19T15:38:17
USR-0035,CNT-0382,click,545,2025-01-19T15:43:20
USR-0651,CNT-0431,click,458,2025-01-19T15:48:19
USR-0450,CNT-0203,like,36,2025-01-19T15:56:58
USR-0161,CNT-0279,skip,360,2025-01-19T15:57:55
USR-0459,CNT-0463,like,1475,2025-01-19T15:59:56
USR-0871,CNT-0389,skip,21,2025-01-19T16:05:59
USR-0597,CNT-0358,click,599,2025-01-19T16:08:02
USR-0544,CNT-0465,like,824,2025-01-19T16:16:27
USR-0599,CNT-0103,complete,1884,2025-01-19T16:23:27
USR-0268,CNT-0308,like,15,2025-01-19T16:28:06
USR-0427,CNT-0496,skip,16,2025-01-19T16:35:02
USR-0076,CNT-0196,complete,209,2025-01-19T16:37:08
USR-0086,CNT-0139,view,638,2025-01-19T16:42:33
USR-0903,CNT-0354,skip,70,2025-01-19T17:01:06
USR-0695,CNT-0225,like,6038,2025-01-19T17:10:19
USR-0224,CNT-0488,like,1076,2025-01-19T17:12:21
USR-0314,CNT-0192,skip,13,2025-01-19T17:39:46
USR-0936,CNT-0039,view,139,2025-01-19T17:40:36
USR-0027,CNT-0092,view,1973,2025-01-19T17:46:33
USR-0523,CNT-0488,like,3323,2025-01-19T17:46:57
USR-0346,CNT-0324,view,6,2025-01-19T17:48:39
USR-0358,CNT-0200,view,2018,2025-01-19T18:01:21
USR-0675,CNT-0360,complete,723,2025-01-19T18:20:40
USR-0526,CNT-0444,view,107,2025-01-19T18:22:39
USR-0913,CNT-0382,click,2489,2025-01-19T18:25:01
USR-0508,CNT-0184,like,40,2025-01-19T18:28:55
USR-0974,CNT-0056,click,70,2025-01-19T18:29:07
USR-0154,CNT-0353,skip,910,2025-01-19T18:33:45
USR-0931,CNT-0155,like,397,2025-01-19T18:41:37
USR-0529,CNT-0318,complete,798,2025-01-19T18:44:22
USR-0600,CNT-0136,view,231,2025-01-19T18:48:49
USR-0913,CNT-0280,view,51,2025-01-19T18:55:27
USR-0107,CNT-0056,click,58,2025-01-19T18:57:17
USR-0424,CNT-0255,click,1988,2025-01-19T18:57:44
USR-0585,CNT-0143,view,4170,2025-01-19T18:59:01
USR-0798,CNT-0184,view,270,2025-01-19T19:00:38
USR-0097,CNT-0463,click,748,2025-01-19T19:06:36
USR-0706,CNT-0131,like,817,2025-01-19T19:12:37
USR-0858,CNT-0329,click,2398,2025-01-19T19:18:14
USR-0825,CNT-0047,view,416,2025-01-19T19:20:27
USR-0489,CNT-0320,view,41,2025-01-19T19:39:32
USR-0932,CNT-0479,view,717,2025-01-19T19:42:20
USR-0834,CNT-0187,skip,27,2025-01-19T19:43:37
USR-0791,CNT-0373,complete,5403,2025-01-19T19:43:47
USR-0862,CNT-0116,view,21,2025-01-19T19:58:05
USR-0741,CNT-0468,click,427,2025-01-19T20:20:17
USR-0457,CNT-0157,view,486,2025-01-19T20:22:51
USR-0212,CNT-0246,like,190,2025-01-19T20:24:44
USR-0016,CNT-0087,view,300,2025-01-19T20:24:47
USR-0518,CNT-0231,skip,69,2025-01-19T20:26:00
USR-0860,CNT-0032,like,220,2025-01-19T20:31:52
USR-0156,CNT-0051,like,50,2025-01-19T20:42:52
USR-0098,CNT-0389,view,88,2025-01-19T20:44:05
USR-0210,CNT-0449,view,1454,2025-01-19T20:49:09
USR-0499,CNT-0197,view,1310,2025-01-19T21:15:42
USR-0166,CNT-0447,skip,577,2025-01-19T21:21:49
USR-0937,CNT-0159,like,692,2025-01-19T21:32:00
USR-0926,CNT-0210,view,1105,2025-01-19T21:35:00
USR-0749,CNT-0278,skip,10,2025-01-19T21:39:16
USR-0942,CNT-0008,skip,63,2025-01-19T21:43:35
USR-0195,CNT-0382,skip,98,2025-01-19T21:46:27
USR-0871,CNT-0322,complete,463,2025-01-19T21:47:32
USR-0803,CNT-0447,like,749,2025-01-19T21:48:53
USR-0741,CNT-0362,like,960,2025-01-19T21:51:00
USR-0956,CNT-0316,view,509,2025-01-19T22:09:23
USR-0185,CNT-0370,view,194,2025-01-19T22:11:38
USR-0732,CNT-0248,skip,23,2025-01-19T22:11:47
USR-0890,CNT-0258,click,889,2025-01-19T22:17:08
USR-0534,CNT-0099,click,42,2025-01-19T22:39:25
USR-0634,CNT-0470,view,1033,2025-01-19T22:47:04
USR-0434,CNT-0215,complete,339,2025-01-19T22:47:12
USR-0394,CNT-0194,like,451,2025-01-19T22:50:26
USR-0424,CNT-0083,view,377,2025-01-19T22:54:02
USR-0258,CNT-0451,complete,759,2025-01-19T22:55:24
USR-0237,CNT-0247,like,227,2025-01-19T22:55:55
USR-0400,CNT-0303,skip,88,2025-01-19T22:58:04
USR-0596,CNT-0450,like,1091,2025-01-19T23:09:08
USR-0881,CNT-0414,view,105,2025-01-19T23:18:06
USR-0114,CNT-0077,complete,3173,2025-01-19T23:19:08
USR-0364,CNT-0480,click,167,2025-01-19T23:20:06
USR-0575,CNT-0456,like,500,2025-01-19T23:26:10
USR-0365,CNT-0335,like,3137,2025-01-19T23:30:20
USR-0229,CNT-0380,click,58,2025-01-19T23:41:18
USR-0953,CNT-0403,skip,645,2025-01-19T23:42:18
USR-0743,CNT-0293,click,176,2025-01-19T23:47:03
USR-0624,CNT-0140,like,4026,2025-01-19T23:48:18
USR-0696,CNT-0314,like,1815,2025-01-19T23:56:14
USR-0605,CNT-0240,skip,6,2025-01-20T00:02:04
USR-0493,CNT-0030,view,480,2025-01-20T00:03:02
USR-0010,CNT-0310,view,2905,2025-01-20T00:07:38
USR-0213,CNT-0191,click,722,2025-01-20T00:07:55
USR-0796,CNT-0201,view,2105,2025-01-20T00:08:53
USR-0260,CNT-0314,complete,4403,2025-01-20T00:12:24
USR-0294,CNT-0335,like,1905,2025-01-20T00:22:31
USR-0121,CNT-0425,click,153,2025-01-20T00:31:57
USR-0345,CNT-0092,click,1188,2025-01-20T00:36:20
USR-0874,CNT-0480,view,58,2025-01-20T00:39:41
USR-0078,CNT-0182,click,87,2025-01-20T00:40:44
USR-0959,CNT-0388,view,4779,2025-01-20T00:40:47
USR-0917,CNT-0283,click,244,2025-01-20T00:41:12
USR-0824,CNT-0116,click,48,2025-01-20T00:51:37
USR-0094,CNT-0078,complete,383,2025-01-20T00:53:02
USR-0444,CNT-0288,view,1255,2025-01-20T01:02:59
USR-0954,CNT-0031,skip,415,2025-01-20T01:07:09
USR-0108,CNT-0293,like,308,2025-01-20T01:07:25
USR-0324,CNT-0121,view,5,2025-01-20T01:20:29
USR-0007,CNT-0475,view,36,2025-01-20T01:21:46
USR-0149,CNT-0336,complete,314,2025-01-20T01:21:48
USR-0362,CNT-0394,click,60,2025-01-20T01:24:37
USR-0089,CNT-0481,click,342,2025-01-20T01:27:22
USR-0028,CNT-0199,view,54,2025-01-20T01:29:29
USR-0355,CNT-0473,like,1087,2025-01-20T01:29:36
USR-0020,CNT-0389,skip,1,2025-01-20T01:31:51
USR-0550,CNT-0443,view,598,2025-01-20T01:42:19
USR-0197,CNT-0231,view,304,2025-01-20T01:43:03
USR-0025,CNT-0076,like,680,2025-01-20T01:55:04
USR-0010,CNT-0092,click,1601,2025-01-20T02:13:24
USR-0977,CNT-0049,view,375,2025-01-20T02:24:29
USR-0161,CNT-0151,like,543,2025-01-20T02:41:08
USR-0805,CNT-0476,view,55,2025-01-20T02:42:02
USR-0930,CNT-0361,complete,4632,2025-01-20T02:42:21
USR-0159,CNT-0088,complete,337,2025-01-20T02:44:26
USR-0889,CNT-0348,complete,37,2025-01-20T02:59:08
USR-0344,CNT-0446,click,810,2025-01-20T03:08:23
USR-0644,CNT-0290,complete,4713,2025-01-20T03:13:05
USR-0082,CNT-0330,complete,3570,2025-01-20T03:31:29
USR-0480,CNT-0483,view,1454,2025-01-20T03:33:19
USR-0573,CNT-0429,view,15,2025-01-20T03:44:37
USR-0547,CNT-0463,view,1489,2025-01-20T03:46:49
USR-0014,CNT-0089,skip,2,2025-01-20T03:53:59
USR-0168,CNT-0040,click,19,2025-01-20T04:06:47
USR-0972,CNT-0250,click,136,2025-01-20T04:09:18
USR-0088,CNT-0109,click,507,2025-01-20T04:10:52
USR-0076,CNT-0029,view,164,2025-01-20T04:14:12
USR-0835,CNT-0452,click,44,2025-01-20T04:15:23
USR-0219,CNT-0304,skip,76,2025-01-20T04:38:42
USR-0556,CNT-0045,like,10,2025-01-20T04:44:09
USR-0017,CNT-0221,view,172,2025-01-20T04:48:21
USR-0173,CNT-0326,view,1110,2025-01-20T04:49:09
USR-0322,CNT-0051,view,35,2025-01-20T04:51:44
USR-0520,CNT-0402,skip,203,2025-01-20T04:53:04
USR-0592,CNT-0301,skip,102,2025-01-20T04:57:12
USR-0359,CNT-0123,like,521,2025-01-20T05:02:17
USR-0582,CNT-0028,skip,177,2025-01-20T05:02:49
USR-0994,CNT-0367,complete,791,2025-01-20T05:04:43
USR-0213,CNT-0386,view,10,2025-01-20T05:06:03
USR-0031,CNT-0087,like,468,2025-01-20T05:27:22
USR-0449,CNT-0192,click,20,2025-01-20T05:27:25
USR-0121,CNT-0072,complete,152,2025-01-20T05:34:41
USR-0938,CNT-0225,like,6323,2025-01-20T06:00:42
USR-0354,CNT-0267,view,753,2025-01-20T06:06:05
USR-0661,CNT-0226,view,220,2025-01-20T06:07:18
USR-0521,CNT-0379,view,14,2025-01-20T06:10:09
USR-0180,CNT-0110,skip,161,2025-01-20T06:13:47
USR-0946,CNT-0012,view,194,2025-01-20T06:16:53
USR-0301,CNT-0046,skip,67,2025-01-20T06:19:35
USR-0710,CNT-0385,like,3194,2025-01-20T06:21:03
USR-0675,CNT-0368,skip,16,2025-01-20T06:33:15
USR-0853,CNT-0343,view,7,2025-01-20T06:40:06
USR-0851,CNT-0251,like,530,2025-01-20T06:43:03
USR-0900,CNT-0396,like,621,2025-01-20T06:48:55
USR-0200,CNT-0081,like,8,2025-01-20T06:57:04
USR-0326,CNT-0026,click,639,2025-01-20T07:23:28
USR-0329,CNT-0241,click,1364,2025-01-20T07:40:08
USR-0145,CNT-0433,complete,333,2025-01-20T07:40:22
USR-0193,CNT-0409,click,3566,2025-01-20T07:52:50
USR-0948,CNT-0462,view,1489,2025-01-20T07:54:17
USR-0802,CNT-0045,view,77,2025-01-20T07:56:27
USR-0790,CNT-0249,view,377,2025-01-20T07:58:01
USR-0340,CNT-0223,skip,78,2025-01-20T07:59:25
USR-0790,CNT-0484,view,8,2025-01-20T08:07:21
USR-0598,CNT-0409,like,1722,2025-01-20T08:08:46
USR-0570,CNT-0229,like,70,2025-01-20T08:18:13
USR-0608,CNT-0386,skip,57,2025-01-20T08:23:24
USR-0831,CNT-0098,complete,6555,2025-01-20T08:45:10
USR-0995,CNT-0437,view,1043,2025-01-20T08:54:59
USR-0370,CNT-0243,view,340,2025-01-20T09:04:39
USR-0720,CNT-0421,like,1088,2025-01-20T09:05:05
USR-0677,CNT-0041,view,715,2025-01-20T09:10:36
USR-0287,CNT-0144,view,649,2025-01-20T09:10:49
USR-0277,CNT-0252,click,2341,2025-01-20T09:13:37
USR-0332,CNT-0120,view,15,2025-01-20T09:19:54
USR-0871,CNT-0322,view,1,2025-01-20T09:21:55
USR-0255,CNT-0072,click,137,2025-01-20T09:29:43
USR-0016,CNT-0284,view,710,2025-01-20T09:45:58
USR-0324,CNT-0500,like,196,2025-01-20T09:48:27
USR-0143,CNT-0476,view,55,2025-01-20T09:55:15
USR-0906,CNT-0444,complete,142,2025-01-20T09:59:53
USR-0824,CNT-0143,like,2566,2025-01-20T10:12:47
USR-0732,CNT-0339,like,41,2025-01-20T10:19:25
USR-0831,CNT-0210,view,85,2025-01-20T10:35:02
USR-0024,CNT-0133,click,150,2025-01-20T10:46:01
USR-0406,CNT-0071,view,18,2025-01-20T10:58:51
USR-0268,CNT-0427,like,433,2025-01-20T11:03:16
USR-0443,CNT-0372,complete,653,2025-01-20T11:09:41
USR-0031,CNT-0049,complete,350,2025-01-20T11:12:28
USR-0777,CNT-0155,skip,41,2025-01-20T11:19:41
USR-0259,CNT-0225,view,3288,2025-01-20T11:26:55
USR-0530,CNT-0485,click,35,2025-01-20T11:27:40
USR-0931,CNT-0097,view,3706,2025-01-20T11:31:31
USR-0545,CNT-0189,click,918,2025-01-20T11:45:24
USR-0964,CNT-0023,click,846,2025-01-20T11:48:49
USR-0279,CNT-0440,view,3134,2025-01-20T11:48:55
USR-0657,CNT-0267,like,639,2025-01-20T11:49:50
USR-0418,CNT-0231,like,1976,2025-01-20T12:07:06
USR-0813,CNT-0365,click,500,2025-01-20T12:10:04
USR-0515,CNT-0230,skip,9,2025-01-20T12:11:04
USR-0017,CNT-0349,view,3251,2025-01-20T12:22:46
USR-0894,CNT-0373,skip,407,2025-01-20T12:27:41
USR-0749,CNT-0315,skip,1317,2025-01-20T12:42:35
USR-0684,CNT-0336,view,206,2025-01-20T12:56:18
USR-0735,CNT-0191,click,813,2025-01-20T12:58:51
USR-0483,CNT-0015,click,62,2025-01-20T13:09:09
USR-0879,CNT-0376,skip,1,2025-01-20T13:10:16
USR-0265,CNT-0227,skip,33,2025-01-20T13:19:02
USR-0455,CNT-0012,click,114,2025-01-20T13:36:13
USR-0525,CNT-0370,view,97,2025-01-20T13:41:46
USR-0570,CNT-0185,click,854,2025-01-20T13:43:45
USR-0996,CNT-0267,view,181,2025-01-20T13:46:43
USR-0521,CNT-0467,complete,1868,2025-01-20T13:56:51
USR-0731,CNT-0127,click,141,2025-01-20T14:00:27
USR-0840,CNT-0090,like,21,2025-01-20T14:00:42
USR-0346,CNT-0003,click,4104,2025-01-20T14:01:33
USR-0447,CNT-0281,like,568,2025-01-20T14:05:13
USR-0470,CNT-0332,complete,1290,2025-01-20T14:23:14
USR-0770,CNT-0268,click,3817,2025-01-20T14:32:06
USR-0731,CNT-0183,view,4438,2025-01-20T14:40:41
USR-0632,CNT-0412,complete,1828,2025-01-20T14:47:30
USR-0395,CNT-0024,view,64,2025-01-20T14:55:34
USR-0821,CNT-0248,click,8,2025-01-20T14:59:37
USR-0991,CNT-0324,view,799,2025-01-20T15:00:04
USR-0637,CNT-0234,view,3135,2025-01-20T15:02:29
USR-0903,CNT-0232,like,60,2025-01-20T15:07:27
USR-0887,CNT-0419,like,2230,2025-01-20T15:19:54
USR-0374,CNT-0281,view,2135,2025-01-20T15:24:33
USR-0730,CNT-0364,complete,954,2025-01-20T15:25:25
USR-0754,CNT-0392,skip,43,2025-01-20T15:26:36
USR-0050,CNT-0460,view,1583,2025-01-20T15:52:52
USR-0641,CNT-0128,click,160,2025-01-20T15:55:50
USR-0489,CNT-0385,like,3494,2025-01-20T15:56:45
USR-0385,CNT-0469,complete,697,2025-01-20T15:59:51
USR-0930,CNT-0053,view,65,2025-01-20T16:08:51
USR-0848,CNT-0076,skip,146,2025-01-20T16:09:59
USR-0525,CNT-0368,view,117,2025-01-20T16:14:51
USR-0279,CNT-0324,click,777,2025-01-20T16:31:20
USR-0901,CNT-0049,click,183,2025-01-20T16:37:32
USR-0021,CNT-0085,like,1693,2025-01-20T16:39:03
USR-0960,CNT-0264,view,80,2025-01-20T16:47:02
USR-0147,CNT-0264,view,1334,2025-01-20T16:50:01
USR-0461,CNT-0323,complete,5108,2025-01-20T16:56:42
USR-0868,CNT-0054,skip,64,2025-01-20T16:57:39
USR-0874,CNT-0042,complete,608,2025-01-20T17:02:26
USR-0964,CNT-0323,like,2529,2025-01-20T17:03:35
USR-0483,CNT-0015,skip,23,2025-01-20T17:04:53
USR-0973,CNT-0281,complete,4885,2025-01-20T17:07:21
USR-0794,CNT-0428,like,289,2025-01-20T17:22:21
USR-0774,CNT-0110,click,134,2025-01-20T17:26:00
USR-0724,CNT-0413,view,426,2025-01-20T17:29:40
USR-0633,CNT-0235,skip,168,2025-01-20T17:48:06
USR-0394,CNT-0098,view,558,2025-01-20T17:50:13
USR-0833,CNT-0073,complete,3719,2025-01-20T17:50:48
USR-0531,CNT-0416,view,52,2025-01-20T17:51:52
USR-0372,CNT-0406,view,627,2025-01-20T17:55:23
USR-0708,CNT-0486,like,49,2025-01-20T18:06:26
USR-0312,CNT-0266,skip,355,2025-01-20T18:10:06
USR-0435,CNT-0498,complete,1406,2025-01-20T18:16:34
USR-0367,CNT-0032,view,235,2025-01-20T18:21:44
USR-0153,CNT-0155,skip,15,2025-01-20T18:23:20
USR-0739,CNT-0263,click,11,2025-01-20T18:40:10
USR-0401,CNT-0149,skip,1,2025-01-20T18:41:07
USR-0063,CNT-0484,skip,33,2025-01-20T18:45:47
USR-0267,CNT-0417,view,330,2025-01-20T18:48:04
USR-0024,CNT-0172,skip,13,2025-01-20T18:53:29
USR-0317,CNT-0235,view,153,2025-01-20T18:56:31
USR-0911,CNT-0412,skip,296,2025-01-20T18:58:52
USR-0800,CNT-0432,view,1231,2025-01-20T18:58:53
USR-0567,CNT-0447,view,932,2025-01-20T19:13:46
USR-0737,CNT-0131,like,1219,2025-01-20T19:15:50
USR-0094,CNT-0014,view,3831,2025-01-20T19:24:36
USR-0520,CNT-0228,click,485,2025-01-20T19:27:07
USR-0823,CNT-0027,view,1536,2025-01-20T19:27:32
USR-0911,CNT-0152,view,108,2025-01-20T19:29:34
USR-0207,CNT-0116,view,29,2025-01-20T19:30:31
USR-0300,CNT-0352,click,3493,2025-01-20T19:34:18
USR-0759,CNT-0483,skip,258,2025-01-20T19:42:51
USR-0718,CNT-0408,view,66,2025-01-20T19:54:49
USR-0382,CNT-0380,complete,270,2025-01-20T20:05:17
USR-0396,CNT-0298,like,3502,2025-01-20T20:30:51
USR-0398,CNT-0185,view,641,2025-01-20T20:36:46
USR-0721,CNT-0218,view,60,2025-01-20T20:39:49
USR-0377,CNT-0085,skip,1153,2025-01-20T20:41:45
USR-0879,CNT-0035,complete,133,2025-01-20T20:51:18
USR-0195,CNT-0433,view,25,2025-01-20T20:51:31
USR-0363,CNT-0447,complete,3582,2025-01-20T20:52:27
USR-0957,CNT-0254,click,3625,2025-01-20T20:59:37
USR-0573,CNT-0331,like,3168,2025-01-20T21:00:53
USR-0265,CNT-0441,click,39,2025-01-20T21:23:46
USR-0101,CNT-0450,click,3849,2025-01-20T21:25:26
USR-0479,CNT-0260,view,10,2025-01-20T21:29:28
USR-0586,CNT-0097,like,1117,2025-01-20T21:34:41
USR-0391,CNT-0462,view,1823,2025-01-20T21:37:15
USR-0837,CNT-0265,skip,71,2025-01-20T21:38:14
USR-0738,CNT-0430,like,263,2025-01-20T21:43:08
USR-0526,CNT-0380,click,65,2025-01-20T21:45:12
USR-0782,CNT-0239,skip,42,2025-01-20T21:50:39
USR-0964,CNT-0234,click,1760,2025-01-20T21:56:05
USR-0863,CNT-0377,view,25,2025-01-20T21:57:07
USR-0630,CNT-0371,view,69,2025-01-20T21:59:04
USR-0935,CNT-0161,click,1223,2025-01-20T22:01:13
USR-0893,CNT-0042,complete,550,2025-01-20T22:07:14
USR-0540,CNT-0394,click,59,2025-01-20T22:12:35
USR-0364,CNT-0322,click,392,2025-01-20T22:58:08
USR-0846,CNT-0486,complete,431,2025-01-20T23:03:17
USR-0360,CNT-0165,click,1883,2025-01-20T23:08:10
USR-0299,CNT-0214,click,801,2025-01-20T23:13:35
USR-0066,CNT-0088,view,131,2025-01-20T23:15:01
USR-0742,CNT-0368,view,63,2025-01-20T23:23:40
USR-0804,CNT-0391,click,104,2025-01-20T23:48:04
USR-0830,CNT-0259,view,52,2025-01-20T23:52:07
USR-0986,CNT-0200,view,1716,2025-01-20T23:57:31
USR-0358,CNT-0233,view,1530,2025-01-21T00:08:07
USR-0623,CNT-0375,like,320,2025-01-21T00:16:47
USR-0637,CNT-0059,complete,682,2025-01-21T00:17:26
USR-0200,CNT-0003,skip,476,2025-01-21T00:18:10
USR-0549,CNT-0236,view,19,2025-01-21T00:19:07
USR-0711,CNT-0416,skip,4,2025-01-21T00:23:17
USR-0456,CNT-0180,click,85,2025-01-21T00:34:17
USR-0400,CNT-0301,complete,909,2025-01-21T00:44:51
USR-0166,CNT-0259,click,690,2025-01-21T00:52:37
USR-0685,CNT-0469,view,316,2025-01-21T01:00:54
USR-0538,CNT-0278,click,212,2025-01-21T01:17:55
USR-0016,CNT-0477,like,838,2025-01-21T01:21:36
USR-0755,CNT-0091,skip,4,2025-01-21T01:49:44
USR-0077,CNT-0405,complete,25,2025-01-21T02:12:20
USR-0456,CNT-0152,skip,24,2025-01-21T02:23:18
USR-0829,CNT-0484,view,145,2025-01-21T02:30:07
USR-0858,CNT-0335,view,3309,2025-01-21T02:39:00
USR-0186,CNT-0354,view,208,2025-01-21T02:39:45
USR-0425,CNT-0163,click,344,2025-01-21T02:45:22
USR-0964,CNT-0392,skip,155,2025-01-21T02:48:35
USR-0116,CNT-0298,complete,5852,2025-01-21T02:49:54
USR-0122,CNT-0403,click,317,2025-01-21T02:51:22
USR-0567,CNT-0402,skip,239,2025-01-21T02:51:51
USR-0173,CNT-0224,view,1286,2025-01-21T02:58:31
USR-0016,CNT-0165,view,3748,2025-01-21T03:12:42
USR-0216,CNT-0497,click,36,2025-01-21T03:23:11
USR-0046,CNT-0218,skip,121,2025-01-21T03:33:23
USR-0557,CNT-0354,click,335,2025-01-21T03:46:51
USR-0955,CNT-0355,like,1261,2025-01-21T04:03:43
USR-0413,CNT-0412,complete,1908,2025-01-21T04:07:19
USR-0753,CNT-0248,view,20,2025-01-21T04:16:18
USR-0691,CNT-0089,view,37,2025-01-21T04:26:11
USR-0318,CNT-0227,view,104,2025-01-21T04:28:14
USR-0371,CNT-0293,click,1064,2025-01-21T04:31:40
USR-0329,CNT-0488,like,1497,2025-01-21T04:34:24
USR-0558,CNT-0237,view,652,2025-01-21T04:41:11
USR-0366,CNT-0168,view,29,2025-01-21T04:44:19
USR-0666,CNT-0500,skip,768,2025-01-21T04:48:53
USR-0163,CNT-0383,view,269,2025-01-21T04:50:24
USR-0233,CNT-0497,view,45,2025-01-21T04:54:37
USR-0996,CNT-0032,view,247,2025-01-21T04:59:39
USR-0015,CNT-0175,view,3598,2025-01-21T04:59:42
USR-0069,CNT-0180,view,52,2025-01-21T05:04:09
USR-0884,CNT-0405,skip,2,2025-01-21T05:07:08
USR-0508,CNT-0420,click,4899,2025-01-21T05:07:36
USR-0463,CNT-0180,like,51,2025-01-21T05:09:28
USR-0942,CNT-0257,view,206,2025-01-21T05:11:19
USR-0881,CNT-0425,view,346,2025-01-21T05:14:52
USR-0739,CNT-0386,view,312,2025-01-21T05:17:29
USR-0260,CNT-0498,view,847,2025-01-21T05:35:43
USR-0410,CNT-0187,view,18,2025-01-21T05:39:16
USR-0814,CNT-0420,skip,948,2025-01-21T05:47:40
USR-0495,CNT-0338,complete,209,2025-01-21T06:20:34
USR-0077,CNT-0120,click,638,2025-01-21T06:26:02
USR-0631,CNT-0304,view,737,2025-01-21T06:27:46
USR-0020,CNT-0026,complete,631,2025-01-21T06:31:17
USR-0680,CNT-0497,complete,62,2025-01-21T06:31:38
USR-0913,CNT-0372,like,244,2025-01-21T06:35:14
USR-0138,CNT-0191,click,734,2025-01-21T06:51:13
USR-0374,CNT-0443,skip,908,2025-01-21T06:55:36
USR-0232,CNT-0043,click,6114,2025-01-21T06:55:47
USR-0841,CNT-0317,like,851,2025-01-21T06:56:53
USR-0062,CNT-0308,click,926,2025-01-21T06:57:18
USR-0241,CNT-0225,view,3071,2025-01-21T06:57:20
USR-0028,CNT-0276,like,111,2025-01-21T07:14:15
USR-0403,CNT-0202,complete,2321,2025-01-21T07:25:14
USR-0771,CNT-0455,view,1,2025-01-21T07:30:15
USR-0017,CNT-0359,view,27,2025-01-21T07:32:24
USR-0130,CNT-0422,complete,319,2025-01-21T07:33:31
USR-0755,CNT-0443,like,3878,2025-01-21T07:43:11
USR-0653,CNT-0064,like,1615,2025-01-21T07:50:32
USR-0470,CNT-0335,like,1315,2025-01-21T07:53:35
USR-0059,CNT-0332,view,809,2025-01-21T08:14:38
USR-0533,CNT-0255,click,2326,2025-01-21T08:24:09
USR-0927,CNT-0233,skip,171,2025-01-21T08:25:20
USR-0057,CNT-0480,complete,818,2025-01-21T08:29:04
USR-0143,CNT-0434,view,10,2025-01-21T08:33:36
USR-0584,CNT-0227,view,60,2025-01-21T08:38:53
USR-0643,CNT-0267,like,933,2025-01-21T08:43:23
USR-0069,CNT-0276,like,109,2025-01-21T08:43:39
USR-0899,CNT-0087,skip,3,2025-01-21T08:52:43
USR-0023,CNT-0423,skip,358,2025-01-21T08:58:49
USR-0700,CNT-0241,view,1354,2025-01-21T09:18:01
USR-0329,CNT-0047,view,166,2025-01-21T09:27:18
USR-0031,CNT-0221,complete,397,2025-01-21T09:32:44
USR-0520,CNT-0400,view,14,2025-01-21T09:37:23
USR-0252,CNT-0183,complete,5117,2025-01-21T09:39:18
USR-0101,CNT-0489,view,735,2025-01-21T09:41:58
USR-0242,CNT-0131,view,745,2025-01-21T09:46:06
USR-0284,CNT-0483,like,2669,2025-01-21T09:48:47
USR-0760,CNT-0196,like,74,2025-01-21T09:49:46
USR-0955,CNT-0274,view,1132,2025-01-21T09:52:05
USR-0815,CNT-0013,view,312,2025-01-21T10:01:30
USR-0228,CNT-0203,complete,32,2025-01-21T10:12:24
USR-0184,CNT-0259,complete,755,2025-01-21T10:13:17
USR-0644,CNT-0410,click,69,2025-01-21T10:30:33
USR-0165,CNT-0125,view,4413,2025-01-21T10:43:11
USR-0921,CNT-0376,view,47,2025-01-21T10:45:19
USR-0904,CNT-0397,like,811,2025-01-21T10:53:00
USR-0834,CNT-0469,skip,187,2025-01-21T10:55:17
USR-0812,CNT-0106,click,299,2025-01-21T11:00:06
USR-0798,CNT-0047,complete,706,2025-01-21T11:00:56
USR-0291,CNT-0075,click,100,2025-01-21T11:03:09
USR-0533,CNT-0371,complete,168,2025-01-21T11:03:55
USR-0816,CNT-0322,view,180,2025-01-21T11:12:30
USR-0298,CNT-0391,view,108,2025-01-21T11:14:38
USR-0789,CNT-0198,like,685,2025-01-21T11:19:54
USR-0828,CNT-0393,complete,636,2025-01-21T11:24:35
USR-0716,CNT-0236,click,15,2025-01-21T11:46:26
USR-0387,CNT-0094,complete,979,2025-01-21T11:48:49
USR-0350,CNT-0488,complete,3307,2025-01-21T11:49:29
USR-0281,CNT-0463,like,2088,2025-01-21T11:52:25
USR-0959,CNT-0124,click,267,2025-01-21T11:56:50
USR-0943,CNT-0343,skip,201,2025-01-21T12:03:06
USR-0824,CNT-0337,view,280,2025-01-21T12:11:11
USR-0304,CNT-0191,complete,762,2025-01-21T12:15:07
USR-0420,CNT-0130,view,10,2025-01-21T12:17:58
USR-0289,CNT-0332,view,270,2025-01-21T12:58:28
USR-0281,CNT-0184,complete,233,2025-01-21T13:00:02
USR-0592,CNT-0172,skip,21,2025-01-21T13:00:36
USR-0193,CNT-0151,complete,3619,2025-01-21T13:05:36
USR-0050,CNT-0047,view,249,2025-01-21T13:10:18
USR-0447,CNT-0327,skip,56,2025-01-21T13:19:52
USR-0957,CNT-0444,view,28,2025-01-21T13:21:39
USR-0122,CNT-0225,view,6736,2025-01-21T13:21:43
USR-0864,CNT-0452,view,20,2025-01-21T13:29:42
USR-0639,CNT-0405,skip,4,2025-01-21T13:30:59
USR-0728,CNT-0198,view,1584,2025-01-21T13:33:27
USR-0892,CNT-0118,like,2098,2025-01-21T13:38:29
USR-0473,CNT-0080,click,45,2025-01-21T13:40:45
USR-0535,CNT-0192,complete,58,2025-01-21T13:40:46
USR-0826,CNT-0009,view,3445,2025-01-21T13:41:43
USR-0422,CNT-0203,click,9,2025-01-21T13:43:47
USR-0261,CNT-0085,click,4767,2025-01-21T13:45:35
USR-0185,CNT-0325,view,287,2025-01-21T13:52:48
USR-0680,CNT-0372,click,630,2025-01-21T13:56:37
USR-0791,CNT-0192,view,44,2025-01-21T13:58:21
USR-0553,CNT-0211,view,33,2025-01-21T14:01:30
USR-0221,CNT-0023,skip,75,2025-01-21T14:13:16
USR-0254,CNT-0118,like,429,2025-01-21T14:19:59
USR-0783,CNT-0275,skip,7,2025-01-21T14:27:05
USR-0319,CNT-0246,click,672,2025-01-21T14:29:22
USR-0680,CNT-0110,click,143,2025-01-21T14:36:03
USR-0281,CNT-0075,click,233,2025-01-21T14:37:00
USR-0101,CNT-0422,like,170,2025-01-21T15:53:45
USR-0194,CNT-0118,view,153,2025-01-21T16:03:49
USR-0408,CNT-0496,view,123,2025-01-21T16:06:37
USR-0037,CNT-0450,complete,3248,2025-01-21T16:06:46
USR-0140,CNT-0367,like,708,2025-01-21T16:23:34
USR-0714,CNT-0359,complete,629,2025-01-21T16:26:51
USR-0190,CNT-0475,skip,28,2025-01-21T16:34:56
USR-0662,CNT-0475,view,96,2025-01-21T16:45:43
USR-0208,CNT-0379,skip,10,2025-01-21T16:49:57
USR-0749,CNT-0021,like,583,2025-01-21T16:55:38
USR-0955,CNT-0330,complete,3581,2025-01-21T16:58:19
USR-0895,CNT-0100,click,119,2025-01-21T17:07:37
USR-0350,CNT-0169,click,19,2025-01-21T17:09:57
USR-0744,CNT-0478,like,569,2025-01-21T17:13:20
USR-0453,CNT-0179,complete,35,2025-01-21T17:15:45
USR-0615,CNT-0327,click,297,2025-01-21T17:17:31
USR-0853,CNT-0213,view,503,2025-01-21T17:21:38
USR-0005,CNT-0052,view,133,2025-01-21T17:54:07
USR-0146,CNT-0181,like,3194,2025-01-21T18:01:16
USR-0964,CNT-0471,view,1327,2025-01-21T18:13:22
USR-0458,CNT-0147,view,761,2025-01-21T18:48:42
USR-0626,CNT-0452,like,14,2025-01-21T18:57:14
USR-0778,CNT-0288,click,230,2025-01-21T19:12:31
USR-0406,CNT-0203,click,34,2025-01-21T19:38:37
USR-0368,CNT-0484,view,59,2025-01-21T19:42:09
USR-0915,CNT-0190,skip,208,2025-01-21T19:47:53
USR-0567,CNT-0197,click,1600,2025-01-21T20:02:31
USR-0144,CNT-0256,view,477,2025-01-21T20:05:11
USR-0961,CNT-0341,complete,62,2025-01-21T20:05:15
USR-0561,CNT-0089,view,20,2025-01-21T20:11:54
USR-0276,CNT-0243,skip,81,2025-01-21T20:34:33
USR-0147,CNT-0166,like,191,2025-01-21T20:52:08
USR-0921,CNT-0465,click,352,2025-01-21T21:10:12
USR-0710,CNT-0073,view,2345,2025-01-21T21:17:22
USR-0080,CNT-0249,view,687,2025-01-21T21:25:43
USR-0373,CNT-0309,view,113,2025-01-21T21:28:02
USR-0383,CNT-0314,skip,187,2025-01-21T21:36:44
USR-0830,CNT-0474,skip,39,2025-01-21T21:49:22
USR-0165,CNT-0142,complete,4253,2025-01-21T21:52:48
USR-0060,CNT-0169,view,66,2025-01-21T22:04:15
USR-0304,CNT-0191,complete,760,2025-01-21T22:19:15
USR-0166,CNT-0397,complete,955,2025-01-21T22:25:05
USR-0821,CNT-0079,click,3386,2025-01-21T22:25:10
USR-0659,CNT-0248,complete,95,2025-01-21T22:30:08
USR-0965,CNT-0379,view,73,2025-01-21T22:33:34
USR-0773,CNT-0045,view,151,2025-01-21T22:43:07
USR-0411,CNT-0268,view,1689,2025-01-21T22:49:59
USR-0352,CNT-0103,view,1257,2025-01-21T23:17:54
USR-0935,CNT-0075,skip,34,2025-01-21T23:22:40
USR-0790,CNT-0312,like,161,2025-01-21T23:29:08
USR-0003,CNT-0330,view,1280,2025-01-21T23:37:29
USR-0996,CNT-0254,view,2746,2025-01-21T23:37:55
USR-0050,CNT-0277,view,23,2025-01-21T23:47:19
USR-0157,CNT-0128,view,77,2025-01-21T23:53:48
USR-0031,CNT-0283,click,78,2025-01-22T00:01:50
USR-0593,CNT-0277,view,19,2025-01-22T00:04:44
USR-0456,CNT-0195,complete,1077,2025-01-22T00:14:56
USR-0844,CNT-0198,complete,1861,2025-01-22T00:25:51
USR-0204,CNT-0433,skip,22,2025-01-22T00:26:00
USR-0771,CNT-0130,like,3,2025-01-22T00:30:42
USR-0331,CNT-0168,skip,57,2025-01-22T00:36:37
USR-0623,CNT-0259,like,741,2025-01-22T00:37:54
USR-0583,CNT-0340,click,351,2025-01-22T00:39:31
USR-0476,CNT-0014,like,340,2025-01-22T00:39:51
USR-0352,CNT-0164,like,2110,2025-01-22T00:47:23
USR-0110,CNT-0381,view,2710,2025-01-22T00:55:19
USR-0135,CNT-0069,complete,5047,2025-01-22T00:55:35
USR-0924,CNT-0281,view,5178,2025-01-22T01:01:11
USR-0642,CNT-0126,complete,586,2025-01-22T01:11:41
USR-0132,CNT-0072,complete,133,2025-01-22T01:14:34
USR-0374,CNT-0446,complete,999,2025-01-22T01:15:31
USR-0787,CNT-0388,view,3161,2025-01-22T01:20:18
USR-0048,CNT-0287,view,5,2025-01-22T01:24:35
USR-0634,CNT-0297,view,1068,2025-01-22T01:28:19
USR-0770,CNT-0447,complete,3860,2025-01-22T01:32:29
USR-0030,CNT-0400,click,1,2025-01-22T01:42:33
USR-0819,CNT-0144,view,144,2025-01-22T01:51:05
USR-0970,CNT-0037,view,3324,2025-01-22T02:15:00
USR-0758,CNT-0082,complete,549,2025-01-22T02:18:46
USR-0949,CNT-0181,view,3365,2025-01-22T02:22:27
USR-0442,CNT-0456,skip,1,2025-01-22T02:25:45
USR-0376,CNT-0306,view,32,2025-01-22T02:27:47
USR-0606,CNT-0013,view,371,2025-01-22T02:32:50
USR-0874,CNT-0330,view,3777,2025-01-22T02:34:57
USR-0068,CNT-0250,view,114,2025-01-22T02:38:35
USR-0479,CNT-0426,view,1997,2025-01-22T02:41:07
USR-0115,CNT-0265,view,7,2025-01-22T02:49:22
USR-0727,CNT-0265,view,92,2025-01-22T02:50:05
USR-0748,CNT-0096,click,1875,2025-01-22T03:04:12
USR-0750,CNT-0237,complete,832,2025-01-22T03:10:04
USR-0528,CNT-0437,complete,4313,2025-01-22T03:12:36
USR-0892,CNT-0137,complete,664,2025-01-22T03:20:27
USR-0906,CNT-0114,click,254,2025-01-22T03:20:44
USR-0172,CNT-0330,skip,389,2025-01-22T03:25:55
USR-0366,CNT-0391,view,215,2025-01-22T03:27:55
USR-0954,CNT-0013,skip,221,2025-01-22T03:32:47
USR-0191,CNT-0494,view,6,2025-01-22T03:35:39
USR-0583,CNT-0288,view,774,2025-01-22T03:40:16
USR-0844,CNT-0188,like,759,2025-01-22T03:44:59
USR-0876,CNT-0382,click,75,2025-01-22T03:58:49
USR-0313,CNT-0271,view,361,2025-01-22T03:58:57
USR-0247,CNT-0038,skip,104,2025-01-22T03:59:30
USR-0280,CNT-0270,complete,687,2025-01-22T03:59:43
USR-0400,CNT-0402,skip,433,2025-01-22T03:59:46
USR-0938,CNT-0108,click,190,2025-01-22T04:05:13
USR-0759,CNT-0257,view,137,2025-01-22T04:08:33
USR-0539,CNT-0391,complete,203,2025-01-22T04:10:21
USR-0942,CNT-0254,like,835,2025-01-22T04:11:31
USR-0562,CNT-0007,view,2806,2025-01-22T04:13:14
USR-0048,CNT-0374,skip,34,2025-01-22T04:17:34
USR-0882,CNT-0366,complete,230,2025-01-22T04:26:34
USR-0630,CNT-0114,view,189,2025-01-22T04:42:00
USR-0219,CNT-0173,click,481,2025-01-22T04:43:54
USR-0813,CNT-0304,like,508,2025-01-22T05:06:55
USR-0542,CNT-0219,complete,149,2025-01-22T05:14:39
USR-0568,CNT-0477,click,2896,2025-01-22T05:17:45
USR-0075,CNT-0371,click,0,2025-01-22T05:42:21
USR-0182,CNT-0432,complete,2987,2025-01-22T05:45:17
USR-0158,CNT-0412,view,532,2025-01-22T05:48:20
USR-0972,CNT-0185,view,564,2025-01-22T05:51:58
USR-0677,CNT-0286,view,1824,2025-01-22T05:56:30
USR-0661,CNT-0222,skip,15,2025-01-22T05:59:41
USR-0214,CNT-0203,view,23,2025-01-22T06:00:13
USR-0081,CNT-0299,view,14,2025-01-22T06:00:23
USR-0018,CNT-0404,like,393,2025-01-22T06:00:38
USR-0098,CNT-0257,view,113,2025-01-22T06:10:15
USR-0791,CNT-0152,skip,10,2025-01-22T06:21:48
USR-0970,CNT-0296,click,268,2025-01-22T06:23:19
USR-0369,CNT-0279,like,1702,2025-01-22T06:26:22
USR-0905,CNT-0010,click,1416,2025-01-22T06:27:15
USR-0960,CNT-0228,like,804,2025-01-22T06:28:24
USR-0693,CNT-0322,like,501,2025-01-22T06:31:23
USR-0880,CNT-0020,skip,2,2025-01-22T06:31:37
USR-0019,CNT-0405,complete,26,2025-01-22T06:33:57
USR-0561,CNT-0318,view,475,2025-01-22T06:35:16
USR-0308,CNT-0046,click,378,2025-01-22T06:42:57
USR-0902,CNT-0272,click,651,2025-01-22T06:51:39
USR-0252,CNT-0152,complete,173,2025-01-22T06:53:03
USR-0098,CNT-0320,complete,653,2025-01-22T06:57:01
USR-0059,CNT-0318,view,364,2025-01-22T06:57:30
USR-0466,CNT-0494,click,297,2025-01-22T06:58:16
USR-0204,CNT-0053,click,7,2025-01-22T07:05:58
USR-0895,CNT-0052,click,67,2025-01-22T07:20:47
USR-0221,CNT-0100,view,11,2025-01-22T07:22:40
USR-0112,CNT-0338,like,28,2025-01-22T07:39:28
USR-0197,CNT-0239,click,519,2025-01-22T07:56:36
USR-0621,CNT-0161,like,627,2025-01-22T07:57:41
USR-0236,CNT-0245,click,28,2025-01-22T07:59:57
USR-0974,CNT-0420,view,3791,2025-01-22T08:00:11
USR-0576,CNT-0157,view,73,2025-01-22T08:03:29
USR-0952,CNT-0198,click,716,2025-01-22T08:19:22
USR-0729,CNT-0453,view,269,2025-01-22T08:19:44
USR-0925,CNT-0051,click,56,2025-01-22T08:30:24
USR-0602,CNT-0438,view,366,2025-01-22T08:31:31
USR-0011,CNT-0025,click,1084,2025-01-22T08:33:04
USR-0947,CNT-0389,skip,11,2025-01-22T08:49:30
USR-0336,CNT-0165,like,1206,2025-01-22T09:19:15
USR-0768,CNT-0131,skip,248,2025-01-22T09:34:23
USR-0796,CNT-0118,view,185,2025-01-22T09:40:22
USR-0658,CNT-0193,view,3017,2025-01-22T09:49:38
USR-0027,CNT-0270,complete,808,2025-01-22T09:50:22
USR-0049,CNT-0120,view,1197,2025-01-22T09:53:01
USR-0599,CNT-0277,like,38,2025-01-22T10:00:15
USR-0733,CNT-0372,click,387,2025-01-22T10:01:03
USR-0985,CNT-0107,view,220,2025-01-22T10:06:35
USR-0642,CNT-0325,like,905,2025-01-22T10:07:34
USR-0467,CNT-0430,complete,500,2025-01-22T10:10:05
USR-0639,CNT-0341,view,46,2025-01-22T10:19:16
USR-0375,CNT-0130,view,2,2025-01-22T10:33:24
USR-0055,CNT-0460,complete,4903,2025-01-22T10:40:04
USR-0620,CNT-0137,like,612,2025-01-22T10:44:51
USR-0032,CNT-0315,complete,5089,2025-01-22T10:52:25
USR-0498,CNT-0066,view,416,2025-01-22T10:54:19
USR-0852,CNT-0073,skip,88,2025-01-22T11:04:39
USR-0557,CNT-0279,view,165,2025-01-22T11:04:54
USR-0654,CNT-0369,click,51,2025-01-22T11:10:50
USR-0621,CNT-0059,click,405,2025-01-22T11:13:54
USR-0905,CNT-0467,view,1584,2025-01-22T11:57:50
USR-0474,CNT-0180,view,1,2025-01-22T12:10:50
USR-0230,CNT-0009,view,2625,2025-01-22T12:15:59
USR-0849,CNT-0164,view,2466,2025-01-22T12:23:26
USR-0107,CNT-0337,click,545,2025-01-22T12:29:50
USR-0560,CNT-0267,like,506,2025-01-22T12:31:40
USR-0328,CNT-0125,complete,4138,2025-01-22T12:55:02
USR-0468,CNT-0080,view,63,2025-01-22T13:15:26
USR-0542,CNT-0450,view,1620,2025-01-22T13:20:17
USR-0131,CNT-0466,like,274,2025-01-22T13:21:07
USR-0021,CNT-0034,view,7,2025-01-22T13:29:14
USR-0253,CNT-0453,skip,93,2025-01-22T13:31:50
USR-0976,CNT-0010,like,5898,2025-01-22T13:36:38
USR-0852,CNT-0207,view,308,2025-01-22T13:46:54
USR-0243,CNT-0225,view,1160,2025-01-22T13:54:12
USR-0661,CNT-0417,complete,503,2025-01-22T13:54:23
USR-0938,CNT-0055,view,149,2025-01-22T14:03:23
USR-0783,CNT-0480,complete,808,2025-01-22T14:35:20
USR-0813,CNT-0343,like,626,2025-01-22T14:49:26
USR-0891,CNT-0074,complete,157,2025-01-22T14:53:57
USR-0127,CNT-0384,click,3056,2025-01-22T15:02:09
USR-0346,CNT-0459,skip,78,2025-01-22T15:09:45
USR-0336,CNT-0204,view,296,2025-01-22T15:12:48
USR-0418,CNT-0307,like,159,2025-01-22T15:13:44
USR-0441,CNT-0453,complete,530,2025-01-22T15:28:06
USR-0574,CNT-0464,view,412,2025-01-22T15:29:24
USR-0374,CNT-0292,view,48,2025-01-22T16:05:27
USR-0829,CNT-0114,like,329,2025-01-22T16:07:21
USR-0986,CNT-0237,click,106,2025-01-22T16:12:43
USR-0664,CNT-0260,complete,825,2025-01-22T16:18:33
USR-0327,CNT-0084,click,92,2025-01-22T16:24:14
USR-0517,CNT-0370,complete,482,2025-01-22T16:25:06
USR-0459,CNT-0320,view,220,2025-01-22T16:31:41
USR-0975,CNT-0191,like,423,2025-01-22T16:32:02
USR-0382,CNT-0252,like,1880,2025-01-22T16:35:46
USR-0733,CNT-0345,view,834,2025-01-22T16:37:00
USR-0815,CNT-0024,skip,8,2025-01-22T16:41:14
USR-0201,CNT-0431,complete,629,2025-01-22T16:41:33
USR-0525,CNT-0236,complete,35,2025-01-22T16:46:37
USR-0168,CNT-0471,view,1817,2025-01-22T16:53:53
USR-0543,CNT-0299,skip,3,2025-01-22T16:55:03
USR-0087,CNT-0295,complete,74,2025-01-22T17:10:32
USR-0803,CNT-0313,complete,54,2025-01-22T17:12:49
USR-0099,CNT-0341,view,13,2025-01-22T17:24:41
USR-0094,CNT-0431,view,199,2025-01-22T17:25:10
USR-0630,CNT-0015,view,74,2025-01-22T17:31:38
USR-0982,CNT-0001,view,37,2025-01-22T17:31:53
USR-0450,CNT-0233,view,653,2025-01-22T17:34:18
USR-0490,CNT-0300,like,163,2025-01-22T17:35:21
USR-0094,CNT-0434,click,34,2025-01-22T17:35:53
USR-0981,CNT-0053,like,94,2025-01-22T17:40:50
USR-0049,CNT-0322,view,519,2025-01-22T17:44:27
USR-0148,CNT-0046,complete,491,2025-01-22T17:44:38
USR-0762,CNT-0392,skip,2,2025-01-22T17:51:25
USR-0057,CNT-0337,view,705,2025-01-22T17:57:06
USR-0190,CNT-0294,view,49,2025-01-22T18:10:53
USR-0689,CNT-0009,skip,1127,2025-01-22T18:24:55
USR-0384,CNT-0251,skip,215,2025-01-22T18:26:12
USR-0421,CNT-0200,view,1869,2025-01-22T18:26:15
USR-0908,CNT-0409,view,3736,2025-01-22T18:41:11
USR-0099,CNT-0438,click,524,2025-01-22T19:01:42
USR-0131,CNT-0274,click,1222,2025-01-22T19:01:59
USR-0689,CNT-0388,view,1943,2025-01-22T19:18:34
USR-0857,CNT-0497,skip,7,2025-01-22T19:22:25
USR-0278,CNT-0317,like,272,2025-01-22T19:36:45
USR-0877,CNT-0006,click,371,2025-01-22T19:41:05
USR-0722,CNT-0390,skip,593,2025-01-22T19:48:47
USR-0125,CNT-0254,like,2087,2025-01-22T20:08:11
USR-0661,CNT-0037,skip,941,2025-01-22T20:13:19
USR-0225,CNT-0454,skip,138,2025-01-22T20:14:30
USR-0307,CNT-0126,complete,617,2025-01-22T20:20:36
USR-0652,CNT-0164,like,1606,2025-01-22T20:31:09
USR-0288,CNT-0478,view,545,2025-01-22T20:31:10
USR-0487,CNT-0409,view,1590,2025-01-22T20:34:45
USR-0141,CNT-0286,click,677,2025-01-22T20:35:17
USR-0666,CNT-0209,view,75,2025-01-22T20:41:27
USR-0844,CNT-0123,view,367,2025-01-22T21:02:14
USR-0642,CNT-0377,skip,5,2025-01-22T21:05:06
USR-0676,CNT-0250,skip,60,2025-01-22T21:17:34
USR-0916,CNT-0386,view,362,2025-01-22T21:27:26
USR-0225,CNT-0253,skip,4,2025-01-22T21:34:25
USR-0835,CNT-0495,complete,669,2025-01-22T21:38:44
USR-0783,CNT-0215,view,59,2025-01-22T21:53:16
USR-0732,CNT-0436,view,986,2025-01-22T21:53:59
USR-0794,CNT-0496,click,113,2025-01-22T21:54:34
USR-0435,CNT-0275,click,45,2025-01-22T22:00:52
USR-0191,CNT-0196,view,156,2025-01-22T22:04:40
USR-0524,CNT-0225,click,3085,2025-01-22T22:05:29
USR-0781,CNT-0235,view,233,2025-01-22T22:08:53
USR-0591,CNT-0173,click,108,2025-01-22T22:11:11
USR-0272,CNT-0019,click,64,2025-01-22T22:11:34
USR-0791,CNT-0295,view,37,2025-01-22T22:15:17
USR-0304,CNT-0284,view,331,2025-01-22T22:16:16
USR-0153,CNT-0102,skip,467,2025-01-22T22:22:28
USR-0671,CNT-0357,skip,258,2025-01-22T22:23:35
USR-0284,CNT-0171,skip,3,2025-01-22T22:37:22
USR-0581,CNT-0215,like,234,2025-01-22T22:37:51
USR-0337,CNT-0392,skip,17,2025-01-22T22:42:10
USR-0355,CNT-0136,view,184,2025-01-22T23:13:08
USR-0752,CNT-0445,view,119,2025-01-22T23:16:59
USR-0026,CNT-0357,skip,309,2025-01-22T23:17:09
USR-0964,CNT-0376,click,69,2025-01-22T23:25:37
USR-0959,CNT-0491,view,781,2025-01-22T23:36:59
USR-0264,CNT-0017,like,1930,2025-01-22T23:37:55
USR-0670,CNT-0226,view,63,2025-01-22T23:44:52
USR-0168,CNT-0287,view,52,2025-01-22T23:58:16
USR-0343,CNT-0335,skip,552,2025-01-22T23:58:29
USR-0913,CNT-0297,click,316,2025-01-23T00:00:44
USR-0827,CNT-0023,click,2529,2025-01-23T00:13:35
USR-0528,CNT-0284,skip,230,2025-01-23T00:19:57
USR-0688,CNT-0044,view,261,2025-01-23T00:23:56
USR-0174,CNT-0079,like,3626,2025-01-23T00:34:27
USR-0896,CNT-0269,click,408,2025-01-23T00:36:55
USR-0932,CNT-0173,view,397,2025-01-23T00:38:56
USR-0317,CNT-0001,click,73,2025-01-23T00:43:32
USR-0473,CNT-0301,complete,861,2025-01-23T01:00:52
USR-0344,CNT-0086,complete,4811,2025-01-23T01:10:42
USR-0013,CNT-0493,view,86,2025-01-23T01:15:59
USR-0141,CNT-0444,view,92,2025-01-23T01:20:56
USR-0074,CNT-0275,like,7,2025-01-23T01:25:15
USR-0600,CNT-0037,view,3916,2025-01-23T01:34:16
USR-0882,CNT-0053,complete,108,2025-01-23T01:34:26
USR-0201,CNT-0274,skip,915,2025-01-23T01:35:33
USR-0646,CNT-0476,view,2,2025-01-23T01:38:18
USR-0006,CNT-0206,like,83,2025-01-23T01:39:30
USR-0702,CNT-0064,like,3106,2025-01-23T01:40:56
USR-0845,CNT-0414,view,158,2025-01-23T01:44:24
USR-0163,CNT-0065,complete,140,2025-01-23T01:52:17
USR-0525,CNT-0496,complete,115,2025-01-23T02:17:46
USR-0925,CNT-0056,view,26,2025-01-23T02:18:51
USR-0223,CNT-0402,complete,2364,2025-01-23T02:27:06
USR-0566,CNT-0285,skip,223,2025-01-23T02:30:24
USR-0613,CNT-0082,view,64,2025-01-23T02:37:17
USR-0488,CNT-0281,view,4948,2025-01-23T02:52:09
USR-0563,CNT-0278,click,67,2025-01-23T02:52:14
USR-0333,CNT-0016,like,278,2025-01-23T02:52:50
USR-0694,CNT-0218,view,849,2025-01-23T02:56:02
USR-0307,CNT-0134,complete,810,2025-01-23T02:56:52
USR-0904,CNT-0234,view,299,2025-01-23T03:01:50
USR-0503,CNT-0399,view,3279,2025-01-23T03:14:36
USR-0054,CNT-0356,click,570,2025-01-23T03:25:54
USR-0081,CNT-0392,click,160,2025-01-23T03:32:09
USR-0512,CNT-0147,click,779,2025-01-23T03:32:19
USR-0319,CNT-0415,skip,198,2025-01-23T03:55:56
USR-0291,CNT-0289,like,51,2025-01-23T04:05:39
USR-0179,CNT-0207,view,4719,2025-01-23T04:05:57
USR-0169,CNT-0352,view,2166,2025-01-23T04:07:18
USR-0377,CNT-0126,click,128,2025-01-23T04:07:30
USR-0310,CNT-0104,view,635,2025-01-23T04:09:57
USR-0648,CNT-0326,skip,196,2025-01-23T04:26:17
USR-0175,CNT-0253,click,9,2025-01-23T04:46:30
USR-0863,CNT-0457,like,179,2025-01-23T04:53:13
USR-0493,CNT-0066,like,548,2025-01-23T04:53:42
USR-0670,CNT-0319,click,1103,2025-01-23T04:57:52
USR-0114,CNT-0465,view,514,2025-01-23T05:09:36
USR-0276,CNT-0097,view,2829,2025-01-23T05:10:48
USR-0779,CNT-0374,complete,645,2025-01-23T05:15:49
USR-0455,CNT-0229,skip,52,2025-01-23T05:18:27
USR-0266,CNT-0270,like,630,2025-01-23T05:40:29
USR-0216,CNT-0100,view,95,2025-01-23T05:52:08
USR-0883,CNT-0209,skip,31,2025-01-23T05:52:36
USR-0848,CNT-0112,click,2582,2025-01-23T05:52:37
USR-0091,CNT-0430,view,157,2025-01-23T05:53:17
USR-0344,CNT-0400,click,42,2025-01-23T05:59:50
USR-0909,CNT-0160,view,298,2025-01-23T06:22:32
USR-0810,CNT-0380,view,293,2025-01-23T06:23:36
USR-0629,CNT-0168,view,217,2025-01-23T06:28:32
USR-0236,CNT-0490,skip,439,2025-01-23T06:29:25
USR-0619,CNT-0226,view,278,2025-01-23T06:34:03
USR-0538,CNT-0099,view,451,2025-01-23T06:50:18
USR-0079,CNT-0424,view,272,2025-01-23T06:53:05
USR-0260,CNT-0382,complete,3660,2025-01-23T06:55:05
USR-0055,CNT-0313,skip,11,2025-01-23T07:14:31
USR-0042,CNT-0334,view,61,2025-01-23T07:16:24
USR-0589,CNT-0345,view,630,2025-01-23T07:28:33
USR-0933,CNT-0278,view,4,2025-01-23T07:31:32
USR-0979,CNT-0454,complete,532,2025-01-23T07:32:33
USR-0607,CNT-0274,click,2668,2025-01-23T08:05:10
USR-0614,CNT-0381,complete,3354,2025-01-23T08:06:36
USR-0649,CNT-0104,click,2168,2025-01-23T08:09:47
USR-0185,CNT-0318,view,757,2025-01-23T08:12:25
USR-0280,CNT-0288,like,447,2025-01-23T08:16:24
USR-0417,CNT-0437,complete,4654,2025-01-23T08:19:02
USR-0715,CNT-0346,click,1667,2025-01-23T08:21:15
USR-0987,CNT-0313,view,24,2025-01-23T08:28:57
USR-0036,CNT-0127,view,135,2025-01-23T08:37:17
USR-0236,CNT-0028,complete,2377,2025-01-23T08:46:53
USR-0978,CNT-0089,view,28,2025-01-23T08:52:10
USR-0678,CNT-0438,view,564,2025-01-23T09:00:48
USR-0496,CNT-0086,complete,4005,2025-01-23T09:02:25
USR-0220,CNT-0124,view,109,2025-01-23T09:03:59
USR-0479,CNT-0141,complete,4678,2025-01-23T09:07:14
USR-0169,CNT-0292,like,63,2025-01-23T09:07:55
USR-0209,CNT-0456,complete,697,2025-01-23T09:11:15
USR-0998,CNT-0150,skip,179,2025-01-23T09:17:33
USR-0433,CNT-0069,like,3926,2025-01-23T09:49:07
USR-0156,CNT-0156,view,2361,2025-01-23T09:51:55
USR-0691,CNT-0209,click,2,2025-01-23T09:57:35
USR-0492,CNT-0467,view,804,2025-01-23T10:00:31
USR-0330,CNT-0019,skip,16,2025-01-23T10:04:05
USR-0189,CNT-0084,click,9,2025-01-23T10:04:40
USR-0438,CNT-0214,skip,48,2025-01-23T10:05:49
USR-0268,CNT-0361,like,1503,2025-01-23T10:07:45
USR-0376,CNT-0336,complete,289,2025-01-23T10:10:14
USR-0413,CNT-0453,click,447,2025-01-23T10:11:52
USR-0908,CNT-0268,view,560,2025-01-23T10:13:22
USR-0527,CNT-0037,complete,4596,2025-01-23T10:14:28
USR-0066,CNT-0492,view,2997,2025-01-23T10:16:32
USR-0273,CNT-0117,click,1235,2025-01-23T10:17:00
USR-0522,CNT-0298,view,2513,2025-01-23T10:24:23
USR-0296,CNT-0287,like,80,2025-01-23T10:25:28
USR-0716,CNT-0139,skip,125,2025-01-23T10:28:29
USR-0273,CNT-0399,click,6393,2025-01-23T10:46:10
USR-0380,CNT-0272,skip,93,2025-01-23T10:53:13
USR-0017,CNT-0355,view,280,2025-01-23T10:58:42
USR-0009,CNT-0456,view,420,2025-01-23T10:59:10
USR-0061,CNT-0135,click,2724,2025-01-23T11:02:45
USR-0376,CNT-0053,view,48,2025-01-23T11:12:56
USR-0731,CNT-0389,skip,22,2025-01-23T11:25:57
USR-0402,CNT-0079,skip,321,2025-01-23T11:31:53
USR-0283,CNT-0353,skip,1416,2025-01-23T11:34:03
USR-0217,CNT-0009,view,255,2025-01-23T11:34:18
USR-0145,CNT-0114,skip,76,2025-01-23T11:53:47
USR-0070,CNT-0023,complete,2235,2025-01-23T11:54:36
USR-0309,CNT-0309,click,76,2025-01-23T11:56:37
USR-0741,CNT-0020,skip,5,2025-01-23T12:00:50
USR-0791,CNT-0296,click,246,2025-01-23T12:10:00
USR-0099,CNT-0073,view,2323,2025-01-23T12:26:17
USR-0509,CNT-0143,skip,1172,2025-01-23T12:32:45
USR-0265,CNT-0497,like,34,2025-01-23T12:35:59
USR-0474,CNT-0377,skip,3,2025-01-23T12:38:57
USR-0230,CNT-0308,view,1579,2025-01-23T12:52:06
USR-0458,CNT-0263,complete,201,2025-01-23T12:52:50
USR-0615,CNT-0403,skip,96,2025-01-23T13:01:08
USR-0034,CNT-0258,like,708,2025-01-23T13:03:29
USR-0506,CNT-0135,click,1100,2025-01-23T13:04:59
USR-0778,CNT-0392,like,1102,2025-01-23T13:13:17
USR-0870,CNT-0283,click,116,2025-01-23T13:26:34
USR-0746,CNT-0133,click,130,2025-01-23T13:30:35
USR-0859,CNT-0459,click,454,2025-01-23T13:33:52
USR-0360,CNT-0392,view,240,2025-01-23T13:36:59
USR-0914,CNT-0106,view,985,2025-01-23T13:37:57
USR-0822,CNT-0226,view,325,2025-01-23T13:55:30
USR-0521,CNT-0380,click,125,2025-01-23T14:03:54
USR-0468,CNT-0166,complete,262,2025-01-23T14:07:30
USR-0684,CNT-0433,like,168,2025-01-23T14:09:58
USR-0199,CNT-0010,view,1636,2025-01-23T14:13:06
USR-0717,CNT-0294,view,12,2025-01-23T14:22:15
USR-0309,CNT-0029,skip,81,2025-01-23T14:25:51
USR-0391,CNT-0227,like,105,2025-01-23T15:11:25
USR-0971,CNT-0454,skip,106,2025-01-23T15:19:43
USR-0622,CNT-0484,click,45,2025-01-23T15:34:41
USR-0752,CNT-0323,view,2374,2025-01-23T15:42:36
USR-0065,CNT-0434,click,33,2025-01-23T15:43:47
USR-0784,CNT-0035,like,105,2025-01-23T15:53:22
USR-0587,CNT-0002,click,30,2025-01-23T15:55:12
USR-0151,CNT-0240,view,54,2025-01-23T16:05:54
USR-0050,CNT-0179,click,15,2025-01-23T16:09:36
USR-0755,CNT-0344,like,893,2025-01-23T16:12:52
USR-0901,CNT-0186,skip,361,2025-01-23T16:25:28
USR-0488,CNT-0153,skip,1090,2025-01-23T16:28:13
USR-0715,CNT-0225,view,3856,2025-01-23T16:35:29
USR-0916,CNT-0259,click,217,2025-01-23T16:40:15
USR-0776,CNT-0030,click,563,2025-01-23T16:45:23
USR-0046,CNT-0153,view,3803,2025-01-23T16:50:57
USR-0896,CNT-0130,view,28,2025-01-23T16:56:15
USR-0499,CNT-0271,view,980,2025-01-23T17:02:38
USR-0722,CNT-0096,click,1066,2025-01-23T17:07:24
USR-0485,CNT-0110,skip,89,2025-01-23T17:18:57
USR-0038,CNT-0467,like,975,2025-01-23T17:20:27
USR-0093,CNT-0407,like,56,2025-01-23T17:51:38
USR-0825,CNT-0446,click,164,2025-01-23T17:52:49
USR-0868,CNT-0207,like,3318,2025-01-23T17:54:47
USR-0230,CNT-0052,complete,238,2025-01-23T18:10:06
USR-0658,CNT-0483,skip,414,2025-01-23T18:11:53
USR-0748,CNT-0028,like,811,2025-01-23T18:21:31
USR-0967,CNT-0431,skip,139,2025-01-23T18:25:22
USR-0036,CNT-0289,skip,8,2025-01-23T18:36:26
USR-0731,CNT-0483,complete,2935,2025-01-23T18:40:14
USR-0705,CNT-0127,click,149,2025-01-23T18:55:38
USR-0813,CNT-0188,complete,913,2025-01-23T18:56:04
USR-0777,CNT-0400,skip,24,2025-01-23T19:11:22
USR-0878,CNT-0362,like,1906,2025-01-23T19:15:27
USR-0270,CNT-0044,complete,340,2025-01-23T19:31:13
USR-0986,CNT-0307,like,500,2025-01-23T19:41:11
USR-0918,CNT-0430,skip,13,2025-01-23T19:41:16
USR-0270,CNT-0187,skip,14,2025-01-23T19:53:14
USR-0573,CNT-0161,click,421,2025-01-23T19:56:21
USR-0386,CNT-0420,click,4701,2025-01-23T20:00:48
USR-0816,CNT-0045,view,185,2025-01-23T20:07:47
USR-0671,CNT-0215,click,91,2025-01-23T20:14:39
USR-0296,CNT-0114,like,293,2025-01-23T20:15:00
USR-0008,CNT-0344,click,1003,2025-01-23T20:15:03
USR-0040,CNT-0327,view,267,2025-01-23T20:15:22
USR-0824,CNT-0164,view,414,2025-01-23T20:35:50
USR-0028,CNT-0297,view,22,2025-01-23T20:37:34
USR-0659,CNT-0040,view,55,2025-01-23T20:48:13
USR-0752,CNT-0163,skip,127,2025-01-23T21:01:40
USR-0316,CNT-0345,complete,892,2025-01-23T21:03:49
USR-0334,CNT-0370,skip,64,2025-01-23T21:05:46
USR-0245,CNT-0137,view,703,2025-01-23T21:13:34
USR-0123,CNT-0271,complete,1873,2025-01-23T21:14:06
USR-0762,CNT-0056,view,28,2025-01-23T21:14:59
USR-0047,CNT-0092,view,1023,2025-01-23T21:26:46
USR-0750,CNT-0468,skip,215,2025-01-23T21:47:20
USR-0541,CNT-0265,like,242,2025-01-23T21:47:22
USR-0490,CNT-0342,click,2033,2025-01-23T21:48:11
USR-0973,CNT-0454,like,168,2025-01-23T21:48:53
USR-0595,CNT-0260,view,105,2025-01-23T21:50:01
USR-0909,CNT-0035,like,28,2025-01-23T21:50:24
USR-0469,CNT-0354,complete,448,2025-01-23T21:51:45
USR-0306,CNT-0290,view,2776,2025-01-23T22:08:47
USR-0264,CNT-0131,skip,246,2025-01-23T22:12:00
USR-0708,CNT-0218,skip,226,2025-01-23T22:12:45
USR-0294,CNT-0332,view,1231,2025-01-23T22:13:20
USR-0905,CNT-0080,view,23,2025-01-23T22:20:51
USR-0519,CNT-0347,like,544,2025-01-23T22:26:04
USR-0631,CNT-0208,complete,3238,2025-01-23T22:28:43
USR-0562,CNT-0241,click,687,2025-01-23T22:29:28
USR-0135,CNT-0072,view,139,2025-01-23T22:32:31
USR-0202,CNT-0429,click,1226,2025-01-23T22:41:36
USR-0791,CNT-0161,complete,1169,2025-01-23T22:48:35
USR-0746,CNT-0153,complete,4340,2025-01-23T22:49:22
USR-0464,CNT-0081,click,196,2025-01-23T22:54:10
USR-0656,CNT-0164,like,589,2025-01-23T22:58:45
USR-0647,CNT-0347,click,489,2025-01-23T23:05:16
USR-0926,CNT-0129,view,525,2025-01-23T23:17:54
USR-0947,CNT-0473,like,895,2025-01-23T23:18:32
USR-0259,CNT-0041,skip,335,2025-01-23T23:28:25
USR-0278,CNT-0410,view,41,2025-01-23T23:33:21
USR-0466,CNT-0452,view,76,2025-01-23T23:39:42
USR-0900,CNT-0208,click,756,2025-01-23T23:46:27
USR-0173,CNT-0317,complete,801,2025-01-23T23:48:19
USR-0620,CNT-0212,like,1348,2025-01-23T23:55:47
USR-0442,CNT-0300,complete,153,2025-01-24T00:03:02
USR-0325,CNT-0432,click,1865,2025-01-24T00:05:43
USR-0163,CNT-0060,like,430,2025-01-24T00:18:01
USR-0233,CNT-0316,view,55,2025-01-24T00:18:16
USR-0142,CNT-0141,view,5041,2025-01-24T00:21:23
USR-0145,CNT-0327,complete,385,2025-01-24T00:35:16
USR-0321,CNT-0034,view,538,2025-01-24T00:40:27
USR-0476,CNT-0183,skip,1381,2025-01-24T00:42:32
USR-0509,CNT-0457,complete,314,2025-01-24T00:51:03
USR-0351,CNT-0104,complete,2218,2025-01-24T00:54:47
USR-0725,CNT-0299,view,86,2025-01-24T00:55:35
USR-0344,CNT-0378,view,1006,2025-01-24T01:04:04
USR-0468,CNT-0188,complete,946,2025-01-24T01:08:15
USR-0914,CNT-0196,complete,208,2025-01-24T01:13:15
USR-0612,CNT-0020,view,59,2025-01-24T01:22:22
USR-0587,CNT-0010,skip,1592,2025-01-24T01:22:58
USR-0880,CNT-0337,like,739,2025-01-24T01:31:23
USR-0954,CNT-0299,like,73,2025-01-24T01:32:10
USR-0034,CNT-0345,view,66,2025-01-24T01:33:02
USR-0460,CNT-0261,view,395,2025-01-24T01:39:08
USR-0395,CNT-0134,skip,179,2025-01-24T01:46:26
USR-0476,CNT-0233,view,2300,2025-01-24T01:47:33
USR-0143,CNT-0053,like,38,2025-01-24T02:01:38
USR-0479,CNT-0115,like,155,2025-01-24T02:05:04
USR-0097,CNT-0047,complete,687,2025-01-24T02:13:45
USR-0780,CNT-0290,complete,5054,2025-01-24T02:14:09
USR-0511,CNT-0270,view,505,2025-01-24T02:17:48
USR-0085,CNT-0493,view,4,2025-01-24T02:29:11
USR-0990,CNT-0057,view,345,2025-01-24T02:35:11
USR-0951,CNT-0285,view,12,2025-01-24T02:38:33
USR-0357,CNT-0051,skip,4,2025-01-24T02:44:02
USR-0152,CNT-0053,view,44,2025-01-24T02:50:33
USR-0826,CNT-0147,like,942,2025-01-24T02:52:59
USR-0488,CNT-0388,complete,3931,2025-01-24T02:55:37
USR-0028,CNT-0021,view,407,2025-01-24T02:57:15
USR-0361,CNT-0105,click,1,2025-01-24T02:58:36
USR-0900,CNT-0376,view,18,2025-01-24T03:01:14
USR-0574,CNT-0298,complete,5501,2025-01-24T03:07:00
USR-0719,CNT-0274,view,1269,2025-01-24T03:25:14
USR-0216,CNT-0272,view,2,2025-01-24T03:28:26
USR-0466,CNT-0104,click,1344,2025-01-24T03:30:54
USR-0583,CNT-0056,complete,67,2025-01-24T03:34:22
USR-0578,CNT-0295,view,6,2025-01-24T03:40:16
USR-0970,CNT-0493,skip,6,2025-01-24T03:52:52
USR-0486,CNT-0345,complete,756,2025-01-24T03:53:29
USR-0152,CNT-0389,like,11,2025-01-24T03:56:42
USR-0756,CNT-0470,complete,1029,2025-01-24T03:56:48
USR-0489,CNT-0388,complete,4536,2025-01-24T04:01:25
USR-0971,CNT-0473,view,81,2025-01-24T04:02:06
USR-0246,CNT-0285,like,299,2025-01-24T04:05:41
USR-0969,CNT-0237,view,281,2025-01-24T04:06:33
USR-0118,CNT-0032,view,136,2025-01-24T04:22:03
USR-0770,CNT-0009,complete,4196,2025-01-24T04:26:25
USR-0297,CNT-0357,view,1193,2025-01-24T04:29:03
USR-0709,CNT-0010,click,598,2025-01-24T04:38:27
USR-0235,CNT-0017,complete,2142,2025-01-24T04:51:49
USR-0229,CNT-0345,click,218,2025-01-24T04:57:17
USR-0399,CNT-0257,view,112,2025-01-24T05:00:57
USR-0983,CNT-0165,complete,3488,2025-01-24T05:01:12
USR-0650,CNT-0328,like,26,2025-01-24T05:04:06
USR-0984,CNT-0096,view,2059,2025-01-24T05:10:59
USR-0460,CNT-0100,skip,12,2025-01-24T05:11:38
USR-0011,CNT-0311,click,1324,2025-01-24T05:15:51
USR-0139,CNT-0329,click,834,2025-01-24T05:28:44
USR-0147,CNT-0337,like,421,2025-01-24T05:30:05
USR-0472,CNT-0449,like,473,2025-01-24T05:35:05
USR-0127,CNT-0436,view,398,2025-01-24T05:36:22
USR-0675,CNT-0063,like,34,2025-01-24T05:44:09
USR-0107,CNT-0053,complete,90,2025-01-24T05:47:43
USR-0467,CNT-0254,like,3616,2025-01-24T06:10:12
USR-0964,CNT-0021,complete,979,2025-01-24T06:29:06
USR-0246,CNT-0366,click,89,2025-01-24T06:51:13
USR-0785,CNT-0252,view,454,2025-01-24T06:58:40
USR-0432,CNT-0148,skip,78,2025-01-24T07:09:02
USR-0502,CNT-0240,skip,13,2025-01-24T07:12:56
USR-0375,CNT-0310,view,741,2025-01-24T07:27:28
USR-0615,CNT-0449,view,528,2025-01-24T07:33:40
USR-0207,CNT-0081,view,129,2025-01-24T07:46:44
USR-0215,CNT-0481,skip,732,2025-01-24T08:00:28
USR-0696,CNT-0257,click,366,2025-01-24T08:01:37
USR-0235,CNT-0396,like,269,2025-01-24T08:09:13
USR-0466,CNT-0457,view,308,2025-01-24T08:10:19
USR-0585,CNT-0124,like,220,2025-01-24T08:24:11
USR-0190,CNT-0347,like,824,2025-01-24T08:31:41
USR-0450,CNT-0305,view,619,2025-01-24T08:40:28
USR-0429,CNT-0005,click,528,2025-01-24T08:42:06
USR-0238,CNT-0367,complete,796,2025-01-24T08:45:48
USR-0348,CNT-0133,click,142,2025-01-24T08:46:39
USR-0204,CNT-0005,view,860,2025-01-24T08:48:57
USR-0915,CNT-0353,skip,107,2025-01-24T09:11:17
USR-0197,CNT-0204,view,1201,2025-01-24T09:12:33
USR-0918,CNT-0217,view,553,2025-01-24T09:20:29
USR-0948,CNT-0449,complete,3015,2025-01-24T09:33:39
USR-0125,CNT-0138,complete,627,2025-01-24T09:36:31
USR-0047,CNT-0432,click,3108,2025-01-24T09:57:36
USR-0447,CNT-0420,click,226,2025-01-24T10:07:48
USR-0866,CNT-0449,view,1053,2025-01-24T10:08:19
USR-0135,CNT-0331,click,1226,2025-01-24T10:12:20
USR-0022,CNT-0400,skip,4,2025-01-24T10:16:35
USR-0374,CNT-0060,skip,90,2025-01-24T10:17:25
USR-0516,CNT-0330,like,1922,2025-01-24T10:19:32
USR-0417,CNT-0343,skip,80,2025-01-24T10:21:51
USR-0850,CNT-0116,like,43,2025-01-24T10:22:45
USR-0353,CNT-0427,view,150,2025-01-24T10:27:49
USR-0433,CNT-0174,click,35,2025-01-24T10:35:02
USR-0662,CNT-0287,view,50,2025-01-24T10:35:11
USR-0794,CNT-0387,view,277,2025-01-24T10:36:01
USR-0179,CNT-0127,view,176,2025-01-24T10:47:48
USR-0491,CNT-0060,complete,431,2025-01-24T10:48:17
USR-0808,CNT-0268,view,3330,2025-01-24T10:51:44
USR-0144,CNT-0208,view,964,2025-01-24T10:59:52
USR-0651,CNT-0394,click,0,2025-01-24T11:10:35
USR-0660,CNT-0439,view,936,2025-01-24T11:26:04
USR-0357,CNT-0174,complete,42,2025-01-24T11:29:14
USR-0148,CNT-0463,skip,313,2025-01-24T11:30:45
USR-0608,CNT-0498,view,357,2025-01-24T11:34:44
USR-0168,CNT-0010,view,4004,2025-01-24T11:39:26
USR-0795,CNT-0203,complete,37,2025-01-24T11:40:51
USR-0139,CNT-0072,click,33,2025-01-24T11:43:38
USR-0482,CNT-0117,view,177,2025-01-24T11:45:10
USR-0614,CNT-0198,view,1446,2025-01-24T11:53:16
USR-0862,CNT-0213,view,688,2025-01-24T11:55:39
USR-0596,CNT-0078,view,290,2025-01-24T12:04:42
USR-0699,CNT-0077,like,1702,2025-01-24T12:10:43
USR-0543,CNT-0250,complete,266,2025-01-24T12:34:01
USR-0118,CNT-0165,view,2889,2025-01-24T12:52:35
USR-0235,CNT-0090,complete,1055,2025-01-24T13:01:59
USR-0778,CNT-0176,complete,5051,2025-01-24T13:06:08
USR-0600,CNT-0129,view,62,2025-01-24T13:07:43
USR-0312,CNT-0300,click,11,2025-01-24T13:19:23
USR-0705,CNT-0374,like,446,2025-01-24T13:23:04
USR-0116,CNT-0372,view,747,2025-01-24T13:41:48
USR-0452,CNT-0485,skip,5,2025-01-24T13:49:29
USR-0449,CNT-0452,click,26,2025-01-24T13:59:21
USR-0860,CNT-0080,skip,4,2025-01-24T14:12:54
USR-0055,CNT-0356,click,3618,2025-01-24T14:16:31
USR-0888,CNT-0413,complete,686,2025-01-24T14:17:58
USR-0776,CNT-0359,view,55,2025-01-24T14:20:36
USR-0377,CNT-0382,view,66,2025-01-24T14:23:52
USR-0243,CNT-0315,view,3220,2025-01-24T15:01:37
USR-0138,CNT-0319,view,496,2025-01-24T15:02:41
USR-0892,CNT-0434,skip,3,2025-01-24T15:12:31
USR-0877,CNT-0496,view,92,2025-01-24T15:19:28
USR-0315,CNT-0147,view,306,2025-01-24T15:24:07
USR-0867,CNT-0274,complete,4285,2025-01-24T15:37:56
USR-0475,CNT-0199,view,27,2025-01-24T15:39:59
USR-0034,CNT-0150,view,1776,2025-01-24T15:42:46
USR-0082,CNT-0159,view,84,2025-01-24T15:48:42
USR-0598,CNT-0404,skip,178,2025-01-24T15:51:06
USR-0538,CNT-0241,complete,2483,2025-01-24T15:52:10
USR-0093,CNT-0294,like,27,2025-01-24T15:54:06
USR-0737,CNT-0405,skip,5,2025-01-24T15:55:20
USR-0860,CNT-0160,view,479,2025-01-24T16:09:18
USR-0029,CNT-0470,view,1069,2025-01-24T16:09:55
USR-0224,CNT-0342,like,1231,2025-01-24T16:13:24
USR-0619,CNT-0057,click,101,2025-01-24T16:28:45
USR-0920,CNT-0280,complete,103,2025-01-24T16:29:17
USR-0855,CNT-0307,view,346,2025-01-24T16:48:18
USR-0030,CNT-0253,skip,26,2025-01-24T17:01:08
USR-0914,CNT-0198,like,1458,2025-01-24T17:13:33
USR-0581,CNT-0371,skip,42,2025-01-24T17:19:11
USR-0486,CNT-0401,view,33,2025-01-24T17:24:05
USR-0842,CNT-0008,skip,404,2025-01-24T17:31:00
USR-0889,CNT-0042,view,411,2025-01-24T17:41:33
USR-0955,CNT-0234,like,3935,2025-01-24T17:50:50
USR-0702,CNT-0098,view,5684,2025-01-24T17:52:18
USR-0108,CNT-0488,like,1488,2025-01-24T18:02:12
USR-0022,CNT-0114,view,589,2025-01-24T18:02:45
USR-0254,CNT-0113,view,687,2025-01-24T18:08:32
USR-0017,CNT-0401,click,59,2025-01-24T18:10:19
USR-0319,CNT-0365,like,454,2025-01-24T18:22:00
USR-0130,CNT-0461,click,1710,2025-01-24T18:26:18
USR-0743,CNT-0232,view,25,2025-01-24T18:42:59
USR-0347,CNT-0300,complete,165,2025-01-24T18:53:37
USR-0132,CNT-0489,complete,3809,2025-01-24T18:59:54
USR-0268,CNT-0142,complete,3976,2025-01-24T19:00:14
USR-0061,CNT-0043,click,2362,2025-01-24T19:02:00
USR-0200,CNT-0228,click,650,2025-01-24T19:12:13
USR-0017,CNT-0143,view,2542,2025-01-24T19:15:41
USR-0307,CNT-0284,like,1795,2025-01-24T19:25:10
USR-0245,CNT-0271,view,1623,2025-01-24T19:42:28
USR-0027,CNT-0255,complete,2076,2025-01-24T19:42:39
USR-0501,CNT-0453,view,430,2025-01-24T20:12:11
USR-0858,CNT-0488,click,2476,2025-01-24T20:12:23
USR-0416,CNT-0117,view,113,2025-01-24T20:15:29
USR-0803,CNT-0110,view,794,2025-01-24T20:17:49
USR-0680,CNT-0401,skip,8,2025-01-24T20:31:58
USR-0751,CNT-0360,view,578,2025-01-24T20:40:30
USR-0268,CNT-0489,skip,279,2025-01-24T21:03:15
USR-0334,CNT-0330,view,1686,2025-01-24T21:14:17
USR-0647,CNT-0333,complete,162,2025-01-24T21:17:40
USR-0640,CNT-0405,skip,5,2025-01-24T21:18:32
USR-0691,CNT-0285,skip,90,2025-01-24T21:26:36
USR-0054,CNT-0221,view,176,2025-01-24T21:29:21
USR-0815,CNT-0008,view,830,2025-01-24T21:34:12
USR-0786,CNT-0303,click,78,2025-01-24T21:35:18
USR-0634,CNT-0088,view,281,2025-01-24T21:39:14
USR-0256,CNT-0438,click,388,2025-01-24T21:45:06
USR-0668,CNT-0288,like,1073,2025-01-24T21:47:39
USR-0493,CNT-0315,view,2064,2025-01-24T21:48:30
USR-0793,CNT-0436,like,514,2025-01-24T21:49:26
USR-0634,CNT-0274,complete,3741,2025-01-24T21:55:50
USR-0152,CNT-0120,click,146,2025-01-24T22:09:06
USR-0823,CNT-0028,click,1825,2025-01-24T22:21:22
USR-0041,CNT-0220,click,94,2025-01-24T22:26:20
USR-0147,CNT-0210,skip,485,2025-01-24T22:35:10
USR-0655,CNT-0138,view,52,2025-01-24T22:35:40
USR-0785,CNT-0488,complete,3304,2025-01-24T22:43:29
USR-0967,CNT-0409,complete,3614,2025-01-24T22:48:52
USR-0987,CNT-0322,view,120,2025-01-24T23:00:07
USR-0587,CNT-0313,skip,14,2025-01-24T23:00:32
USR-0670,CNT-0348,view,27,2025-01-24T23:02:49
USR-0650,CNT-0485,skip,18,2025-01-24T23:05:22
USR-0501,CNT-0152,click,174,2025-01-24T23:32:56
USR-0526,CNT-0496,view,42,2025-01-24T23:42:35
USR-0072,CNT-0145,click,495,2025-01-24T23:42:55
USR-0817,CNT-0318,view,256,2025-01-24T23:54:34
USR-0682,CNT-0492,like,2798,2025-01-25T00:00:10
USR-0157,CNT-0321,view,793,2025-01-25T00:01:54
USR-0622,CNT-0228,skip,209,2025-01-25T00:05:48
USR-0750,CNT-0109,view,382,2025-01-25T00:06:14
USR-0225,CNT-0285,complete,929,2025-01-25T00:09:19
USR-0829,CNT-0168,view,6,2025-01-25T00:11:18
USR-0909,CNT-0156,click,771,2025-01-25T00:11:42
USR-0868,CNT-0150,complete,1638,2025-01-25T00:11:52
USR-0379,CNT-0127,view,99,2025-01-25T00:18:25
USR-0900,CNT-0434,click,29,2025-01-25T00:20:52
USR-0713,CNT-0341,skip,17,2025-01-25T00:53:20
USR-0745,CNT-0013,like,158,2025-01-25T00:59:28
USR-0178,CNT-0315,view,4668,2025-01-25T01:01:15
USR-0781,CNT-0492,complete,3967,2025-01-25T01:13:12
USR-0977,CNT-0146,click,200,2025-01-25T01:26:40
USR-0763,CNT-0345,like,313,2025-01-25T01:26:48
USR-0124,CNT-0269,view,79,2025-01-25T01:32:46
USR-0937,CNT-0371,skip,35,2025-01-25T01:45:41
USR-0490,CNT-0324,click,288,2025-01-25T02:12:16
USR-0929,CNT-0247,view,555,2025-01-25T02:13:13
USR-0538,CNT-0027,complete,1778,2025-01-25T02:17:05
USR-0522,CNT-0033,view,7,2025-01-25T02:18:14
USR-0403,CNT-0319,view,1266,2025-01-25T02:22:37
USR-0304,CNT-0135,like,1444,2025-01-25T02:39:22
USR-0427,CNT-0292,view,50,2025-01-25T02:51:18
USR-0539,CNT-0183,view,3960,2025-01-25T02:54:10
USR-0796,CNT-0176,view,674,2025-01-25T02:55:25
USR-0806,CNT-0068,click,396,2025-01-25T03:13:03
USR-0719,CNT-0125,complete,5083,2025-01-25T03:18:06
USR-0497,CNT-0165,complete,3251,2025-01-25T03:20:10
USR-0030,CNT-0356,click,1362,2025-01-25T03:24:34
USR-0220,CNT-0009,skip,577,2025-01-25T03:35:03
USR-0189,CNT-0404,like,687,2025-01-25T03:41:59
USR-0234,CNT-0477,skip,251,2025-01-25T03:59:29
USR-0905,CNT-0097,complete,3374,2025-01-25T04:03:05
USR-0832,CNT-0384,view,4239,2025-01-25T04:07:58
USR-0984,CNT-0176,view,4901,2025-01-25T04:08:16
USR-0594,CNT-0095,skip,136,2025-01-25T04:22:33
USR-0795,CNT-0236,like,20,2025-01-25T04:29:59
USR-0778,CNT-0243,skip,16,2025-01-25T04:30:29
USR-0489,CNT-0415,view,2891,2025-01-25T04:40:10
USR-0365,CNT-0175,click,1280,2025-01-25T04:46:16
USR-0194,CNT-0200,like,1098,2025-01-25T04:49:38
USR-0630,CNT-0197,skip,268,2025-01-25T04:54:13
USR-0529,CNT-0470,like,1000,2025-01-25T05:11:07
USR-0112,CNT-0344,view,530,2025-01-25T05:20:37
USR-0313,CNT-0157,view,161,2025-01-25T05:37:06
USR-0883,CNT-0396,complete,882,2025-01-25T05:37:07
USR-0140,CNT-0075,complete,369,2025-01-25T05:58:44
USR-0175,CNT-0181,view,5562,2025-01-25T05:59:42
USR-0673,CNT-0392,skip,209,2025-01-25T06:07:47
USR-0059,CNT-0013,skip,427,2025-01-25T06:10:59
USR-0676,CNT-0181,complete,6273,2025-01-25T06:11:01
USR-0851,CNT-0059,view,193,2025-01-25T06:12:15
USR-0447,CNT-0257,click,98,2025-01-25T06:45:33
USR-0597,CNT-0045,view,16,2025-01-25T06:56:23
USR-0309,CNT-0402,view,2377,2025-01-25T07:02:58
USR-0820,CNT-0343,view,1094,2025-01-25T07:12:25
USR-0728,CNT-0452,like,85,2025-01-25T07:19:30
USR-0522,CNT-0466,view,137,2025-01-25T07:24:30
USR-0568,CNT-0025,like,1269,2025-01-25T07:24:36
USR-0887,CNT-0292,click,133,2025-01-25T07:37:24
USR-0205,CNT-0103,click,538,2025-01-25T07:37:28
USR-0997,CNT-0231,view,2506,2025-01-25T07:40:10
USR-0872,CNT-0158,complete,118,2025-01-25T07:41:47
USR-0348,CNT-0245,click,37,2025-01-25T07:48:58
USR-0228,CNT-0410,like,56,2025-01-25T07:53:45
USR-0286,CNT-0067,click,500,2025-01-25T08:08:58
USR-0534,CNT-0184,view,54,2025-01-25T08:36:09
USR-0869,CNT-0190,complete,2112,2025-01-25T08:38:14
USR-0258,CNT-0444,view,74,2025-01-25T08:49:33
USR-0775,CNT-0394,skip,4,2025-01-25T08:55:28
USR-0795,CNT-0300,view,8,2025-01-25T09:05:16
USR-0618,CNT-0096,view,1227,2025-01-25T09:05:44
USR-0112,CNT-0366,skip,54,2025-01-25T09:15:47
USR-0034,CNT-0228,view,778,2025-01-25T09:18:17
USR-0732,CNT-0138,click,443,2025-01-25T09:19:25
USR-0798,CNT-0374,skip,68,2025-01-25T09:21:06
USR-0292,CNT-0205,view,504,2025-01-25T09:31:39
USR-0925,CNT-0476,complete,58,2025-01-25T09:31:46
USR-0261,CNT-0020,view,53,2025-01-25T09:33:34
USR-0110,CNT-0358,click,496,2025-01-25T09:51:40
USR-0631,CNT-0138,complete,610,2025-01-25T09:59:08
USR-0778,CNT-0328,click,56,2025-01-25T10:05:38
USR-0998,CNT-0305,view,207,2025-01-25T10:05:51
USR-0942,CNT-0446,click,156,2025-01-25T10:15:59
USR-0188,CNT-0226,skip,80,2025-01-25T10:24:58
USR-0247,CNT-0253,like,87,2025-01-25T10:25:45
USR-0651,CNT-0294,click,0,2025-01-25T10:36:53
USR-0409,CNT-0349,click,1904,2025-01-25T10:41:41
USR-0630,CNT-0150,view,30,2025-01-25T10:43:17
USR-0384,CNT-0192,like,57,2025-01-25T10:48:01
USR-0155,CNT-0341,click,51,2025-01-25T10:54:36
USR-0480,CNT-0364,view,388,2025-01-25T10:54:41
USR-0024,CNT-0149,click,91,2025-01-25T11:00:52
USR-0586,CNT-0194,complete,651,2025-01-25T11:02:26
USR-0733,CNT-0226,skip,143,2025-01-25T11:02:29
USR-0105,CNT-0335,skip,351,2025-01-25T11:03:47
USR-0005,CNT-0365,view,696,2025-01-25T11:03:59
USR-0532,CNT-0173,skip,116,2025-01-25T11:13:24
USR-0106,CNT-0404,view,389,2025-01-25T11:17:25
USR-0278,CNT-0467,view,1984,2025-01-25T11:21:14
USR-0908,CNT-0489,complete,3234,2025-01-25T11:23:46
USR-0756,CNT-0095,view,256,2025-01-25T11:34:01
USR-0197,CNT-0140,view,2335,2025-01-25T11:47:05
USR-0287,CNT-0445,view,94,2025-01-25T11:48:55
USR-0221,CNT-0054,complete,461,2025-01-25T11:50:01
USR-0683,CNT-0352,click,1163,2025-01-25T11:52:50
USR-0376,CNT-0027,like,756,2025-01-25T11:57:50
USR-0361,CNT-0494,view,103,2025-01-25T12:04:30
USR-0462,CNT-0164,like,3727,2025-01-25T12:09:10
USR-0728,CNT-0384,view,3082,2025-01-25T12:10:54
USR-0130,CNT-0117,click,114,2025-01-25T12:15:41
USR-0894,CNT-0294,like,59,2025-01-25T12:29:08
USR-0739,CNT-0327,skip,7,2025-01-25T12:30:41
USR-0712,CNT-0197,click,997,2025-01-25T12:32:30
USR-0627,CNT-0085,click,4531,2025-01-25T12:45:20
USR-0005,CNT-0259,skip,121,2025-01-25T12:49:40
USR-0040,CNT-0021,click,213,2025-01-25T13:11:11
USR-0932,CNT-0082,click,437,2025-01-25T13:13:57
USR-0328,CNT-0316,skip,66,2025-01-25T13:58:12
USR-0223,CNT-0498,view,370,2025-01-25T14:00:30
USR-0821,CNT-0463,like,199,2025-01-25T14:00:31
USR-0182,CNT-0106,skip,123,2025-01-25T14:16:02
USR-0330,CNT-0238,like,110,2025-01-25T14:22:01
USR-0863,CNT-0460,skip,999,2025-01-25T14:31:27
USR-0511,CNT-0230,view,22,2025-01-25T14:34:40
USR-0104,CNT-0417,view,487,2025-01-25T14:41:36
USR-0096,CNT-0230,skip,15,2025-01-25T14:42:04
USR-0261,CNT-0377,skip,4,2025-01-25T14:49:27
USR-0489,CNT-0418,complete,1783,2025-01-25T14:58:46
USR-0613,CNT-0362,complete,2358,2025-01-25T15:03:48
USR-0922,CNT-0364,view,713,2025-01-25T15:12:25
USR-0168,CNT-0408,view,205,2025-01-25T15:14:29
USR-0869,CNT-0083,skip,100,2025-01-25T15:16:48
USR-0378,CNT-0199,complete,101,2025-01-25T15:46:13
USR-0802,CNT-0341,complete,58,2025-01-25T15:46:14
USR-0218,CNT-0047,view,223,2025-01-25T15:55:32
USR-0567,CNT-0031,like,1569,2025-01-25T15:57:20
USR-0710,CNT-0004,complete,3913,2025-01-25T16:13:11
USR-0911,CNT-0287,like,79,2025-01-25T16:53:04
USR-0473,CNT-0295,click,71,2025-01-25T16:54:10
USR-0827,CNT-0300,complete,146,2025-01-25T16:59:38
USR-0387,CNT-0272,complete,864,2025-01-25T17:05:46
USR-0938,CNT-0100,like,96,2025-01-25T17:16:28
USR-0161,CNT-0233,complete,2040,2025-01-25T17:26:07
USR-0204,CNT-0367,click,82,2025-01-25T17:33:03
USR-0355,CNT-0032,complete,421,2025-01-25T17:51:26
USR-0839,CNT-0246,click,164,2025-01-25T18:05:57
USR-0558,CNT-0294,view,21,2025-01-25T18:05:58
USR-0700,CNT-0192,complete,48,2025-01-25T18:13:11
USR-0773,CNT-0190,like,909,2025-01-25T18:18:03
USR-0972,CNT-0338,view,46,2025-01-25T18:21:03
USR-0128,CNT-0157,view,363,2025-01-25T18:23:11
USR-0031,CNT-0171,skip,91,2025-01-25T18:42:02
USR-0955,CNT-0271,view,1787,2025-01-25T18:47:42
USR-0121,CNT-0142,like,150,2025-01-25T18:48:42
USR-0146,CNT-0129,like,632,2025-01-25T18:50:54
USR-0947,CNT-0166,complete,251,2025-01-25T18:51:20
USR-0870,CNT-0065,complete,124,2025-01-25T18:56:46
USR-0560,CNT-0172,skip,10,2025-01-25T19:03:51
USR-0744,CNT-0477,view,4021,2025-01-25T19:16:04
USR-0725,CNT-0029,skip,5,2025-01-25T19:24:31
USR-0738,CNT-0456,view,600,2025-01-25T19:34:18
USR-0451,CNT-0288,click,367,2025-01-25T19:43:52
USR-0216,CNT-0265,view,199,2025-01-25T19:48:24
USR-0377,CNT-0452,skip,15,2025-01-25T19:51:09
USR-0748,CNT-0385,click,3193,2025-01-25T19:57:44
USR-0796,CNT-0106,like,455,2025-01-25T19:57:59
USR-0287,CNT-0094,view,1014,2025-01-25T20:05:13
USR-0033,CNT-0129,view,125,2025-01-25T20:06:19
USR-0469,CNT-0201,click,318,2025-01-25T20:08:15
USR-0361,CNT-0195,skip,217,2025-01-25T20:09:19
USR-0772,CNT-0383,like,5,2025-01-25T20:20:55
USR-0999,CNT-0383,view,217,2025-01-25T20:29:21
USR-0184,CNT-0350,click,242,2025-01-25T20:35:04
USR-0179,CNT-0438,click,98,2025-01-25T20:39:01
USR-0939,CNT-0260,click,765,2025-01-25T20:58:09
USR-0649,CNT-0423,view,1109,2025-01-25T21:11:28
USR-0498,CNT-0134,like,161,2025-01-25T21:11:40
USR-0188,CNT-0278,view,189,2025-01-25T21:41:10
USR-0256,CNT-0126,view,382,2025-01-25T21:51:42
USR-0765,CNT-0136,view,239,2025-01-25T21:53:19
USR-0937,CNT-0176,click,4810,2025-01-25T21:54:25
USR-0377,CNT-0317,complete,940,2025-01-25T21:57:08
USR-0719,CNT-0041,like,209,2025-01-25T22:02:52
USR-0066,CNT-0398,view,112,2025-01-25T22:11:20
USR-0589,CNT-0101,view,287,2025-01-25T22:17:43
USR-0779,CNT-0249,complete,788,2025-01-25T22:21:48
USR-0810,CNT-0415,click,91,2025-01-25T22:27:56
USR-0912,CNT-0169,skip,1,2025-01-25T22:41:38
USR-0208,CNT-0274,view,718,2025-01-25T22:43:15
USR-0785,CNT-0254,skip,746,2025-01-25T22:49:02
USR-0121,CNT-0248,view,80,2025-01-25T22:52:19
USR-0480,CNT-0395,click,41,2025-01-25T22:59:24
USR-0887,CNT-0004,view,1960,2025-01-25T23:02:47
USR-0545,CNT-0464,like,649,2025-01-25T23:03:04
USR-0438,CNT-0233,view,1713,2025-01-25T23:06:53
USR-0067,CNT-0421,click,1739,2025-01-25T23:08:03
USR-0507,CNT-0238,skip,211,2025-01-25T23:16:49
USR-0648,CNT-0470,click,67,2025-01-25T23:27:31
USR-0131,CNT-0075,view,302,2025-01-25T23:27:32
USR-0624,CNT-0330,skip,191,2025-01-25T23:34:16
USR-0395,CNT-0109,view,202,2025-01-25T23:39:21
USR-0267,CNT-0173,click,309,2025-01-25T23:40:52
USR-0720,CNT-0009,click,1765,2025-01-25T23:47:12
USR-0633,CNT-0281,complete,4683,2025-01-25T23:48:45
USR-0567,CNT-0349,view,2122,2025-01-25T23:53:25
USR-0513,CNT-0031,skip,88,2025-01-26T00:08:30
USR-0463,CNT-0336,complete,279,2025-01-26T00:13:00
USR-0680,CNT-0123,skip,50,2025-01-26T00:26:25
USR-0924,CNT-0401,skip,1,2025-01-26T00:45:25
USR-0253,CNT-0162,view,102,2025-01-26T00:45:25
USR-0159,CNT-0109,view,344,2025-01-26T00:47:52
USR-0229,CNT-0385,click,490,2025-01-26T00:50:33
USR-0371,CNT-0278,like,222,2025-01-26T00:58:38
USR-0400,CNT-0053,view,41,2025-01-26T01:01:49
USR-0238,CNT-0471,view,2526,2025-01-26T01:18:23
USR-0428,CNT-0139,view,603,2025-01-26T01:18:48
USR-0190,CNT-0455,click,32,2025-01-26T01:30:20
USR-0380,CNT-0192,like,31,2025-01-26T01:58:04
USR-0823,CNT-0381,view,512,2025-01-26T02:23:50
USR-0412,CNT-0215,view,217,2025-01-26T02:41:45
USR-0045,CNT-0304,view,241,2025-01-26T02:42:05
USR-1000,CNT-0295,view,37,2025-01-26T02:46:57
USR-0011,CNT-0344,view,956,2025-01-26T02:47:07
USR-0281,CNT-0165,view,1327,2025-01-26T02:47:48
USR-0917,CNT-0016,view,424,2025-01-26T02:49:11
USR-0936,CNT-0149,click,126,2025-01-26T02:55:14
USR-0415,CNT-0132,complete,160,2025-01-26T02:57:46
USR-0491,CNT-0071,complete,68,2025-01-26T02:57:48
USR-0010,CNT-0225,view,3737,2025-01-26T03:05:21
USR-0849,CNT-0066,click,616,2025-01-26T03:29:39
USR-0664,CNT-0116,complete,64,2025-01-26T03:32:43
USR-0492,CNT-0437,skip,686,2025-01-26T03:39:26
USR-0216,CNT-0284,complete,2124,2025-01-26T03:41:29
USR-0067,CNT-0408,skip,12,2025-01-26T03:47:00
USR-0895,CNT-0335,view,1937,2025-01-26T03:54:32
USR-0553,CNT-0049,view,340,2025-01-26T04:04:04
USR-0522,CNT-0160,complete,410,2025-01-26T04:06:34
USR-0206,CNT-0023,view,785,2025-01-26T04:20:01
USR-0985,CNT-0468,view,1676,2025-01-26T04:22:05
USR-0217,CNT-0312,view,6,2025-01-26T04:29:42
USR-0602,CNT-0195,complete,976,2025-01-26T04:44:40
USR-0108,CNT-0286,view,709,2025-01-26T04:46:10
USR-0053,CNT-0177,view,3887,2025-01-26T04:49:47
USR-0352,CNT-0100,view,151,2025-01-26T04:53:29
USR-0925,CNT-0267,view,107,2025-01-26T05:06:58
USR-0444,CNT-0436,click,943,2025-01-26T05:17:18
USR-0190,CNT-0154,view,142,2025-01-26T05:19:55
USR-0831,CNT-0429,click,776,2025-01-26T05:25:18
USR-0714,CNT-0182,complete,131,2025-01-26T05:37:52
USR-0720,CNT-0419,like,816,2025-01-26T05:44:41
USR-0348,CNT-0482,complete,1115,2025-01-26T06:01:10
USR-0558,CNT-0462,click,1007,2025-01-26T06:03:19
USR-0085,CNT-0175,skip,64,2025-01-26T06:04:38
USR-0635,CNT-0268,like,2475,2025-01-26T06:24:39
USR-0108,CNT-0398,click,26,2025-01-26T06:29:25
USR-0221,CNT-0013,view,579,2025-01-26T06:32:27
USR-0270,CNT-0142,view,2577,2025-01-26T06:32:34
USR-0325,CNT-0278,skip,7,2025-01-26T06:36:41
USR-0308,CNT-0068,click,970,2025-01-26T06:52:30
USR-0721,CNT-0432,skip,787,2025-01-26T06:55:11
USR-0298,CNT-0317,view,254,2025-01-26T07:01:54
USR-0162,CNT-0498,skip,21,2025-01-26T07:06:21
USR-0286,CNT-0396,like,946,2025-01-26T07:11:17
USR-0339,CNT-0409,view,1746,2025-01-26T07:14:21
USR-0625,CNT-0169,skip,12,2025-01-26T07:35:31
USR-0937,CNT-0251,view,299,2025-01-26T07:43:03
USR-0526,CNT-0378,view,957,2025-01-26T07:48:54
USR-0257,CNT-0226,like,549,2025-01-26T07:52:26
USR-0081,CNT-0456,like,70,2025-01-26T08:23:13
USR-0941,CNT-0028,view,1138,2025-01-26T08:25:40
USR-0759,CNT-0245,click,36,2025-01-26T08:27:28
USR-0406,CNT-0314,click,3476,2025-01-26T08:29:46
USR-0517,CNT-0422,click,21,2025-01-26T08:32:57
USR-0435,CNT-0073,click,951,2025-01-26T08:39:11
USR-0914,CNT-0442,click,301,2025-01-26T08:41:02
USR-0588,CNT-0390,skip,129,2025-01-26T08:45:17
USR-0543,CNT-0438,complete,474,2025-01-26T08:49:26
USR-0590,CNT-0453,complete,571,2025-01-26T09:19:16
USR-0955,CNT-0070,view,415,2025-01-26T09:20:22
USR-0152,CNT-0436,click,19,2025-01-26T09:35:39
USR-0482,CNT-0239,click,153,2025-01-26T09:37:48
USR-0021,CNT-0332,view,876,2025-01-26T09:39:09
USR-0177,CNT-0131,view,736,2025-01-26T09:41:42
USR-0147,CNT-0294,complete,55,2025-01-26T09:48:31
USR-0761,CNT-0038,view,523,2025-01-26T09:49:55
USR-0068,CNT-0238,view,775,2025-01-26T09:49:57
USR-0853,CNT-0232,skip,1,2025-01-26T09:51:05
USR-0351,CNT-0455,click,30,2025-01-26T09:51:35
USR-0639,CNT-0110,view,22,2025-01-26T09:56:39
USR-0745,CNT-0415,like,2484,2025-01-26T10:02:32
USR-0200,CNT-0145,skip,59,2025-01-26T10:02:44
USR-0702,CNT-0382,complete,3717,2025-01-26T10:06:36
USR-0820,CNT-0146,complete,511,2025-01-26T10:28:18
USR-0590,CNT-0152,view,110,2025-01-26T10:29:17
USR-0007,CNT-0171,like,916,2025-01-26T10:37:27
USR-0109,CNT-0070,view,310,2025-01-26T10:48:46
USR-0921,CNT-0143,view,4691,2025-01-26T11:07:13
USR-0030,CNT-0072,view,155,2025-01-26T11:11:07
USR-0251,CNT-0054,like,259,2025-01-26T11:32:22
USR-0128,CNT-0260,view,296,2025-01-26T11:46:03
USR-0357,CNT-0226,complete,573,2025-01-26T11:46:23
USR-0615,CNT-0336,like,41,2025-01-26T11:46:49
USR-0488,CNT-0305,view,408,2025-01-26T11:48:15
USR-0147,CNT-0158,complete,139,2025-01-26T11:56:39
USR-0781,CNT-0250,complete,259,2025-01-26T11:59:18
USR-0562,CNT-0198,complete,1733,2025-01-26T12:01:34
USR-0413,CNT-0225,view,6174,2025-01-26T12:01:54
USR-0079,CNT-0001,view,41,2025-01-26T12:16:37
USR-0032,CNT-0293,click,127,2025-01-26T12:18:23
USR-0325,CNT-0041,view,688,2025-01-26T12:27:05
USR-0081,CNT-0050,view,520,2025-01-26T12:28:24
USR-0591,CNT-0017,complete,2129,2025-01-26T12:34:02
USR-0824,CNT-0058,complete,1153,2025-01-26T12:35:21
USR-0189,CNT-0200,view,547,2025-01-26T12:44:51
USR-0607,CNT-0384,view,4905,2025-01-26T12:49:06
USR-0457,CNT-0337,like,570,2025-01-26T12:50:59
USR-0925,CNT-0170,complete,98,2025-01-26T12:58:42
USR-0439,CNT-0248,click,26,2025-01-26T13:00:24
USR-0514,CNT-0372,click,44,2025-01-26T13:11:35
USR-0690,CNT-0235,complete,784,2025-01-26T13:12:26
USR-0627,CNT-0444,click,25,2025-01-26T13:14:23
USR-0190,CNT-0268,view,1619,2025-01-26T13:26:38
USR-0576,CNT-0424,click,200,2025-01-26T13:44:43
USR-0429,CNT-0406,complete,1261,2025-01-26T13:58:34
USR-0899,CNT-0278,click,133,2025-01-26T14:03:47
USR-0153,CNT-0483,complete,2783,2025-01-26T14:05:14
USR-0095,CNT-0145,complete,958,2025-01-26T14:08:29
USR-0245,CNT-0330,click,2039,2025-01-26T14:16:58
USR-0955,CNT-0094,complete,969,2025-01-26T14:20:32
USR-0768,CNT-0483,view,119,2025-01-26T14:23:49
USR-0739,CNT-0372,skip,118,2025-01-26T14:25:43
USR-0724,CNT-0279,complete,3390,2025-01-26T14:28:12
USR-0484,CNT-0394,view,23,2025-01-26T14:32:32
USR-0147,CNT-0330,complete,4267,2025-01-26T14:39:32
USR-0172,CNT-0231,click,146,2025-01-26T14:51:17
USR-0846,CNT-0162,like,142,2025-01-26T14:57:18
USR-0136,CNT-0016,like,342,2025-01-26T15:05:58
USR-0301,CNT-0404,click,56,2025-01-26T15:06:15
USR-0243,CNT-0486,view,417,2025-01-26T15:13:05
USR-0620,CNT-0482,view,1124,2025-01-26T15:15:12
USR-0404,CNT-0490,skip,462,2025-01-26T15:24:41
USR-0429,CNT-0074,like,121,2025-01-26T15:34:07
USR-0337,CNT-0250,click,153,2025-01-26T15:37:49
USR-0453,CNT-0277,view,48,2025-01-26T15:39:51
USR-0928,CNT-0189,complete,2519,2025-01-26T15:41:22
USR-0298,CNT-0331,skip,406,2025-01-26T15:47:27
USR-0591,CNT-0363,view,719,2025-01-26T15:54:20
USR-0592,CNT-0356,view,5261,2025-01-26T16:05:10
USR-0498,CNT-0094,skip,242,2025-01-26T16:13:40
USR-0497,CNT-0015,click,135,2025-01-26T16:16:48
USR-0093,CNT-0396,click,932,2025-01-26T16:33:06
USR-0650,CNT-0093,view,38,2025-01-26T16:38:36
USR-0819,CNT-0145,click,88,2025-01-26T16:51:44
USR-0252,CNT-0179,complete,33,2025-01-26T16:52:56
USR-0660,CNT-0148,complete,705,2025-01-26T16:58:13
USR-0727,CNT-0289,click,22,2025-01-26T17:03:33
USR-0108,CNT-0258,view,2358,2025-01-26T17:26:25
USR-0643,CNT-0237,skip,55,2025-01-26T17:31:57
USR-0916,CNT-0138,click,84,2025-01-26T17:37:28
USR-0203,CNT-0494,like,267,2025-01-26T17:39:03
USR-0466,CNT-0379,click,413,2025-01-26T17:40:05
USR-0166,CNT-0400,view,15,2025-01-26T17:55:51
USR-0386,CNT-0483,click,2134,2025-01-26T17:57:59
USR-0403,CNT-0398,complete,143,2025-01-26T18:00:07
USR-0386,CNT-0438,view,200,2025-01-26T18:09:40
USR-0179,CNT-0296,like,144,2025-01-26T18:33:13
USR-0482,CNT-0123,view,316,2025-01-26T18:35:14
USR-0833,CNT-0436,skip,262,2025-01-26T18:41:50
USR-0744,CNT-0129,view,460,2025-01-26T18:43:02
USR-0706,CNT-0028,click,2215,2025-01-26T18:56:13
USR-0008,CNT-0469,skip,72,2025-01-26T19:00:06
USR-0172,CNT-0172,click,72,2025-01-26T19:00:30
USR-0196,CNT-0039,view,2291,2025-01-26T19:13:37
USR-0669,CNT-0165,like,1278,2025-01-26T19:19:22
USR-0378,CNT-0406,view,1263,2025-01-26T19:23:43
USR-0515,CNT-0484,complete,144,2025-01-26T19:38:03
USR-0542,CNT-0247,like,745,2025-01-26T19:50:31
USR-0793,CNT-0468,like,558,2025-01-26T19:52:38
USR-0497,CNT-0319,view,250,2025-01-26T20:00:47
USR-0090,CNT-0462,like,330,2025-01-26T20:06:51
USR-0332,CNT-0378,complete,1829,2025-01-26T20:06:54
USR-0106,CNT-0360,skip,206,2025-01-26T20:52:33
USR-0595,CNT-0078,skip,18,2025-01-26T21:08:44
USR-0173,CNT-0140,view,1260,2025-01-26T21:14:35
USR-0885,CNT-0191,like,431,2025-01-26T21:16:01
USR-0156,CNT-0176,click,1135,2025-01-26T21:29:36
USR-0149,CNT-0311,click,5347,2025-01-26T21:30:36
USR-0829,CNT-0246,complete,735,2025-01-26T21:30:55
USR-0417,CNT-0472,complete,194,2025-01-26T21:55:25
USR-0737,CNT-0327,view,370,2025-01-26T21:56:53
USR-0655,CNT-0487,skip,642,2025-01-26T22:10:38
USR-0521,CNT-0224,click,1026,2025-01-26T22:12:39
USR-0020,CNT-0393,like,281,2025-01-26T22:16:45
USR-0295,CNT-0412,skip,192,2025-01-26T22:17:57
USR-0512,CNT-0199,click,92,2025-01-26T22:19:57
USR-0941,CNT-0323,view,2214,2025-01-26T22:21:34
USR-0953,CNT-0416,like,6,2025-01-26T22:28:06
USR-0765,CNT-0308,skip,133,2025-01-26T22:30:26
USR-0503,CNT-0020,complete,52,2025-01-26T22:39:46
USR-0706,CNT-0115,click,122,2025-01-26T22:42:08
USR-0767,CNT-0192,skip,4,2025-01-26T23:13:06
USR-0501,CNT-0150,click,487,2025-01-26T23:14:16
USR-0173,CNT-0442,view,88,2025-01-26T23:17:19
USR-0364,CNT-0406,skip,285,2025-01-26T23:17:59
USR-0324,CNT-0351,view,205,2025-01-26T23:20:38
USR-0142,CNT-0110,skip,32,2025-01-26T23:31:52
USR-0008,CNT-0476,skip,9,2025-01-26T23:34:28
USR-0271,CNT-0294,click,12,2025-01-26T23:36:21
USR-0069,CNT-0186,click,2950,2025-01-26T23:42:43
USR-0729,CNT-0379,complete,371,2025-01-26T23:51:27
USR-0524,CNT-0219,click,1,2025-01-26T23:56:02
USR-0199,CNT-0020,like,51,2025-01-26T23:58:31
USR-0558,CNT-0013,click,780,2025-01-27T00:08:52
USR-0171,CNT-0162,view,157,2025-01-27T00:09:21
USR-0037,CNT-0469,like,834,2025-01-27T00:10:35
USR-0306,CNT-0161,view,176,2025-01-27T00:11:37
USR-0580,CNT-0295,click,34,2025-01-27T00:16:58
USR-0517,CNT-0027,like,752,2025-01-27T00:19:06
USR-0669,CNT-0304,skip,197,2025-01-27T00:33:14
USR-0038,CNT-0131,view,190,2025-01-27T00:36:02
USR-0847,CNT-0056,like,42,2025-01-27T00:40:51
USR-0145,CNT-0288,view,92,2025-01-27T00:43:39
USR-0140,CNT-0297,like,911,2025-01-27T00:45:29
USR-0060,CNT-0267,like,370,2025-01-27T00:50:55
USR-0460,CNT-0318,click,562,2025-01-27T00:51:46
USR-0346,CNT-0324,complete,850,2025-01-27T00:53:50
USR-0241,CNT-0225,like,4431,2025-01-27T01:00:38
USR-0934,CNT-0472,like,43,2025-01-27T01:04:33
USR-0286,CNT-0305,view,280,2025-01-27T01:10:03
USR-0829,CNT-0215,click,27,2025-01-27T01:13:28
USR-0700,CNT-0308,view,691,2025-01-27T01:19:53
USR-0868,CNT-0039,view,2192,2025-01-27T01:27:02
USR-0302,CNT-0321,view,2371,2025-01-27T01:37:06
USR-0748,CNT-0077,complete,2992,2025-01-27T01:48:56
USR-0443,CNT-0471,like,1043,2025-01-27T01:56:20
USR-0336,CNT-0326,click,916,2025-01-27T02:02:10
USR-0062,CNT-0120,click,1018,2025-01-27T02:04:54
USR-0505,CNT-0191,view,202,2025-01-27T02:27:10
USR-0093,CNT-0239,view,279,2025-01-27T02:28:22
USR-0423,CNT-0211,view,146,2025-01-27T02:29:21
USR-0645,CNT-0412,complete,2062,2025-01-27T02:37:10
USR-0331,CNT-0425,click,278,2025-01-27T02:39:09
USR-0141,CNT-0438,view,25,2025-01-27T02:42:31
USR-0097,CNT-0173,skip,22,2025-01-27T02:46:40
USR-0941,CNT-0432,view,1365,2025-01-27T02:55:39
USR-0231,CNT-0397,view,560,2025-01-27T03:03:49
USR-0796,CNT-0435,skip,13,2025-01-27T03:04:58
USR-0435,CNT-0039,view,936,2025-01-27T03:05:55
USR-0236,CNT-0406,skip,156,2025-01-27T03:07:06
USR-0418,CNT-0325,complete,843,2025-01-27T03:11:15
USR-0484,CNT-0311,click,2596,2025-01-27T03:14:28
USR-0055,CNT-0065,complete,145,2025-01-27T03:17:34
USR-0671,CNT-0254,skip,918,2025-01-27T03:18:08
USR-0998,CNT-0279,complete,3019,2025-01-27T03:39:17
USR-0855,CNT-0207,view,3514,2025-01-27T03:41:45
USR-0883,CNT-0144,like,971,2025-01-27T03:46:00
USR-0578,CNT-0170,complete,105,2025-01-27T03:48:16
USR-0263,CNT-0082,click,354,2025-01-27T04:09:11
USR-0694,CNT-0407,view,21,2025-01-27T04:09:18
USR-0645,CNT-0432,like,3016,2025-01-27T04:12:18
USR-0937,CNT-0371,complete,160,2025-01-27T04:18:33
USR-0140,CNT-0233,view,1468,2025-01-27T04:26:01
USR-0850,CNT-0038,skip,85,2025-01-27T04:42:32
USR-0066,CNT-0104,skip,87,2025-01-27T04:43:21
USR-0200,CNT-0395,click,49,2025-01-27T04:44:51
USR-0219,CNT-0028,complete,2729,2025-01-27T04:47:30
USR-0271,CNT-0166,like,194,2025-01-27T04:56:26
USR-0590,CNT-0367,skip,184,2025-01-27T05:01:37
USR-0393,CNT-0497,complete,60,2025-01-27T05:07:29
USR-0490,CNT-0268,like,1311,2025-01-27T05:08:17
USR-0783,CNT-0081,click,112,2025-01-27T05:22:05
USR-0861,CNT-0246,view,140,2025-01-27T05:22:47
USR-0161,CNT-0335,like,1854,2025-01-27T05:38:11
USR-0726,CNT-0148,view,507,2025-01-27T05:43:29
USR-0638,CNT-0289,skip,3,2025-01-27T05:48:21
USR-0276,CNT-0047,click,624,2025-01-27T05:50:55
USR-0290,CNT-0083,click,311,2025-01-27T05:55:31
USR-0571,CNT-0015,complete,143,2025-01-27T05:57:26
USR-0152,CNT-0467,view,272,2025-01-27T06:09:31
USR-0258,CNT-0362,view,1399,2025-01-27T06:25:04
USR-0772,CNT-0223,like,1629,2025-01-27T06:42:24
USR-0167,CNT-0252,view,3213,2025-01-27T06:44:14
USR-0059,CNT-0009,view,3770,2025-01-27T07:02:14
USR-0708,CNT-0032,view,302,2025-01-27T07:08:56
USR-0620,CNT-0048,view,74,2025-01-27T07:10:00
USR-0269,CNT-0305,view,440,2025-01-27T07:12:20
USR-0886,CNT-0027,complete,1712,2025-01-27T07:14:51
USR-0356,CNT-0032,view,374,2025-01-27T07:15:23
USR-0747,CNT-0368,view,200,2025-01-27T07:40:35
USR-0786,CNT-0019,click,43,2025-01-27T07:40:56
USR-0309,CNT-0312,view,53,2025-01-27T07:41:35
USR-0131,CNT-0422,view,75,2025-01-27T07:58:43
USR-0974,CNT-0475,complete,149,2025-01-27T08:09:22
USR-0139,CNT-0494,click,315,2025-01-27T08:11:38
USR-0642,CNT-0055,view,17,2025-01-27T08:34:45
USR-0411,CNT-0250,like,49,2025-01-27T08:38:15
USR-0883,CNT-0098,view,5960,2025-01-27T08:39:29
USR-0367,CNT-0303,like,536,2025-01-27T08:43:52
USR-0964,CNT-0298,like,2916,2025-01-27T08:49:03
USR-0741,CNT-0453,click,375,2025-01-27T08:51:10
USR-0826,CNT-0480,skip,159,2025-01-27T08:59:18
USR-0444,CNT-0234,view,1216,2025-01-27T09:15:12
USR-0585,CNT-0041,view,1608,2025-01-27T09:16:03
USR-0979,CNT-0242,complete,463,2025-01-27T09:25:51
USR-0723,CNT-0109,complete,596,2025-01-27T09:27:51
USR-0820,CNT-0457,skip,87,2025-01-27T09:29:29
USR-0109,CNT-0244,like,514,2025-01-27T09:47:37
USR-0665,CNT-0362,view,2754,2025-01-27T09:51:27
USR-0411,CNT-0387,view,308,2025-01-27T10:03:32
USR-0863,CNT-0009,click,3097,2025-01-27T10:28:32
USR-0674,CNT-0474,view,662,2025-01-27T10:42:19
USR-0236,CNT-0311,skip,69,2025-01-27T10:52:25
USR-0312,CNT-0169,view,42,2025-01-27T10:52:48
USR-0917,CNT-0257,like,349,2025-01-27T11:03:19
USR-0290,CNT-0188,skip,231,2025-01-27T11:04:43
USR-0325,CNT-0459,view,98,2025-01-27T11:09:37
USR-0713,CNT-0458,view,1517,2025-01-27T11:18:18
USR-0418,CNT-0129,click,408,2025-01-27T11:23:23
USR-0470,CNT-0028,view,1229,2025-01-27T11:25:26
USR-0579,CNT-0147,view,771,2025-01-27T11:40:07
USR-0142,CNT-0206,click,20,2025-01-27T11:41:13
USR-0609,CNT-0191,complete,679,2025-01-27T11:47:30
USR-0741,CNT-0224,click,1126,2025-01-27T11:50:00
USR-0810,CNT-0002,view,68,2025-01-27T11:50:12
USR-0890,CNT-0141,click,1267,2025-01-27T12:14:38
USR-0040,CNT-0419,like,967,2025-01-27T12:32:39
USR-0954,CNT-0396,view,821,2025-01-27T12:35:43
USR-0131,CNT-0389,click,19,2025-01-27T12:35:55
USR-0670,CNT-0299,view,92,2025-01-27T12:41:15
USR-0932,CNT-0486,view,339,2025-01-27T12:42:25
USR-0711,CNT-0111,click,22,2025-01-27T12:52:54
USR-0988,CNT-0065,complete,143,2025-01-27T12:57:39
USR-0735,CNT-0430,view,344,2025-01-27T12:59:11
USR-0618,CNT-0495,skip,88,2025-01-27T13:00:29
USR-0538,CNT-0366,like,221,2025-01-27T13:03:22
USR-0387,CNT-0235,view,285,2025-01-27T13:09:28
USR-0253,CNT-0340,complete,581,2025-01-27T13:26:28
USR-0273,CNT-0087,view,197,2025-01-27T13:27:25
USR-0647,CNT-0015,view,104,2025-01-27T13:31:07
USR-0385,CNT-0008,complete,1832,2025-01-27T13:43:11
USR-0024,CNT-0282,complete,1082,2025-01-27T13:49:30
USR-0765,CNT-0430,complete,513,2025-01-27T13:54:51
USR-0403,CNT-0350,view,80,2025-01-27T13:56:41
USR-0846,CNT-0030,like,683,2025-01-27T13:58:22
USR-0647,CNT-0434,click,18,2025-01-27T13:59:11
USR-0218,CNT-0471,complete,2645,2025-01-27T14:00:56
USR-0102,CNT-0179,view,18,2025-01-27T14:06:47
USR-0153,CNT-0117,view,157,2025-01-27T14:08:37
USR-0259,CNT-0299,view,8,2025-01-27T14:14:44
USR-0010,CNT-0164,click,151,2025-01-27T14:24:10
USR-0851,CNT-0366,skip,2,2025-01-27T14:32:08
USR-0800,CNT-0096,complete,2336,2025-01-27T14:32:11
USR-0962,CNT-0194,skip,104,2025-01-27T14:32:57
USR-0356,CNT-0326,like,1176,2025-01-27T14:39:26
USR-0670,CNT-0024,view,77,2025-01-27T14:53:05
USR-0667,CNT-0218,view,81,2025-01-27T14:55:32
USR-0001,CNT-0422,like,5,2025-01-27T15:00:19
USR-0134,CNT-0334,view,91,2025-01-27T15:09:43
USR-0543,CNT-0091,complete,34,2025-01-27T15:21:23
USR-0537,CNT-0210,click,3115,2025-01-27T15:38:29
USR-0163,CNT-0450,skip,500,2025-01-27T15:43:11
USR-0890,CNT-0193,complete,3874,2025-01-27T15:53:34
USR-0281,CNT-0477,view,3548,2025-01-27T16:06:41
USR-0660,CNT-0416,skip,0,2025-01-27T16:08:05
USR-0330,CNT-0272,view,900,2025-01-27T16:09:01
USR-0063,CNT-0377,view,24,2025-01-27T16:11:16
USR-0636,CNT-0433,view,92,2025-01-27T16:12:27
USR-0299,CNT-0336,complete,296,2025-01-27T16:12:54
USR-0143,CNT-0302,click,2,2025-01-27T16:13:22
USR-0959,CNT-0430,click,42,2025-01-27T16:26:35
USR-0443,CNT-0108,complete,262,2025-01-27T16:28:14
USR-0717,CNT-0425,view,479,2025-01-27T16:43:28
USR-0484,CNT-0012,complete,194,2025-01-27T16:51:27
USR-0143,CNT-0497,click,36,2025-01-27T16:51:58
USR-0734,CNT-0108,like,107,2025-01-27T16:55:23
USR-0913,CNT-0390,complete,2563,2025-01-27T17:01:00
USR-0103,CNT-0478,click,683,2025-01-27T17:13:08
USR-0734,CNT-0037,like,3777,2025-01-27T17:20:13
USR-0324,CNT-0215,skip,82,2025-01-27T17:23:07
USR-0100,CNT-0491,like,2733,2025-01-27T17:23:50
USR-0312,CNT-0390,click,1991,2025-01-27T17:25:11
USR-0339,CNT-0387,skip,72,2025-01-27T17:29:35
USR-0523,CNT-0014,complete,4508,2025-01-27T17:42:33
USR-0805,CNT-0093,click,17,2025-01-27T17:43:06
USR-0747,CNT-0150,view,91,2025-01-27T18:01:15
USR-0191,CNT-0071,view,51,2025-01-27T18:16:36
USR-0400,CNT-0183,view,4400,2025-01-27T18:22:26
USR-0366,CNT-0137,skip,97,2025-01-27T18:23:08
USR-0205,CNT-0029,click,145,2025-01-27T18:25:52
USR-0391,CNT-0402,skip,26,2025-01-27T18:35:11
USR-0604,CNT-0124,like,132,2025-01-27T18:37:56
USR-0228,CNT-0245,complete,144,2025-01-27T18:40:39
USR-0200,CNT-0420,click,2635,2025-01-27T18:47:55
USR-0129,CNT-0092,skip,205,2025-01-27T18:52:48
USR-0534,CNT-0035,view,40,2025-01-27T18:54:02
USR-0478,CNT-0296,click,314,2025-01-27T18:56:01
USR-0604,CNT-0260,click,665,2025-01-27T19:00:10
USR-0935,CNT-0478,view,826,2025-01-27T19:10:44
USR-0375,CNT-0475,view,90,2025-01-27T19:11:59
USR-0520,CNT-0218,complete,1153,2025-01-27T19:17:33
USR-0464,CNT-0306,view,38,2025-01-27T19:18:31
USR-0909,CNT-0140,view,2851,2025-01-27T19:25:56
USR-0194,CNT-0156,click,1965,2025-01-27T19:42:34
USR-0319,CNT-0167,view,1105,2025-01-27T19:48:20
USR-0743,CNT-0174,like,37,2025-01-27T19:49:19
USR-0377,CNT-0471,like,827,2025-01-27T19:50:14
USR-0035,CNT-0130,view,10,2025-01-27T19:56:31
USR-0625,CNT-0204,view,376,2025-01-27T19:56:47
USR-0873,CNT-0418,view,1424,2025-01-27T19:57:39
USR-0203,CNT-0110,like,20,2025-01-27T20:08:14
USR-0224,CNT-0217,like,81,2025-01-27T20:09:54
USR-0664,CNT-0425,click,616,2025-01-27T20:12:29
USR-0781,CNT-0061,complete,777,2025-01-27T20:13:13
USR-0132,CNT-0152,like,23,2025-01-27T20:19:38
USR-0111,CNT-0170,skip,11,2025-01-27T20:20:47
USR-0541,CNT-0454,view,37,2025-01-27T20:26:54
USR-0538,CNT-0175,view,2496,2025-01-27T20:27:58
USR-0112,CNT-0137,click,750,2025-01-27T20:41:55
USR-0155,CNT-0263,view,160,2025-01-27T20:47:29
USR-0539,CNT-0494,view,13,2025-01-27T20:50:12
USR-0539,CNT-0367,like,252,2025-01-27T20:53:37
USR-0707,CNT-0081,view,345,2025-01-27T20:54:39
USR-0836,CNT-0127,view,170,2025-01-27T20:55:39
USR-0583,CNT-0152,view,86,2025-01-27T21:01:48
USR-0789,CNT-0463,complete,1983,2025-01-27T21:21:47
USR-0318,CNT-0434,click,26,2025-01-27T21:24:40
USR-0131,CNT-0028,view,207,2025-01-27T21:27:09
USR-0457,CNT-0383,like,33,2025-01-27T21:30:40
USR-0404,CNT-0263,complete,236,2025-01-27T21:33:09
USR-0127,CNT-0369,like,3141,2025-01-27T21:38:21
USR-0728,CNT-0396,complete,829,2025-01-27T21:48:37
USR-0331,CNT-0362,view,917,2025-01-27T22:02:13
USR-0099,CNT-0048,like,21,2025-01-27T22:06:26
USR-0987,CNT-0174,skip,8,2025-01-27T22:07:34
USR-0376,CNT-0374,skip,62,2025-01-27T22:12:58
USR-0679,CNT-0470,view,181,2025-01-27T22:26:43
USR-0389,CNT-0440,view,2558,2025-01-27T22:31:11
USR-0728,CNT-0025,view,2228,2025-01-27T22:34:15
USR-0808,CNT-0297,click,1289,2025-01-27T22:46:24
USR-0466,CNT-0107,click,218,2025-01-27T22:47:30
USR-0837,CNT-0047,skip,197,2025-01-27T22:49:19
USR-0001,CNT-0159,click,88,2025-01-27T22:54:25
USR-0348,CNT-0227,click,123,2025-01-27T23:00:47
USR-0023,CNT-0249,view,562,2025-01-27T23:01:01
USR-0881,CNT-0414,complete,193,2025-01-27T23:02:23
USR-0753,CNT-0130,view,14,2025-01-27T23:06:08
USR-0468,CNT-0306,skip,1,2025-01-27T23:10:10
USR-0660,CNT-0458,complete,2459,2025-01-27T23:13:05
USR-0327,CNT-0371,skip,26,2025-01-27T23:16:53
USR-0497,CNT-0375,skip,90,2025-01-27T23:18:44
USR-0598,CNT-0303,complete,483,2025-01-27T23:23:33
USR-0526,CNT-0091,click,4,2025-01-27T23:24:37
USR-0078,CNT-0237,view,380,2025-01-27T23:26:58
USR-0906,CNT-0061,click,507,2025-01-27T23:27:57
USR-0854,CNT-0472,skip,49,2025-01-27T23:31:18
USR-0203,CNT-0073,click,1193,2025-01-27T23:36:08
USR-0778,CNT-0017,skip,48,2025-01-27T23:37:51
USR-0792,CNT-0249,view,657,2025-01-27T23:43:11
USR-0261,CNT-0209,complete,106,2025-01-27T23:54:37
USR-0051,CNT-0382,skip,615,2025-01-27T23:58:18
USR-0707,CNT-0007,complete,3458,2025-01-27T23:59:20
USR-0839,CNT-0275,view,55,2025-01-27T23:59:40
USR-0864,CNT-0467,skip,229,2025-01-28T00:01:46
USR-0530,CNT-0160,skip,118,2025-01-28T00:20:36
USR-0433,CNT-0456,complete,644,2025-01-28T00:20:41
USR-0936,CNT-0206,view,218,2025-01-28T00:21:31
USR-0954,CNT-0032,view,43,2025-01-28T00:24:12
USR-0267,CNT-0255,skip,52,2025-01-28T00:24:28
USR-0367,CNT-0331,skip,350,2025-01-28T00:29:08
USR-0418,CNT-0495,skip,159,2025-01-28T00:32:10
USR-0651,CNT-0302,like,17,2025-01-28T00:32:39
USR-0672,CNT-0342,view,573,2025-01-28T00:34:46
USR-0255,CNT-0100,view,191,2025-01-28T00:49:52
USR-0911,CNT-0220,view,35,2025-01-28T00:50:34
USR-0069,CNT-0061,click,744,2025-01-28T00:53:47
USR-0125,CNT-0469,view,795,2025-01-28T01:06:04
USR-0462,CNT-0022,view,306,2025-01-28T01:23:23
USR-0538,CNT-0232,click,37,2025-01-28T01:36:21
USR-0187,CNT-0026,like,119,2025-01-28T01:45:27
USR-0194,CNT-0127,skip,33,2025-01-28T01:53:05
USR-0879,CNT-0202,view,1053,2025-01-28T02:11:01
USR-0993,CNT-0334,like,5,2025-01-28T02:17:44
USR-0436,CNT-0096,complete,2122,2025-01-28T02:31:32
USR-0150,CNT-0189,click,2073,2025-01-28T02:46:46
USR-0424,CNT-0051,view,36,2025-01-28T02:52:53
USR-0655,CNT-0272,click,673,2025-01-28T02:56:03
USR-0308,CNT-0095,click,65,2025-01-28T02:57:48
USR-0481,CNT-0272,like,645,2025-01-28T03:01:59
USR-0369,CNT-0157,complete,451,2025-01-28T03:03:36
USR-0522,CNT-0364,view,381,2025-01-28T03:07:34
USR-0075,CNT-0314,complete,4156,2025-01-28T03:13:14
USR-0685,CNT-0263,skip,57,2025-01-28T03:15:20
USR-0343,CNT-0191,complete,725,2025-01-28T03:25:24
USR-0209,CNT-0127,complete,178,2025-01-28T03:35:07
USR-0761,CNT-0486,complete,431,2025-01-28T03:36:30
USR-0339,CNT-0438,view,199,2025-01-28T03:37:31
USR-0094,CNT-0277,view,80,2025-01-28T03:42:41
USR-0620,CNT-0487,complete,2407,2025-01-28T03:48:50
USR-0579,CNT-0149,like,129,2025-01-28T03:52:44
USR-0684,CNT-0196,view,99,2025-01-28T04:01:01
USR-0045,CNT-0232,like,19,2025-01-28T04:07:47
USR-0228,CNT-0434,like,32,2025-01-28T04:13:13
USR-0025,CNT-0286,click,858,2025-01-28T04:17:17
USR-0226,CNT-0424,complete,414,2025-01-28T04:18:30
USR-0531,CNT-0204,like,2020,2025-01-28T04:46:41
USR-0220,CNT-0087,skip,81,2025-01-28T04:49:46
USR-0321,CNT-0164,view,3573,2025-01-28T04:50:17
USR-0742,CNT-0447,view,231,2025-01-28T04:50:46
USR-0106,CNT-0434,click,32,2025-01-28T04:53:02
USR-0092,CNT-0145,skip,198,2025-01-28T04:53:05
USR-0555,CNT-0315,complete,4782,2025-01-28T05:13:05
USR-0952,CNT-0467,complete,1989,2025-01-28T05:16:52
USR-0585,CNT-0305,skip,99,2025-01-28T05:25:23
USR-0939,CNT-0451,click,152,2025-01-28T05:31:09
USR-0290,CNT-0014,view,1871,2025-01-28T05:35:22
USR-0126,CNT-0401,view,73,2025-01-28T05:39:13
USR-0473,CNT-0232,click,2,2025-01-28T05:45:39
USR-0945,CNT-0221,like,135,2025-01-28T05:52:15
USR-0752,CNT-0201,skip,988,2025-01-28T05:52:50
USR-0555,CNT-0479,like,803,2025-01-28T05:54:34
USR-0585,CNT-0193,view,1504,2025-01-28T06:04:46
USR-0308,CNT-0320,click,69,2025-01-28T06:10:52
USR-0633,CNT-0367,view,507,2025-01-28T06:13:33
USR-0893,CNT-0385,view,2003,2025-01-28T06:21:06
USR-0349,CNT-0066,view,555,2025-01-28T06:33:31
USR-0069,CNT-0198,view,724,2025-01-28T06:36:56
USR-0473,CNT-0240,view,51,2025-01-28T06:44:46
USR-0733,CNT-0413,skip,43,2025-01-28T06:51:44
USR-0834,CNT-0130,skip,1,2025-01-28T06:51:52
USR-0552,CNT-0055,view,196,2025-01-28T07:07:17
USR-0817,CNT-0185,skip,146,2025-01-28T07:20:57
USR-0701,CNT-0330,skip,265,2025-01-28T07:28:49
USR-0863,CNT-0346,like,4180,2025-01-28T07:30:10
USR-0262,CNT-0303,click,370,2025-01-28T07:48:32
USR-0211,CNT-0470,view,205,2025-01-28T07:49:07
USR-0465,CNT-0406,view,1040,2025-01-28T07:56:12
USR-0124,CNT-0128,view,206,2025-01-28T07:58:58
USR-0376,CNT-0079,complete,4310,2025-01-28T08:03:23
USR-0241,CNT-0006,view,247,2025-01-28T08:05:59
USR-0124,CNT-0052,skip,64,2025-01-28T08:06:27
USR-0489,CNT-0436,view,225,2025-01-28T08:12:16
USR-0111,CNT-0170,view,58,2025-01-28T08:36:54
USR-0371,CNT-0178,view,525,2025-01-28T08:43:56
USR-0474,CNT-0076,complete,711,2025-01-28T08:56:12
USR-0595,CNT-0134,like,503,2025-01-28T08:59:42
USR-0432,CNT-0363,view,4574,2025-01-28T09:01:07
USR-0769,CNT-0494,view,310,2025-01-28T09:01:19
USR-0777,CNT-0305,complete,709,2025-01-28T09:13:08
USR-0502,CNT-0357,view,1840,2025-01-28T09:27:50
USR-0889,CNT-0034,view,230,2025-01-28T09:33:22
USR-0618,CNT-0388,view,1962,2025-01-28T09:35:23
USR-0487,CNT-0051,click,21,2025-01-28T09:42:26
USR-0672,CNT-0280,skip,5,2025-01-28T09:46:48
USR-0676,CNT-0037,view,3308,2025-01-28T09:48:22
USR-0033,CNT-0036,skip,34,2025-01-28T09:48:44
USR-0776,CNT-0188,view,579,2025-01-28T09:57:21
USR-0345,CNT-0377,like,17,2025-01-28T10:04:33
USR-0471,CNT-0458,view,580,2025-01-28T10:11:11
USR-0111,CNT-0499,view,37,2025-01-28T10:12:54
USR-0162,CNT-0321,view,3130,2025-01-28T10:14:12
USR-0892,CNT-0060,view,116,2025-01-28T10:26:41
USR-0679,CNT-0045,skip,26,2025-01-28T10:27:20
USR-0482,CNT-0070,complete,715,2025-01-28T10:30:17
USR-0393,CNT-0391,view,54,2025-01-28T10:52:09
USR-0760,CNT-0183,view,1558,2025-01-28T10:59:22
USR-0092,CNT-0163,skip,263,2025-01-28T11:07:53
USR-0484,CNT-0449,complete,2924,2025-01-28T11:17:21
USR-0133,CNT-0118,view,2636,2025-01-28T11:19:50
USR-0790,CNT-0114,view,802,2025-01-28T11:25:24
USR-0594,CNT-0249,view,474,2025-01-28T11:37:05
USR-0949,CNT-0429,like,493,2025-01-28T11:43:18
USR-0708,CNT-0159,skip,34,2025-01-28T11:44:37
USR-0260,CNT-0011,complete,1253,2025-01-28T11:50:47
USR-0789,CNT-0151,click,2228,2025-01-28T11:54:00
USR-0281,CNT-0458,complete,2414,2025-01-28T11:59:16
USR-0421,CNT-0008,view,1025,2025-01-28T12:19:53
USR-0880,CNT-0216,like,266,2025-01-28T12:30:51
USR-0331,CNT-0325,complete,1002,2025-01-28T12:33:27
USR-0634,CNT-0429,view,1382,2025-01-28T13:01:19
USR-0504,CNT-0443,like,883,2025-01-28T13:02:27
USR-0183,CNT-0468,complete,1419,2025-01-28T13:15:37
USR-0192,CNT-0091,complete,38,2025-01-28T13:20:34
USR-0415,CNT-0041,skip,31,2025-01-28T13:25:58
USR-0436,CNT-0282,view,205,2025-01-28T13:33:25
USR-0618,CNT-0367,view,493,2025-01-28T13:54:29
USR-0369,CNT-0015,view,50,2025-01-28T14:00:10
USR-0482,CNT-0485,view,23,2025-01-28T14:12:03
USR-0115,CNT-0194,like,283,2025-01-28T14:12:22
USR-0665,CNT-0093,view,103,2025-01-28T14:15:55
USR-0607,CNT-0487,view,1997,2025-01-28T14:38:23
USR-0511,CNT-0227,like,63,2025-01-28T14:38:26
USR-0148,CNT-0042,skip,134,2025-01-28T14:43:56
USR-0299,CNT-0319,like,2509,2025-01-28T14:48:16
USR-0324,CNT-0114,like,505,2025-01-28T14:49:38
USR-0142,CNT-0175,like,2951,2025-01-28T14:53:43
USR-0547,CNT-0429,view,1225,2025-01-28T15:00:56
USR-0251,CNT-0226,like,5,2025-01-28T15:13:52
USR-0556,CNT-0276,complete,138,2025-01-28T15:14:49
USR-0247,CNT-0125,like,2242,2025-01-28T15:16:44
USR-0758,CNT-0447,complete,3667,2025-01-28T15:24:42
USR-0979,CNT-0344,complete,920,2025-01-28T15:38:52
USR-0437,CNT-0069,like,2812,2025-01-28T15:39:13
USR-0712,CNT-0326,view,1144,2025-01-28T15:41:48
USR-0976,CNT-0063,complete,77,2025-01-28T15:50:44
USR-0022,CNT-0430,view,412,2025-01-28T15:56:55
USR-0663,CNT-0250,click,25,2025-01-28T16:13:46
USR-0722,CNT-0420,view,1675,2025-01-28T16:17:12
USR-0445,CNT-0404,click,630,2025-01-28T16:27:01
USR-0981,CNT-0146,skip,21,2025-01-28T16:29:56
USR-0238,CNT-0026,view,111,2025-01-28T16:31:45
USR-0468,CNT-0397,view,1019,2025-01-28T16:37:17
USR-0520,CNT-0347,view,1883,2025-01-28T16:38:00
USR-0938,CNT-0057,complete,920,2025-01-28T16:38:59
USR-0531,CNT-0452,like,54,2025-01-28T16:41:50
USR-0384,CNT-0292,skip,15,2025-01-28T16:42:11
USR-0509,CNT-0426,skip,240,2025-01-28T16:49:01
USR-0346,CNT-0454,skip,75,2025-01-28T16:49:48
USR-0803,CNT-0012,skip,42,2025-01-28T16:56:30
USR-0721,CNT-0095,like,699,2025-01-28T17:07:51
USR-0968,CNT-0109,complete,538,2025-01-28T17:11:02
USR-0262,CNT-0217,skip,60,2025-01-28T17:11:24
USR-0287,CNT-0235,view,477,2025-01-28T17:23:36
USR-0448,CNT-0076,complete,690,2025-01-28T17:36:39
USR-0077,CNT-0334,view,2,2025-01-28T17:38:18
USR-0035,CNT-0193,complete,4291,2025-01-28T17:48:19
USR-0587,CNT-0355,view,1213,2025-01-28T18:02:59
USR-0282,CNT-0184,click,192,2025-01-28T18:08:27
USR-0453,CNT-0120,view,263,2025-01-28T18:18:57
USR-0111,CNT-0179,click,28,2025-01-28T18:21:02
USR-0776,CNT-0163,view,4104,2025-01-28T18:25:46
USR-0617,CNT-0314,complete,4001,2025-01-28T18:53:02
USR-0031,CNT-0268,view,4141,2025-01-28T18:54:14
USR-0404,CNT-0359,skip,160,2025-01-28T19:12:06
USR-0432,CNT-0447,click,958,2025-01-28T19:15:29
USR-0070,CNT-0372,skip,135,2025-01-28T20:13:47
USR-0450,CNT-0496,skip,32,2025-01-28T20:20:17
USR-0117,CNT-0226,complete,607,2025-01-28T20:23:25
USR-0869,CNT-0230,view,51,2025-01-28T20:38:45
USR-0848,CNT-0342,skip,509,2025-01-28T20:43:20
USR-0816,CNT-0356,view,1357,2025-01-28T20:49:44
USR-0919,CNT-0236,like,19,2025-01-28T20:50:51
USR-0071,CNT-0439,skip,113,2025-01-28T21:11:26
USR-0450,CNT-0294,click,60,2025-01-28T21:19:47
USR-0549,CNT-0004,complete,3746,2025-01-28T21:25:59
USR-0417,CNT-0212,skip,604,2025-01-28T21:37:52
USR-0007,CNT-0259,view,140,2025-01-28T21:51:11
USR-0667,CNT-0040,like,24,2025-01-28T21:58:32
USR-0916,CNT-0419,like,985,2025-01-28T22:01:30
USR-0639,CNT-0248,view,80,2025-01-28T22:18:20
USR-0957,CNT-0461,view,1551,2025-01-28T22:21:50
USR-0075,CNT-0015,view,159,2025-01-28T22:23:09
USR-0718,CNT-0333,complete,153,2025-01-28T22:33:04
USR-0453,CNT-0489,view,545,2025-01-28T22:34:34
USR-0108,CNT-0256,view,166,2025-01-28T22:40:58
USR-0295,CNT-0223,click,1860,2025-01-28T22:42:32
USR-0221,CNT-0128,view,376,2025-01-28T22:56:02
USR-0908,CNT-0460,like,3480,2025-01-28T22:57:20
USR-0164,CNT-0074,skip,36,2025-01-28T23:02:23
USR-0900,CNT-0313,like,11,2025-01-28T23:08:07
USR-0399,CNT-0066,view,288,2025-01-28T23:08:15
USR-0721,CNT-0186,complete,2725,2025-01-28T23:14:57
USR-0032,CNT-0240,view,32,2025-01-28T23:20:15
USR-0176,CNT-0391,view,95,2025-01-28T23:25:46
USR-0251,CNT-0059,like,776,2025-01-28T23:27:35
USR-0822,CNT-0028,complete,2820,2025-01-28T23:30:48
USR-0054,CNT-0273,skip,11,2025-01-28T23:39:17
USR-0695,CNT-0168,like,285,2025-01-28T23:40:17
USR-0889,CNT-0218,like,1066,2025-01-28T23:45:13
USR-0175,CNT-0415,like,4407,2025-01-29T00:00:42
USR-0609,CNT-0015,view,133,2025-01-29T00:05:29
USR-0295,CNT-0353,view,2750,2025-01-29T00:18:22
USR-0069,CNT-0170,click,18,2025-01-29T00:18:28
USR-0635,CNT-0283,view,70,2025-01-29T00:23:23
USR-0493,CNT-0165,view,1414,2025-01-29T00:26:35
USR-0285,CNT-0162,like,192,2025-01-29T00:28:50
USR-0830,CNT-0359,view,414,2025-01-29T00:31:22
USR-0969,CNT-0252,skip,297,2025-01-29T00:32:35
USR-0736,CNT-0113,complete,2480,2025-01-29T00:34:02
USR-0223,CNT-0271,view,894,2025-01-29T00:37:06
USR-0316,CNT-0149,skip,28,2025-01-29T00:54:26
USR-0361,CNT-0161,complete,1169,2025-01-29T01:03:22
USR-0235,CNT-0225,complete,6715,2025-01-29T01:15:25
USR-0438,CNT-0153,complete,4320,2025-01-29T01:21:34
USR-0831,CNT-0189,click,741,2025-01-29T01:21:39
USR-0770,CNT-0049,complete,346,2025-01-29T01:22:21
USR-0296,CNT-0118,click,1722,2025-01-29T01:24:30
USR-0611,CNT-0300,like,152,2025-01-29T01:29:22
USR-0054,CNT-0494,complete,348,2025-01-29T01:39:42
USR-0326,CNT-0310,complete,3720,2025-01-29T01:46:24
USR-0432,CNT-0177,complete,5348,2025-01-29T01:54:16
USR-0135,CNT-0457,view,223,2025-01-29T02:02:38
USR-0656,CNT-0452,view,8,2025-01-29T02:03:38
USR-0994,CNT-0464,like,90,2025-01-29T02:11:00
USR-0734,CNT-0101,skip,1,2025-01-29T02:28:06
USR-0217,CNT-0438,view,6,2025-01-29T02:30:36
USR-0411,CNT-0003,like,3895,2025-01-29T02:31:38
USR-0832,CNT-0023,like,2159,2025-01-29T02:36:18
USR-0873,CNT-0199,view,73,2025-01-29T02:47:41
USR-0565,CNT-0436,skip,78,2025-01-29T02:54:03
USR-0023,CNT-0092,view,528,2025-01-29T02:56:53
USR-0749,CNT-0414,click,150,2025-01-29T03:12:18
USR-0195,CNT-0067,skip,621,2025-01-29T03:28:19
USR-0485,CNT-0206,skip,23,2025-01-29T03:35:09
USR-0269,CNT-0022,complete,751,2025-01-29T03:49:08
USR-0852,CNT-0264,skip,60,2025-01-29T03:53:59
USR-0816,CNT-0184,like,19,2025-01-29T04:01:37
USR-0356,CNT-0401,view,48,2025-01-29T04:09:43
USR-0859,CNT-0266,skip,234,2025-01-29T04:11:09
USR-0913,CNT-0279,like,1269,2025-01-29T04:11:24
USR-0429,CNT-0101,skip,3,2025-01-29T04:11:54
USR-0140,CNT-0442,like,208,2025-01-29T04:17:36
USR-0879,CNT-0133,view,172,2025-01-29T04:22:19
USR-0615,CNT-0394,complete,70,2025-01-29T04:24:03
USR-0662,CNT-0182,skip,0,2025-01-29T04:25:58
USR-0732,CNT-0449,complete,2776,2025-01-29T04:34:14
USR-0081,CNT-0142,like,131,2025-01-29T04:34:41
USR-0107,CNT-0277,view,24,2025-01-29T04:36:07
USR-0676,CNT-0384,skip,692,2025-01-29T04:36:25
USR-0118,CNT-0307,view,13,2025-01-29T04:43:21
USR-0446,CNT-0221,like,195,2025-01-29T04:50:53
USR-0850,CNT-0401,like,60,2025-01-29T04:56:34
USR-0526,CNT-0309,complete,213,2025-01-29T05:07:09
USR-1000,CNT-0425,view,417,2025-01-29T05:07:19
USR-0954,CNT-0134,view,451,2025-01-29T05:07:51
USR-0407,CNT-0272,skip,74,2025-01-29T05:08:15
USR-0375,CNT-0317,like,895,2025-01-29T05:16:55
USR-0199,CNT-0274,click,105,2025-01-29T05:29:07
USR-0114,CNT-0408,click,177,2025-01-29T05:34:58
USR-0265,CNT-0330,view,3168,2025-01-29T05:59:12
USR-0451,CNT-0208,skip,88,2025-01-29T06:03:23
USR-0481,CNT-0430,click,157,2025-01-29T06:07:38
USR-0399,CNT-0077,view,1329,2025-01-29T06:12:35
USR-0150,CNT-0085,view,2809,2025-01-29T06:13:41
USR-0214,CNT-0445,like,352,2025-01-29T06:35:28
USR-0899,CNT-0077,view,2128,2025-01-29T06:47:37
USR-0166,CNT-0164,view,2674,2025-01-29T06:54:34
USR-0387,CNT-0199,view,90,2025-01-29T06:57:59
USR-0936,CNT-0338,like,36,2025-01-29T07:10:21
USR-0701,CNT-0433,click,255,2025-01-29T07:11:08
USR-0800,CNT-0097,view,1192,2025-01-29T07:11:42
USR-0500,CNT-0434,complete,28,2025-01-29T07:14:48
USR-0033,CNT-0296,click,149,2025-01-29T07:24:02
USR-0528,CNT-0421,view,2206,2025-01-29T07:25:50
USR-0116,CNT-0162,skip,56,2025-01-29T07:45:30
USR-0597,CNT-0028,view,1943,2025-01-29T07:53:27
USR-0165,CNT-0431,view,574,2025-01-29T08:00:25
USR-0258,CNT-0397,view,125,2025-01-29T08:02:05
USR-0748,CNT-0283,view,69,2025-01-29T08:04:06
USR-0278,CNT-0112,like,184,2025-01-29T08:22:35
USR-0624,CNT-0450,complete,3669,2025-01-29T08:32:27
USR-0302,CNT-0103,skip,445,2025-01-29T08:38:49
USR-0338,CNT-0089,complete,56,2025-01-29T08:39:55
USR-0772,CNT-0146,complete,600,2025-01-29T08:46:54
USR-0477,CNT-0337,click,101,2025-01-29T09:02:42
USR-0186,CNT-0009,complete,4064,2025-01-29T09:03:15
USR-0023,CNT-0027,click,2004,2025-01-29T09:03:23
USR-0762,CNT-0415,view,4976,2025-01-29T09:11:05
USR-0190,CNT-0131,complete,1329,2025-01-29T09:19:20
USR-0941,CNT-0081,like,339,2025-01-29T09:20:34
USR-0757,CNT-0369,click,1975,2025-01-29T09:21:58
USR-0729,CNT-0237,view,751,2025-01-29T09:27:15
USR-0837,CNT-0243,view,374,2025-01-29T09:30:18
USR-0870,CNT-0224,view,405,2025-01-29T09:39:24
USR-0460,CNT-0449,skip,736,2025-01-29T09:57:58
USR-0731,CNT-0153,click,4517,2025-01-29T10:00:06
USR-0652,CNT-0197,skip,445,2025-01-29T10:00:19
USR-0096,CNT-0461,complete,2573,2025-01-29T10:03:00
USR-0381,CNT-0451,view,200,2025-01-29T10:03:27
USR-0489,CNT-0175,skip,817,2025-01-29T10:33:32
USR-0365,CNT-0058,view,1020,2025-01-29T10:34:23
USR-0206,CNT-0143,view,1622,2025-01-29T10:38:39
USR-0025,CNT-0214,complete,2655,2025-01-29T10:39:12
USR-0550,CNT-0415,view,3119,2025-01-29T10:39:47
USR-0805,CNT-0177,skip,1431,2025-01-29T10:49:20
USR-0204,CNT-0023,click,1603,2025-01-29T10:49:27
USR-0156,CNT-0132,click,50,2025-01-29T11:01:06
USR-0461,CNT-0441,complete,58,2025-01-29T11:08:22
USR-0547,CNT-0337,skip,142,2025-01-29T11:20:37
USR-0804,CNT-0263,like,212,2025-01-29T11:23:15
USR-0181,CNT-0111,like,45,2025-01-29T11:23:53
USR-0195,CNT-0146,like,568,2025-01-29T11:30:37
USR-0945,CNT-0023,complete,2093,2025-01-29T11:31:36
USR-0863,CNT-0382,like,3617,2025-01-29T11:39:27
USR-0867,CNT-0344,click,192,2025-01-29T12:08:15
USR-0389,CNT-0212,view,3735,2025-01-29T12:18:09
USR-0186,CNT-0439,view,1063,2025-01-29T12:27:52
USR-0475,CNT-0387,skip,84,2025-01-29T12:30:17
USR-0019,CNT-0273,complete,117,2025-01-29T12:32:53
USR-0147,CNT-0060,complete,397,2025-01-29T12:35:14
USR-0878,CNT-0348,view,24,2025-01-29T12:45:01
USR-0761,CNT-0298,skip,28,2025-01-29T12:46:38
USR-0748,CNT-0442,view,113,2025-01-29T12:50:31
USR-0714,CNT-0319,view,2390,2025-01-29T12:53:00
USR-0593,CNT-0169,view,50,2025-01-29T13:06:29
USR-0983,CNT-0444,complete,134,2025-01-29T13:07:47
USR-0201,CNT-0061,complete,828,2025-01-29T13:27:05
USR-0123,CNT-0341,click,49,2025-01-29T13:32:08
USR-0875,CNT-0463,complete,2054,2025-01-29T13:49:55
USR-0035,CNT-0499,view,147,2025-01-29T13:51:22
USR-0553,CNT-0408,view,74,2025-01-29T14:03:58
USR-0912,CNT-0094,view,456,2025-01-29T14:04:31
USR-0877,CNT-0296,view,315,2025-01-29T14:12:28
USR-0002,CNT-0023,like,2519,2025-01-29T14:20:27
USR-0861,CNT-0050,view,621,2025-01-29T14:25:19
USR-0031,CNT-0052,skip,21,2025-01-29T14:28:43
USR-0721,CNT-0406,like,1046,2025-01-29T14:35:54
USR-0342,CNT-0147,complete,1912,2025-01-29T14:48:50
USR-0805,CNT-0452,skip,0,2025-01-29T14:57:29
USR-0840,CNT-0336,like,211,2025-01-29T15:01:31
USR-0242,CNT-0106,like,1351,2025-01-29T15:09:20
USR-0231,CNT-0077,click,275,2025-01-29T15:14:27
USR-0961,CNT-0390,view,2437,2025-01-29T15:15:05
USR-0750,CNT-0238,view,464,2025-01-29T15:15:49
USR-0267,CNT-0192,view,7,2025-01-29T15:18:24
USR-0686,CNT-0362,like,467,2025-01-29T15:18:44
USR-0184,CNT-0088,view,67,2025-01-29T15:23:59
USR-0239,CNT-0054,view,413,2025-01-29T15:26:32
USR-0065,CNT-0274,view,1582,2025-01-29T15:50:50
USR-0137,CNT-0427,click,504,2025-01-29T16:02:32
USR-0941,CNT-0298,view,4921,2025-01-29T16:12:24
USR-0860,CNT-0249,like,700,2025-01-29T16:13:15
USR-0082,CNT-0127,skip,35,2025-01-29T16:13:52
USR-0506,CNT-0403,view,2546,2025-01-29T16:23:46
USR-0925,CNT-0147,view,1751,2025-01-29T16:31:19
USR-0098,CNT-0334,view,107,2025-01-29T16:38:41
USR-0318,CNT-0252,view,3383,2025-01-29T16:39:58
USR-0165,CNT-0120,click,314,2025-01-29T16:52:52
USR-0639,CNT-0230,like,27,2025-01-29T17:00:34
USR-0710,CNT-0096,view,530,2025-01-29T17:04:23
USR-0017,CNT-0451,like,395,2025-01-29T17:14:46
USR-0499,CNT-0437,view,1584,2025-01-29T17:28:59
USR-0526,CNT-0199,complete,116,2025-01-29T17:34:24
USR-0694,CNT-0332,complete,1374,2025-01-29T17:40:45
USR-0224,CNT-0064,click,3799,2025-01-29T17:48:30
USR-0489,CNT-0480,click,285,2025-01-29T18:20:58
USR-0392,CNT-0357,complete,2446,2025-01-29T18:45:06
USR-0208,CNT-0134,complete,774,2025-01-29T18:53:12
USR-0313,CNT-0278,view,199,2025-01-29T18:54:04
USR-0679,CNT-0464,view,339,2025-01-29T18:54:38
USR-0776,CNT-0474,like,788,2025-01-29T19:09:26
USR-0125,CNT-0109,click,558,2025-01-29T19:25:36
USR-0552,CNT-0424,view,417,2025-01-29T19:38:56
USR-0853,CNT-0341,view,17,2025-01-29T19:42:50
USR-0363,CNT-0480,click,862,2025-01-29T19:43:33
USR-0531,CNT-0232,like,10,2025-01-29T20:06:07
USR-0809,CNT-0216,view,2112,2025-01-29T20:12:58
USR-0179,CNT-0101,click,70,2025-01-29T20:19:54
USR-0249,CNT-0174,skip,8,2025-01-29T20:27:42
USR-0447,CNT-0030,skip,14,2025-01-29T20:48:15
USR-0871,CNT-0262,view,194,2025-01-29T20:48:23
USR-0804,CNT-0478,view,780,2025-01-29T20:49:43
USR-0702,CNT-0273,click,140,2025-01-29T20:59:31
USR-0262,CNT-0148,complete,640,2025-01-29T21:02:44
USR-0551,CNT-0284,click,139,2025-01-29T21:10:08
USR-0260,CNT-0211,like,133,2025-01-29T21:26:54
USR-0786,CNT-0024,like,28,2025-01-29T21:36:29
USR-0024,CNT-0015,view,65,2025-01-29T21:57:43
USR-0507,CNT-0092,view,610,2025-01-29T22:05:32
USR-0446,CNT-0283,like,205,2025-01-29T22:17:01
USR-0985,CNT-0155,view,29,2025-01-29T22:26:49
USR-0255,CNT-0047,view,679,2025-01-29T22:33:35
USR-0819,CNT-0268,view,1595,2025-01-29T22:37:53
USR-0257,CNT-0249,view,133,2025-01-29T22:42:36
USR-0073,CNT-0268,view,4237,2025-01-29T22:55:09
USR-0550,CNT-0205,like,582,2025-01-29T22:58:34
USR-0306,CNT-0041,like,1409,2025-01-29T22:59:06
USR-0080,CNT-0154,view,163,2025-01-29T23:03:43
USR-0395,CNT-0478,click,519,2025-01-29T23:12:23
USR-0842,CNT-0177,click,391,2025-01-29T23:28:27
USR-0815,CNT-0211,like,119,2025-01-29T23:34:48
USR-0621,CNT-0055,view,137,2025-01-29T23:35:10
USR-0322,CNT-0414,click,75,2025-01-29T23:37:07
USR-0833,CNT-0365,skip,120,2025-01-29T23:38:38
USR-0663,CNT-0385,like,987,2025-01-29T23:39:50
USR-0473,CNT-0036,complete,553,2025-01-30T00:16:05
USR-0949,CNT-0119,like,283,2025-01-30T00:20:59
USR-0568,CNT-0014,click,1564,2025-01-30T00:25:06
USR-0758,CNT-0380,like,19,2025-01-30T00:45:46
USR-0423,CNT-0367,click,339,2025-01-30T00:55:02
USR-0076,CNT-0008,like,1519,2025-01-30T00:55:55
USR-0166,CNT-0056,skip,13,2025-01-30T01:03:11
USR-0210,CNT-0176,skip,1007,2025-01-30T01:04:55
USR-0679,CNT-0421,complete,2764,2025-01-30T01:16:44
USR-0877,CNT-0398,skip,14,2025-01-30T01:17:05
USR-0055,CNT-0290,click,3887,2025-01-30T01:40:30
USR-1000,CNT-0222,view,27,2025-01-30T01:56:44
USR-0794,CNT-0460,view,11,2025-01-30T01:59:21
USR-0057,CNT-0494,view,373,2025-01-30T02:01:06
USR-0442,CNT-0399,view,1398,2025-01-30T02:14:00
USR-0840,CNT-0025,view,580,2025-01-30T02:22:23
USR-0320,CNT-0272,click,450,2025-01-30T02:28:46
USR-0957,CNT-0299,view,113,2025-01-30T02:45:39
USR-0113,CNT-0072,skip,5,2025-01-30T02:50:01
USR-0658,CNT-0013,view,887,2025-01-30T02:56:47
USR-0236,CNT-0069,skip,1019,2025-01-30T03:02:50
USR-0147,CNT-0247,skip,91,2025-01-30T03:06:19
USR-0511,CNT-0383,view,59,2025-01-30T03:18:19
USR-0573,CNT-0284,view,2414,2025-01-30T03:24:50
USR-0734,CNT-0304,view,689,2025-01-30T03:31:13
USR-0152,CNT-0120,skip,391,2025-01-30T03:41:34
USR-0809,CNT-0419,view,2378,2025-01-30T03:42:13
USR-0323,CNT-0417,view,271,2025-01-30T03:42:32
USR-0911,CNT-0280,view,103,2025-01-30T03:45:19
USR-0531,CNT-0071,complete,68,2025-01-30T03:49:43
USR-0863,CNT-0176,skip,703,2025-01-30T04:05:08
USR-0092,CNT-0389,view,103,2025-01-30T04:08:16
USR-0574,CNT-0460,like,3615,2025-01-30T04:23:34
USR-0622,CNT-0290,view,4337,2025-01-30T04:30:07
USR-0047,CNT-0088,like,35,2025-01-30T04:32:17
USR-0128,CNT-0324,click,251,2025-01-30T04:33:58
USR-0952,CNT-0216,complete,4807,2025-01-30T05:06:33
USR-0229,CNT-0451,like,158,2025-01-30T05:07:46
USR-0642,CNT-0435,like,22,2025-01-30T05:11:22
USR-0916,CNT-0109,like,584,2025-01-30T05:14:28
USR-0416,CNT-0017,view,688,2025-01-30T05:14:33
USR-0812,CNT-0451,complete,660,2025-01-30T05:22:29
USR-0169,CNT-0377,like,3,2025-01-30T05:26:07
USR-0205,CNT-0147,click,817,2025-01-30T05:31:33
USR-0763,CNT-0420,complete,4983,2025-01-30T05:34:23
USR-0465,CNT-0215,complete,351,2025-01-30T05:37:40
USR-0566,CNT-0311,view,2867,2025-01-30T05:37:48
USR-0702,CNT-0247,click,236,2025-01-30T05:51:39
USR-0538,CNT-0173,like,317,2025-01-30T05:52:40
USR-0551,CNT-0360,view,98,2025-01-30T05:58:14
USR-0932,CNT-0442,complete,305,2025-01-30T06:02:19
USR-0954,CNT-0417,like,169,2025-01-30T06:02:46
USR-0796,CNT-0337,view,75,2025-01-30T06:05:40
USR-0741,CNT-0001,skip,55,2025-01-30T06:12:09
USR-0981,CNT-0212,skip,20,2025-01-30T06:16:56
USR-0805,CNT-0484,click,153,2025-01-30T06:20:26
USR-0102,CNT-0031,like,702,2025-01-30T06:29:27
USR-0238,CNT-0043,click,4451,2025-01-30T06:46:11
USR-0306,CNT-0200,view,1505,2025-01-30T06:47:10
USR-0354,CNT-0143,like,5041,2025-01-30T06:52:49
USR-0481,CNT-0069,view,542,2025-01-30T06:53:08
USR-0988,CNT-0037,complete,4232,2025-01-30T06:55:53
USR-0602,CNT-0041,skip,386,2025-01-30T06:59:55
USR-0717,CNT-0192,click,2,2025-01-30T07:04:23
USR-0984,CNT-0365,like,426,2025-01-30T07:05:27
USR-0757,CNT-0120,skip,289,2025-01-30T07:05:41
USR-0076,CNT-0467,skip,108,2025-01-30T07:16:01
USR-0956,CNT-0433,view,95,2025-01-30T07:26:59
USR-0410,CNT-0035,click,81,2025-01-30T07:27:23
USR-0023,CNT-0148,view,122,2025-01-30T07:49:40
USR-0469,CNT-0322,like,60,2025-01-30T08:03:19
USR-0957,CNT-0428,skip,50,2025-01-30T08:18:57
USR-0020,CNT-0371,view,166,2025-01-30T08:20:58
USR-0670,CNT-0453,skip,11,2025-01-30T08:21:20
USR-0463,CNT-0422,view,268,2025-01-30T08:27:09
USR-0866,CNT-0430,view,311,2025-01-30T08:29:36
USR-0856,CNT-0083,like,302,2025-01-30T08:31:12
USR-0119,CNT-0054,view,434,2025-01-30T08:34:02
USR-0932,CNT-0457,skip,60,2025-01-30T08:36:20
USR-0318,CNT-0475,complete,156,2025-01-30T08:45:03
USR-0090,CNT-0356,view,2677,2025-01-30T08:50:43
USR-0440,CNT-0437,like,1785,2025-01-30T08:53:04
USR-0111,CNT-0227,like,152,2025-01-30T09:03:20
USR-0324,CNT-0238,skip,179,2025-01-30T09:14:14
USR-0690,CNT-0479,like,823,2025-01-30T09:14:28
USR-0422,CNT-0211,view,66,2025-01-30T09:22:36
USR-0125,CNT-0293,view,1359,2025-01-30T09:24:51
USR-0155,CNT-0219,view,170,2025-01-30T09:29:33
USR-0690,CNT-0018,view,64,2025-01-30T09:33:20
USR-0323,CNT-0467,like,413,2025-01-30T09:52:36
USR-0038,CNT-0203,complete,38,2025-01-30T10:45:32
USR-0350,CNT-0357,skip,132,2025-01-30T10:51:33
USR-0549,CNT-0242,like,100,2025-01-30T10:52:07
USR-0847,CNT-0153,view,3448,2025-01-30T10:55:54
USR-0457,CNT-0461,skip,431,2025-01-30T11:02:37
USR-0974,CNT-0492,click,2545,2025-01-30T11:05:08
USR-0285,CNT-0182,click,87,2025-01-30T11:11:56
USR-0710,CNT-0450,complete,3530,2025-01-30T11:15:17
USR-0990,CNT-0136,like,83,2025-01-30T11:32:43
USR-0623,CNT-0399,complete,5798,2025-01-30T11:36:10
USR-0903,CNT-0048,view,4,2025-01-30T11:40:35
USR-0410,CNT-0036,like,364,2025-01-30T11:41:17
USR-0347,CNT-0087,view,98,2025-01-30T11:41:20
USR-0808,CNT-0408,skip,34,2025-01-30T11:49:37
USR-0760,CNT-0295,click,13,2025-01-30T12:01:42
USR-0612,CNT-0004,like,2365,2025-01-30T12:12:01
USR-0772,CNT-0044,view,329,2025-01-30T12:12:48
USR-0298,CNT-0363,view,1983,2025-01-30T12:23:08
USR-0969,CNT-0109,click,259,2025-01-30T12:28:30
USR-0010,CNT-0490,view,885,2025-01-30T12:31:00
USR-0172,CNT-0014,complete,4834,2025-01-30T12:32:11
USR-0250,CNT-0269,click,357,2025-01-30T12:37:14
USR-0934,CNT-0344,click,1009,2025-01-30T12:40:44
USR-0687,CNT-0016,click,512,2025-01-30T12:44:24
USR-0287,CNT-0448,complete,54,2025-01-30T12:57:15
USR-0684,CNT-0173,like,120,2025-01-30T13:02:18
USR-0389,CNT-0048,complete,82,2025-01-30T13:14:56
USR-0482,CNT-0329,view,434,2025-01-30T13:18:08
USR-0936,CNT-0034,view,504,2025-01-30T13:24:29
USR-0067,CNT-0288,skip,89,2025-01-30T13:43:36
USR-0172,CNT-0361,skip,204,2025-01-30T13:46:29
USR-0036,CNT-0438,view,213,2025-01-30T13:48:58
USR-0168,CNT-0098,skip,1378,2025-01-30T13:51:53
USR-0514,CNT-0437,like,1796,2025-01-30T13:58:28
USR-0688,CNT-0343,view,172,2025-01-30T13:59:40
USR-0310,CNT-0206,complete,179,2025-01-30T14:04:47
USR-0318,CNT-0232,like,12,2025-01-30T14:09:39
USR-0078,CNT-0486,view,311,2025-01-30T14:27:36
USR-0730,CNT-0006,view,271,2025-01-30T14:31:57
USR-0056,CNT-0090,like,576,2025-01-30T14:46:09
USR-0498,CNT-0064,view,1869,2025-01-30T14:51:54
USR-0671,CNT-0400,view,26,2025-01-30T14:52:12
USR-0018,CNT-0069,view,4514,2025-01-30T14:53:56
USR-0230,CNT-0255,skip,189,2025-01-30T15:00:05
USR-0803,CNT-0301,view,915,2025-01-30T15:05:00
USR-0994,CNT-0017,like,2152,2025-01-30T15:09:05
USR-0130,CNT-0266,skip,220,2025-01-30T15:25:22
USR-0229,CNT-0189,view,2187,2025-01-30T15:46:27
USR-0532,CNT-0246,complete,708,2025-01-30T15:47:23
USR-0756,CNT-0108,skip,0,2025-01-30T15:56:01
USR-0704,CNT-0352,complete,4425,2025-01-30T15:58:45
USR-0572,CNT-0011,view,262,2025-01-30T16:02:03
USR-0259,CNT-0500,view,5209,2025-01-30T16:29:15
USR-0840,CNT-0455,complete,56,2025-01-30T16:37:40
USR-0186,CNT-0142,complete,4495,2025-01-30T16:42:47
USR-0810,CNT-0293,like,1408,2025-01-30T16:43:09
USR-0354,CNT-0151,view,1329,2025-01-30T16:44:55
USR-0438,CNT-0349,skip,821,2025-01-30T16:49:08
USR-0753,CNT-0286,view,1501,2025-01-30T16:50:07
USR-0798,CNT-0338,view,56,2025-01-30T16:54:24
USR-0466,CNT-0274,skip,1027,2025-01-30T17:06:38
USR-0043,CNT-0231,view,2616,2025-01-30T17:11:34
USR-0883,CNT-0221,view,141,2025-01-30T17:13:39
USR-0400,CNT-0128,like,17,2025-01-30T17:18:33
USR-0151,CNT-0437,complete,4698,2025-01-30T17:20:37
USR-0056,CNT-0146,click,40,2025-01-30T17:25:29
USR-0188,CNT-0358,complete,727,2025-01-30T17:28:13
USR-0573,CNT-0200,view,973,2025-01-30T17:51:01
USR-0243,CNT-0486,view,308,2025-01-30T18:06:32
USR-0469,CNT-0165,view,3233,2025-01-30T18:11:06
USR-0972,CNT-0016,click,330,2025-01-30T18:20:15
USR-0388,CNT-0243,click,111,2025-01-30T18:23:24
USR-0904,CNT-0405,complete,31,2025-01-30T18:29:20
USR-0049,CNT-0059,like,565,2025-01-30T18:35:18
USR-0218,CNT-0367,complete,884,2025-01-30T18:37:26
USR-0078,CNT-0061,view,547,2025-01-30T18:46:22
USR-0206,CNT-0274,like,696,2025-01-30T18:50:18
USR-0803,CNT-0281,view,2238,2025-01-30T19:04:49
USR-0280,CNT-0032,view,219,2025-01-30T19:05:37
USR-0884,CNT-0389,click,82,2025-01-30T19:07:35
USR-0413,CNT-0300,like,4,2025-01-30T19:08:36
USR-0451,CNT-0267,view,280,2025-01-30T19:09:24
USR-0493,CNT-0141,skip,845,2025-01-30T19:15:17
USR-0967,CNT-0388,skip,1063,2025-01-30T19:47:15
USR-0316,CNT-0301,view,465,2025-01-30T19:57:32
USR-0368,CNT-0055,view,152,2025-01-30T19:58:11
USR-0752,CNT-0319,click,2004,2025-01-30T20:07:14
USR-0079,CNT-0444,complete,147,2025-01-30T20:13:39
USR-0546,CNT-0068,click,971,2025-01-30T20:13:58
USR-0468,CNT-0063,view,54,2025-01-30T20:28:11
USR-0310,CNT-0034,view,334,2025-01-30T20:44:18
USR-0241,CNT-0154,view,53,2025-01-30T20:45:31
USR-0440,CNT-0073,view,4091,2025-01-30T20:46:27
USR-0577,CNT-0385,complete,3601,2025-01-30T20:49:09
USR-0122,CNT-0431,complete,592,2025-01-30T20:53:00
USR-0033,CNT-0129,click,129,2025-01-30T21:15:32
USR-0058,CNT-0229,like,12,2025-01-30T21:28:19
USR-0077,CNT-0046,like,342,2025-01-30T21:34:17
USR-0572,CNT-0100,like,264,2025-01-30T21:43:55
USR-0844,CNT-0224,skip,54,2025-01-30T21:44:06
USR-0545,CNT-0169,view,51,2025-01-30T21:46:17
USR-0850,CNT-0043,view,1672,2025-01-30T21:48:13
USR-0840,CNT-0110,skip,179,2025-01-30T22:09:35
USR-0433,CNT-0404,like,298,2025-01-30T22:23:33
USR-0776,CNT-0217,view,45,2025-01-30T22:25:25
USR-0717,CNT-0484,like,154,2025-01-30T22:35:01
USR-0025,CNT-0011,skip,157,2025-01-30T22:38:37
USR-0735,CNT-0252,click,1051,2025-01-30T22:43:07
USR-0226,CNT-0155,view,343,2025-01-30T22:50:37
USR-0699,CNT-0025,click,1202,2025-01-30T22:52:33
USR-0810,CNT-0251,view,95,2025-01-30T23:06:05
USR-0409,CNT-0202,click,2488,2025-01-30T23:06:28
USR-0693,CNT-0140,view,3854,2025-01-30T23:19:40
USR-0094,CNT-0435,like,6,2025-01-30T23:21:29
USR-0441,CNT-0048,view,6,2025-01-30T23:24:14
USR-0625,CNT-0190,complete,2364,2025-01-30T23:28:08
USR-0898,CNT-0450,view,2201,2025-01-30T23:32:05
USR-0329,CNT-0394,click,79,2025-01-30T23:47:19
USR-0402,CNT-0177,like,2646,2025-01-30T23:48:08
USR-0214,CNT-0051,view,47,2025-01-30T23:51:17
USR-0113,CNT-0442,click,123,2025-01-31T00:01:18
USR-0951,CNT-0262,skip,598,2025-01-31T00:12:24
USR-0846,CNT-0053,like,48,2025-01-31T00:16:11
USR-0955,CNT-0404,click,567,2025-01-31T00:40:04
USR-0335,CNT-0144,like,1595,2025-01-31T00:43:49
USR-0340,CNT-0205,click,565,2025-01-31T00:46:31
USR-0086,CNT-0429,view,2913,2025-01-31T00:48:36
USR-0269,CNT-0316,view,798,2025-01-31T00:53:09
USR-0747,CNT-0093,view,73,2025-01-31T01:10:10
USR-0817,CNT-0099,like,169,2025-01-31T01:10:41
USR-0407,CNT-0469,like,453,2025-01-31T01:20:53
USR-0538,CNT-0105,view,14,2025-01-31T01:32:45
USR-0652,CNT-0453,click,546,2025-01-31T01:33:47
USR-0933,CNT-0423,view,2601,2025-01-31T01:47:01
USR-0403,CNT-0465,like,362,2025-01-31T01:47:47
USR-0347,CNT-0232,skip,2,2025-01-31T02:13:16
USR-0208,CNT-0223,like,2113,2025-01-31T02:18:43
USR-0366,CNT-0243,view,164,2025-01-31T02:18:59
USR-0850,CNT-0444,like,28,2025-01-31T02:30:05
USR-0327,CNT-0099,view,657,2025-01-31T02:30:47
USR-0336,CNT-0400,complete,106,2025-01-31T02:34:30
USR-0604,CNT-0450,like,3117,2025-01-31T02:43:49
USR-0160,CNT-0050,complete,575,2025-01-31T02:46:17
USR-0214,CNT-0024,complete,108,2025-01-31T02:52:45
USR-0093,CNT-0478,skip,56,2025-01-31T03:02:11
USR-0398,CNT-0266,complete,2474,2025-01-31T03:11:14
USR-0607,CNT-0392,like,133,2025-01-31T03:15:53
USR-0749,CNT-0001,like,94,2025-01-31T03:19:47
USR-0134,CNT-0308,view,649,2025-01-31T03:29:10
USR-0966,CNT-0458,view,543,2025-01-31T03:29:14
USR-0754,CNT-0355,complete,1516,2025-01-31T03:44:38
USR-0458,CNT-0177,click,5265,2025-01-31T03:46:24
USR-0803,CNT-0089,view,22,2025-01-31T03:53:41
USR-0074,CNT-0376,complete,72,2025-01-31T03:56:16
USR-0478,CNT-0450,view,1302,2025-01-31T04:03:28
USR-0741,CNT-0229,skip,52,2025-01-31T04:14:02
USR-0638,CNT-0415,view,472,2025-01-31T04:16:35
USR-0179,CNT-0177,view,3057,2025-01-31T04:17:30
USR-0722,CNT-0412,view,495,2025-01-31T04:39:57
USR-0211,CNT-0462,view,902,2025-01-31T04:47:47
USR-0427,CNT-0194,complete,717,2025-01-31T05:02:11
USR-0207,CNT-0135,view,1939,2025-01-31T05:04:00
USR-0281,CNT-0379,view,22,2025-01-31T05:06:03
USR-0959,CNT-0491,complete,2895,2025-01-31T05:11:15
USR-0080,CNT-0094,complete,931,2025-01-31T05:25:52
USR-0841,CNT-0167,like,95,2025-01-31T05:28:28
USR-0643,CNT-0472,skip,8,2025-01-31T05:31:45
USR-0824,CNT-0136,view,36,2025-01-31T05:33:44
USR-0452,CNT-0439,click,524,2025-01-31T05:35:57
USR-0666,CNT-0466,view,9,2025-01-31T05:39:08
USR-0138,CNT-0421,complete,2624,2025-01-31T05:41:11
USR-0224,CNT-0062,complete,2748,2025-01-31T05:44:34
USR-0015,CNT-0118,view,1659,2025-01-31T06:04:20
USR-0510,CNT-0094,complete,1041,2025-01-31T06:06:40
USR-0543,CNT-0457,complete,334,2025-01-31T06:09:01
USR-0024,CNT-0310,complete,3103,2025-01-31T06:12:05
USR-0272,CNT-0056,view,10,2025-01-31T06:12:43
USR-0708,CNT-0422,complete,296,2025-01-31T06:13:00
USR-0270,CNT-0064,view,4102,2025-01-31T06:26:21
USR-0131,CNT-0358,complete,690,2025-01-31T06:26:45
USR-0387,CNT-0380,skip,45,2025-01-31T06:27:27
USR-0154,CNT-0226,complete,518,2025-01-31T06:38:27
USR-0305,CNT-0044,click,20,2025-01-31T06:45:41
USR-0107,CNT-0056,complete,60,2025-01-31T07:07:49
USR-0770,CNT-0177,complete,5274,2025-01-31T07:08:40
USR-0973,CNT-0300,view,106,2025-01-31T07:24:41
USR-0836,CNT-0472,click,5,2025-01-31T07:24:52
USR-0258,CNT-0440,skip,580,2025-01-31T07:27:39
USR-0523,CNT-0368,view,44,2025-01-31T07:34:14
USR-0025,CNT-0364,complete,959,2025-01-31T07:35:00
USR-0554,CNT-0141,view,4520,2025-01-31T07:36:03
USR-0895,CNT-0168,click,130,2025-01-31T07:45:29
USR-0540,CNT-0480,click,429,2025-01-31T07:57:08
USR-0813,CNT-0052,like,214,2025-01-31T08:00:54
USR-0253,CNT-0319,complete,2355,2025-01-31T08:04:50
USR-0869,CNT-0416,view,28,2025-01-31T08:16:14
USR-0557,CNT-0219,like,135,2025-01-31T08:24:47
USR-0813,CNT-0420,complete,4925,2025-01-31T08:40:35
USR-0945,CNT-0303,like,463,2025-01-31T08:44:50
USR-0778,CNT-0024,skip,19,2025-01-31T08:53:43
USR-0314,CNT-0042,skip,103,2025-01-31T09:09:59
USR-0751,CNT-0019,like,40,2025-01-31T09:20:13
USR-0329,CNT-0439,view,381,2025-01-31T09:23:33
USR-0484,CNT-0273,skip,31,2025-01-31T09:25:39
USR-0695,CNT-0327,like,133,2025-01-31T09:27:11
USR-0031,CNT-0211,skip,19,2025-01-31T09:29:44
USR-0606,CNT-0016,like,827,2025-01-31T09:35:21
USR-0249,CNT-0500,view,1142,2025-01-31T09:39:24
USR-0273,CNT-0189,view,1500,2025-01-31T09:42:53
USR-0015,CNT-0471,complete,2350,2025-01-31T09:57:01
USR-0200,CNT-0283,like,92,2025-01-31T09:58:17
USR-0247,CNT-0251,view,123,2025-01-31T10:09:26
USR-0015,CNT-0118,like,1285,2025-01-31T10:12:11
USR-0641,CNT-0341,like,31,2025-01-31T10:13:35
USR-0011,CNT-0001,complete,300,2025-01-31T10:16:17
USR-0706,CNT-0409,click,3467,2025-01-31T10:16:23
USR-0150,CNT-0266,click,2896,2025-01-31T10:17:17
USR-0424,CNT-0213,view,285,2025-01-31T10:23:08
USR-0455,CNT-0281,complete,5080,2025-01-31T10:33:30
USR-0701,CNT-0349,view,148,2025-01-31T10:35:59
USR-0224,CNT-0242,like,482,2025-01-31T10:45:32
USR-0127,CNT-0083,like,48,2025-01-31T10:46:48
USR-0057,CNT-0490,view,375,2025-01-31T10:47:12
USR-0999,CNT-0303,click,230,2025-01-31T10:51:12
USR-0703,CNT-0434,skip,8,2025-01-31T10:57:41
USR-0956,CNT-0305,complete,839,2025-01-31T11:02:30
USR-0887,CNT-0072,view,135,2025-01-31T11:06:40
USR-0034,CNT-0282,complete,1126,2025-01-31T11:11:22
USR-0738,CNT-0212,click,259,2025-01-31T11:16:44
USR-0856,CNT-0022,view,99,2025-01-31T11:22:32
USR-0643,CNT-0383,click,160,2025-01-31T11:22:50
USR-0063,CNT-0447,click,2689,2025-01-31T11:27:23
USR-0792,CNT-0308,view,192,2025-01-31T11:33:34
USR-0701,CNT-0367,complete,806,2025-01-31T11:43:33
USR-0202,CNT-0053,like,96,2025-01-31T11:52:52
USR-0059,CNT-0071,view,5,2025-01-31T11:57:58
USR-0831,CNT-0495,view,30,2025-01-31T12:11:59
USR-0119,CNT-0237,click,785,2025-01-31T12:22:32
USR-0441,CNT-0281,like,5041,2025-01-31T12:31:44
USR-0447,CNT-0180,click,51,2025-01-31T12:44:15
USR-0157,CNT-0220,skip,29,2025-01-31T12:47:14
USR-0909,CNT-0381,like,1253,2025-01-31T12:50:34
USR-0535,CNT-0245,click,41,2025-01-31T12:51:17
USR-0350,CNT-0193,complete,4029,2025-01-31T12:56:40
USR-0685,CNT-0303,view,130,2025-01-31T12:59:15
USR-0583,CNT-0295,skip,17,2025-01-31T13:17:31
USR-0827,CNT-0170,complete,102,2025-01-31T13:18:35
USR-0809,CNT-0203,view,19,2025-01-31T13:24:54
USR-0292,CNT-0212,view,1919,2025-01-31T13:38:33
USR-0651,CNT-0365,like,122,2025-01-31T13:49:29
USR-0827,CNT-0050,skip,22,2025-01-31T13:57:52
USR-0872,CNT-0467,skip,406,2025-01-31T14:06:28
USR-0453,CNT-0179,view,23,2025-01-31T14:08:20
USR-0747,CNT-0038,like,273,2025-01-31T14:08:45
USR-0025,CNT-0200,like,957,2025-01-31T14:17:57
USR-0597,CNT-0201,click,3989,2025-01-31T14:19:05
USR-0834,CNT-0451,view,100,2025-01-31T14:22:10
USR-0346,CNT-0321,click,2810,2025-01-31T14:31:28
USR-0870,CNT-0184,complete,255,2025-01-31T14:39:55
USR-0110,CNT-0333,view,110,2025-01-31T14:58:19
USR-0472,CNT-0490,skip,549,2025-01-31T14:59:22
USR-0468,CNT-0260,like,196,2025-01-31T15:02:50
USR-0996,CNT-0442,skip,7,2025-01-31T15:04:07
USR-0608,CNT-0340,view,276,2025-01-31T15:20:25
USR-0687,CNT-0131,skip,79,2025-01-31T15:24:21
USR-0108,CNT-0252,like,1517,2025-01-31T15:27:16
USR-0104,CNT-0199,complete,97,2025-01-31T15:35:11
USR-0421,CNT-0103,view,1301,2025-01-31T15:52:41
USR-0223,CNT-0401,like,36,2025-01-31T15:54:20
USR-0193,CNT-0487,skip,70,2025-01-31T16:10:22
USR-0374,CNT-0450,skip,243,2025-01-31T16:11:59
USR-0376,CNT-0126,complete,630,2025-01-31T16:15:15
USR-0010,CNT-0135,like,753,2025-01-31T16:15:45
USR-0951,CNT-0259,view,4,2025-01-31T16:18:35
USR-0781,CNT-0259,like,132,2025-01-31T16:18:40
USR-0047,CNT-0354,view,7,2025-01-31T16:24:24
USR-0796,CNT-0296,view,148,2025-01-31T16:25:11
USR-0550,CNT-0250,view,50,2025-01-31T16:28:33
USR-0646,CNT-0436,view,994,2025-01-31T16:29:14
USR-0679,CNT-0158,click,32,2025-01-31T16:33:21
USR-0335,CNT-0142,view,3198,2025-01-31T16:40:20
USR-0363,CNT-0108,click,149,2025-01-31T16:44:22
USR-0755,CNT-0196,like,215,2025-01-31T16:44:50
USR-0790,CNT-0089,like,40,2025-01-31T16:47:30
USR-0024,CNT-0352,click,3931,2025-01-31T16:49:58
USR-0366,CNT-0160,view,334,2025-01-31T16:53:35
USR-0091,CNT-0078,like,256,2025-01-31T17:00:51
USR-0478,CNT-0228,click,395,2025-01-31T17:02:21
USR-0165,CNT-0028,complete,2581,2025-01-31T17:02:33
USR-0114,CNT-0388,skip,871,2025-01-31T17:07:59
USR-0715,CNT-0190,skip,316,2025-01-31T17:09:38
USR-0142,CNT-0098,view,4822,2025-01-31T17:14:50
USR-0460,CNT-0067,skip,302,2025-01-31T17:20:55
USR-0589,CNT-0406,view,842,2025-01-31T17:28:36
USR-0499,CNT-0063,view,59,2025-01-31T17:42:10
USR-0058,CNT-0476,skip,8,2025-01-31T17:51:44
USR-0561,CNT-0430,view,243,2025-01-31T17:57:56
USR-0281,CNT-0216,view,4862,2025-01-31T17:58:06
USR-0879,CNT-0450,view,2874,2025-01-31T17:58:11
USR-0766,CNT-0486,like,63,2025-01-31T18:12:47
USR-0515,CNT-0427,view,153,2025-01-31T18:15:14
USR-0964,CNT-0246,like,767,2025-01-31T18:22:58
USR-0572,CNT-0443,complete,4754,2025-01-31T18:25:56
USR-0945,CNT-0319,view,2439,2025-01-31T18:26:13
USR-0256,CNT-0356,like,1079,2025-01-31T18:31:57
USR-0898,CNT-0082,click,511,2025-01-31T18:34:42
USR-0119,CNT-0258,like,2424,2025-01-31T18:38:12
USR-0146,CNT-0451,skip,150,2025-01-31T18:48:43
USR-0145,CNT-0368,complete,212,2025-01-31T19:12:23
USR-0405,CNT-0471,like,1948,2025-01-31T19:16:04
USR-0576,CNT-0247,view,341,2025-01-31T19:16:43
USR-0542,CNT-0210,like,806,2025-01-31T19:27:43
USR-0208,CNT-0141,skip,160,2025-01-31T19:28:00
USR-0941,CNT-0050,skip,47,2025-01-31T19:49:53
USR-0478,CNT-0145,view,353,2025-01-31T19:50:53
USR-0187,CNT-0030,view,109,2025-01-31T19:59:47
USR-0847,CNT-0457,view,213,2025-01-31T20:07:52
USR-0328,CNT-0184,like,277,2025-01-31T20:19:16
USR-0290,CNT-0140,view,247,2025-01-31T20:23:05
USR-0915,CNT-0317,skip,111,2025-01-31T20:29:19
USR-0910,CNT-0007,click,936,2025-01-31T20:33:24
USR-0754,CNT-0475,view,55,2025-01-31T20:35:27
USR-0195,CNT-0090,click,766,2025-01-31T20:52:51
USR-0283,CNT-0055,view,135,2025-01-31T20:53:35
USR-0965,CNT-0164,view,3323,2025-01-31T20:59:52
USR-0659,CNT-0115,complete,554,2025-01-31T21:00:34
USR-0150,CNT-0255,like,1330,2025-01-31T21:13:26
USR-0642,CNT-0265,view,236,2025-01-31T21:14:02
USR-0995,CNT-0083,view,428,2025-01-31T21:21:07
USR-0136,CNT-0454,view,384,2025-01-31T21:33:53
USR-0062,CNT-0079,click,668,2025-01-31T21:40:32
USR-0230,CNT-0137,click,806,2025-01-31T21:40:39
USR-0842,CNT-0369,view,817,2025-01-31T21:42:24
USR-0743,CNT-0281,like,1355,2025-01-31T21:45:15
USR-0447,CNT-0259,click,215,2025-01-31T21:48:56
USR-0749,CNT-0131,click,740,2025-01-31T21:58:24
USR-0359,CNT-0275,view,21,2025-01-31T21:58:29
USR-0967,CNT-0215,complete,372,2025-01-31T22:09:47
USR-0067,CNT-0070,click,379,2025-01-31T22:17:14
USR-0813,CNT-0162,skip,57,2025-01-31T22:17:45
USR-0656,CNT-0492,view,546,2025-01-31T22:18:56
USR-0308,CNT-0380,view,101,2025-01-31T22:31:34
USR-0457,CNT-0231,skip,835,2025-01-31T22:44:17
USR-0890,CNT-0325,click,547,2025-01-31T22:59:42
USR-0254,CNT-0345,view,475,2025-01-31T23:06:17
USR-0275,CNT-0081,complete,337,2025-01-31T23:06:23
USR-0364,CNT-0014,complete,4587,2025-01-31T23:07:02
USR-0455,CNT-0163,complete,5705,2025-01-31T23:33:32
USR-0918,CNT-0326,skip,68,2025-01-31T23:35:54
USR-0188,CNT-0360,view,868,2025-01-31T23:40:12
USR-0409,CNT-0169,view,51,2025-01-31T23:49:32
USR-0268,CNT-0429,complete,3049,2025-01-31T23:54:35
USR-0962,CNT-0492,click,445,2025-02-01T00:03:52
USR-0010,CNT-0323,like,3660,2025-02-01T00:15:12
USR-0860,CNT-0492,like,1596,2025-02-01T00:20:10
USR-0499,CNT-0203,complete,33,2025-02-01T00:23:45
USR-0778,CNT-0420,complete,4477,2025-02-01T00:30:23
USR-0505,CNT-0079,complete,4208,2025-02-01T00:40:03
USR-0061,CNT-0455,click,56,2025-02-01T00:41:53
USR-0043,CNT-0347,complete,1856,2025-02-01T00:47:46
USR-0400,CNT-0393,click,261,2025-02-01T00:56:24
USR-0492,CNT-0028,view,1048,2025-02-01T01:05:28
USR-0629,CNT-0294,like,20,2025-02-01T01:06:37
USR-0910,CNT-0268,click,878,2025-02-01T01:06:55
USR-0596,CNT-0309,like,48,2025-02-01T01:15:41
USR-0271,CNT-0316,skip,213,2025-02-01T01:23:53
USR-0815,CNT-0176,like,4110,2025-02-01T01:26:39
USR-0724,CNT-0035,view,9,2025-02-01T01:27:55
USR-0535,CNT-0377,view,38,2025-02-01T01:39:14
USR-0399,CNT-0486,complete,403,2025-02-01T01:43:39
USR-0340,CNT-0315,view,2454,2025-02-01T01:47:01
USR-0380,CNT-0180,complete,100,2025-02-01T02:00:52
USR-0301,CNT-0337,view,531,2025-02-01T02:02:50
USR-0746,CNT-0378,click,423,2025-02-01T02:03:50
USR-0433,CNT-0362,click,229,2025-02-01T02:03:54
USR-0018,CNT-0004,click,448,2025-02-01T02:04:37
USR-0740,CNT-0303,complete,480,2025-02-01T02:10:18
USR-0089,CNT-0046,click,414,2025-02-01T02:10:49
USR-0956,CNT-0489,skip,150,2025-02-01T02:15:02
USR-0185,CNT-0012,skip,23,2025-02-01T02:16:36
USR-0944,CNT-0285,like,22,2025-02-01T02:38:19
USR-0915,CNT-0403,skip,364,2025-02-01T02:40:18
USR-0608,CNT-0178,like,388,2025-02-01T02:40:19
USR-0254,CNT-0204,like,218,2025-02-01T02:44:44
USR-0264,CNT-0015,skip,1,2025-02-01T02:45:35
USR-0898,CNT-0254,like,1667,2025-02-01T02:54:26
USR-0074,CNT-0056,view,30,2025-02-01T03:05:51
USR-0493,CNT-0218,view,1197,2025-02-01T03:07:14
USR-0850,CNT-0367,view,793,2025-02-01T03:08:34
USR-0378,CNT-0054,view,48,2025-02-01T03:08:57
USR-0249,CNT-0053,click,57,2025-02-01T03:11:06
USR-0713,CNT-0018,complete,87,2025-02-01T03:23:55
USR-0404,CNT-0431,like,127,2025-02-01T03:26:06
USR-0888,CNT-0430,click,166,2025-02-01T03:50:19
USR-0760,CNT-0037,skip,195,2025-02-01T03:53:35
USR-0617,CNT-0226,click,468,2025-02-01T03:56:14
USR-0756,CNT-0026,complete,655,2025-02-01T03:56:34
USR-0739,CNT-0187,complete,122,2025-02-01T04:04:43
USR-0240,CNT-0118,view,1170,2025-02-01T04:12:49
USR-0940,CNT-0232,like,63,2025-02-01T04:15:07
USR-0704,CNT-0357,skip,566,2025-02-01T04:18:58
USR-0384,CNT-0287,skip,5,2025-02-01T04:21:18
USR-0023,CNT-0176,like,1069,2025-02-01T04:23:35
USR-0977,CNT-0201,complete,3568,2025-02-01T04:33:59
USR-0979,CNT-0309,view,196,2025-02-01T04:40:14
USR-0726,CNT-0399,like,5532,2025-02-01T04:46:02
USR-0947,CNT-0445,view,105,2025-02-01T04:53:07
USR-0308,CNT-0052,view,253,2025-02-01T04:54:34
USR-0322,CNT-0417,view,38,2025-02-01T04:55:13
USR-0395,CNT-0377,view,16,2025-02-01T05:01:21
USR-0124,CNT-0486,click,70,2025-02-01T05:21:31
USR-0742,CNT-0118,view,3144,2025-02-01T05:24:32
USR-0403,CNT-0452,like,25,2025-02-01T05:25:21
USR-0805,CNT-0368,view,118,2025-02-01T05:30:13
USR-0554,CNT-0171,complete,850,2025-02-01T05:31:41
USR-0137,CNT-0270,click,695,2025-02-01T05:35:58
USR-0456,CNT-0262,view,1604,2025-02-01T05:36:21
USR-0885,CNT-0095,skip,170,2025-02-01T05:50:56
USR-0734,CNT-0129,complete,578,2025-02-01T05:57:18
USR-0712,CNT-0267,click,515,2025-02-01T06:12:11
USR-0586,CNT-0031,view,758,2025-02-01T06:19:04
USR-0066,CNT-0327,view,248,2025-02-01T06:30:12
USR-0977,CNT-0362,complete,2723,2025-02-01T06:40:25
USR-0041,CNT-0092,like,546,2025-02-01T06:41:14
USR-0012,CNT-0153,click,3043,2025-02-01T06:48:09
USR-0781,CNT-0431,like,594,2025-02-01T06:50:15
USR-0896,CNT-0363,view,4777,2025-02-01T06:51:06
USR-0822,CNT-0086,view,1363,2025-02-01T06:56:47
USR-0640,CNT-0116,skip,5,2025-02-01T07:02:04
USR-0077,CNT-0035,click,114,2025-02-01T07:08:03
USR-0339,CNT-0247,complete,758,2025-02-01T07:25:05
USR-0025,CNT-0438,skip,21,2025-02-01T07:28:17
USR-0510,CNT-0405,view,18,2025-02-01T07:42:45
USR-0633,CNT-0495,view,536,2025-02-01T07:49:07
USR-0476,CNT-0080,like,70,2025-02-01T07:49:59
USR-0819,CNT-0407,view,123,2025-02-01T07:52:39
USR-0673,CNT-0291,skip,44,2025-02-01T07:54:48
USR-0422,CNT-0131,complete,1251,2025-02-01T07:57:13
USR-0638,CNT-0235,click,444,2025-02-01T07:58:58
USR-0449,CNT-0448,skip,2,2025-02-01T08:05:05
USR-0724,CNT-0322,view,131,2025-02-01T08:11:13
USR-0714,CNT-0353,view,2895,2025-02-01T08:11:41
USR-0488,CNT-0241,complete,2317,2025-02-01T08:21:24
USR-0112,CNT-0293,view,75,2025-02-01T08:24:52
USR-0352,CNT-0133,view,44,2025-02-01T08:28:47
USR-0817,CNT-0471,like,1991,2025-02-01T08:33:13
USR-0917,CNT-0372,like,453,2025-02-01T08:44:33
USR-0573,CNT-0423,skip,200,2025-02-01T08:49:20
USR-0067,CNT-0035,view,19,2025-02-01T08:49:36
USR-0818,CNT-0439,like,989,2025-02-01T08:54:27
USR-0134,CNT-0086,click,3209,2025-02-01T08:55:16
USR-0590,CNT-0006,skip,70,2025-02-01T09:01:26
USR-0555,CNT-0315,like,4267,2025-02-01T09:08:51
USR-0773,CNT-0446,click,923,2025-02-01T09:17:29
USR-0423,CNT-0033,complete,157,2025-02-01T09:24:47
USR-0185,CNT-0117,complete,2096,2025-02-01T09:27:28
USR-0385,CNT-0127,view,190,2025-02-01T09:40:00
USR-0952,CNT-0349,skip,156,2025-02-01T09:43:38
USR-0811,CNT-0102,complete,2365,2025-02-01T09:54:27
USR-0919,CNT-0202,complete,2250,2025-02-01T10:03:36
USR-0547,CNT-0180,view,40,2025-02-01T10:04:58
USR-0612,CNT-0243,complete,350,2025-02-01T10:06:38
USR-0099,CNT-0329,click,1951,2025-02-01T10:10:51
USR-0614,CNT-0351,like,467,2025-02-01T10:12:08
USR-0609,CNT-0017,skip,61,2025-02-01T10:14:46
USR-0108,CNT-0256,view,360,2025-02-01T10:17:06
USR-0688,CNT-0002,view,47,2025-02-01T10:36:23
USR-0211,CNT-0449,click,327,2025-02-01T10:48:03
USR-0334,CNT-0427,view,5,2025-02-01T10:55:12
USR-0957,CNT-0188,view,459,2025-02-01T10:55:54
USR-0405,CNT-0385,view,1558,2025-02-01T10:58:36
USR-0387,CNT-0424,skip,4,2025-02-01T11:21:04
USR-0993,CNT-0477,view,2778,2025-02-01T11:27:33
USR-0824,CNT-0102,view,1646,2025-02-01T11:31:19
USR-0688,CNT-0276,skip,32,2025-02-01T11:40:16
USR-0446,CNT-0203,view,0,2025-02-01T11:43:28
USR-0532,CNT-0126,click,572,2025-02-01T11:51:06
USR-0678,CNT-0292,view,37,2025-02-01T11:53:49
USR-0935,CNT-0385,click,478,2025-02-01T12:02:07
USR-0997,CNT-0484,view,12,2025-02-01T12:10:07
USR-0946,CNT-0132,click,18,2025-02-01T12:14:45
USR-0992,CNT-0151,view,2783,2025-02-01T12:17:47
USR-0628,CNT-0301,complete,797,2025-02-01T12:26:25
USR-0740,CNT-0077,skip,301,2025-02-01T12:27:16
USR-0099,CNT-0187,like,62,2025-02-01T12:38:27
USR-0513,CNT-0449,click,2821,2025-02-01T12:44:58
USR-0319,CNT-0423,view,3435,2025-02-01T12:48:38
USR-0377,CNT-0330,complete,4010,2025-02-01T12:56:29
USR-0338,CNT-0484,like,115,2025-02-01T13:06:28
USR-0289,CNT-0171,complete,899,2025-02-01T13:10:43
USR-0058,CNT-0387,complete,291,2025-02-01T13:14:01
USR-0396,CNT-0286,skip,117,2025-02-01T13:18:15
USR-0083,CNT-0306,skip,0,2025-02-01T13:21:07
USR-0914,CNT-0256,click,548,2025-02-01T13:32:43
USR-0551,CNT-0302,click,50,2025-02-01T13:57:16
USR-0392,CNT-0394,complete,68,2025-02-01T14:01:08
USR-0916,CNT-0256,view,550,2025-02-01T14:11:04
USR-0774,CNT-0363,click,3663,2025-02-01T14:13:48
USR-0616,CNT-0143,view,3477,2025-02-01T14:15:17
USR-0412,CNT-0358,view,733,2025-02-01T14:20:24
USR-0450,CNT-0476,view,47,2025-02-01T14:25:54
USR-0599,CNT-0180,skip,28,2025-02-01T14:35:26
USR-0264,CNT-0301,complete,880,2025-02-01T14:36:55
USR-0375,CNT-0176,view,1950,2025-02-01T14:37:16
USR-0037,CNT-0178,like,431,2025-02-01T14:44:29
USR-0758,CNT-0475,click,132,2025-02-01T14:45:15
USR-0857,CNT-0373,like,2590,2025-02-01T14:50:06
USR-0398,CNT-0235,complete,861,2025-02-01T15:03:22
USR-0321,CNT-0407,complete,128,2025-02-01T15:08:03
USR-0106,CNT-0212,view,3921,2025-02-01T15:09:28
USR-0739,CNT-0110,complete,864,2025-02-01T15:10:08
USR-0453,CNT-0364,view,19,2025-02-01T15:12:12
USR-0672,CNT-0276,view,7,2025-02-01T15:13:18
USR-0343,CNT-0092,like,60,2025-02-01T15:15:46
USR-0405,CNT-0302,view,53,2025-02-01T15:24:18
USR-0898,CNT-0459,like,159,2025-02-01T15:43:31
USR-0224,CNT-0112,view,1619,2025-02-01T15:48:55
USR-0188,CNT-0341,click,26,2025-02-01T16:11:18
USR-0043,CNT-0400,like,74,2025-02-01T16:17:17
USR-0410,CNT-0496,click,88,2025-02-01T16:19:29
USR-0478,CNT-0397,view,321,2025-02-01T16:19:59
USR-0717,CNT-0240,skip,3,2025-02-01T16:34:02
USR-0965,CNT-0183,skip,1382,2025-02-01T16:39:44
USR-0351,CNT-0385,complete,3529,2025-02-01T16:50:12
USR-0902,CNT-0481,click,2152,2025-02-01T17:02:26
USR-0587,CNT-0403,like,2966,2025-02-01T17:04:23
USR-0894,CNT-0043,view,380,2025-02-01T17:07:13
USR-0634,CNT-0011,skip,44,2025-02-01T17:07:17
USR-0283,CNT-0090,complete,1148,2025-02-01T17:07:26
USR-0473,CNT-0101,view,98,2025-02-01T17:10:36
USR-0041,CNT-0490,skip,93,2025-02-01T17:12:14
USR-0159,CNT-0155,like,241,2025-02-01T17:21:51
USR-0668,CNT-0042,view,546,2025-02-01T17:32:10
USR-0371,CNT-0165,click,3738,2025-02-01T17:39:45
USR-0629,CNT-0243,click,25,2025-02-01T17:40:21
USR-0694,CNT-0093,complete,115,2025-02-01T17:40:33
USR-0766,CNT-0089,like,12,2025-02-01T17:48:54
USR-0254,CNT-0345,click,684,2025-02-01T17:50:44
USR-0839,CNT-0407,view,134,2025-02-01T17:55:09
USR-0070,CNT-0222,like,18,2025-02-01T18:00:48
USR-0434,CNT-0053,complete,93,2025-02-01T18:06:24
USR-0448,CNT-0499,complete,259,2025-02-01T18:07:42
USR-0068,CNT-0285,view,494,2025-02-01T18:08:48
USR-0524,CNT-0399,click,3864,2025-02-01T18:10:24
USR-0011,CNT-0127,skip,8,2025-02-01T18:13:20
USR-0172,CNT-0018,click,104,2025-02-01T18:17:41
USR-0804,CNT-0115,complete,567,2025-02-01T18:18:04
USR-0697,CNT-0500,click,1777,2025-02-01T18:18:56
USR-0034,CNT-0299,like,82,2025-02-01T18:29:22
USR-0613,CNT-0060,complete,401,2025-02-01T18:54:59
USR-0888,CNT-0179,skip,0,2025-02-01T19:13:22
USR-0922,CNT-0088,view,179,2025-02-01T19:22:12
USR-0826,CNT-0143,view,5130,2025-02-01T19:34:39
USR-0163,CNT-0087,like,465,2025-02-01T19:39:00
USR-0281,CNT-0300,skip,27,2025-02-01T19:43:30
USR-0285,CNT-0439,skip,242,2025-02-01T19:48:53
USR-0600,CNT-0339,click,168,2025-02-01T19:52:45
USR-0514,CNT-0133,complete,161,2025-02-01T19:57:52
USR-0652,CNT-0134,skip,66,2025-02-01T20:01:59
USR-0823,CNT-0188,view,131,2025-02-01T20:07:57
USR-0515,CNT-0452,complete,77,2025-02-01T20:18:34
USR-0741,CNT-0241,like,2175,2025-02-01T20:30:19
USR-0486,CNT-0065,skip,29,2025-02-01T20:34:48
USR-0167,CNT-0423,view,1566,2025-02-01T20:40:09
USR-0672,CNT-0113,view,1947,2025-02-01T20:41:56
USR-0163,CNT-0247,view,696,2025-02-01T20:58:37
USR-0426,CNT-0497,complete,64,2025-02-01T20:58:43
USR-0847,CNT-0035,view,69,2025-02-01T21:00:10
USR-0546,CNT-0495,click,36,2025-02-01T21:05:03
USR-0639,CNT-0270,complete,788,2025-02-01T21:14:06
USR-0787,CNT-0143,view,2998,2025-02-01T21:14:07
USR-0624,CNT-0495,view,719,2025-02-01T21:24:22
USR-0688,CNT-0070,skip,167,2025-02-01T21:28:32
USR-0304,CNT-0279,view,2810,2025-02-01T21:34:25
USR-0512,CNT-0027,skip,311,2025-02-01T21:47:29
USR-0550,CNT-0454,skip,41,2025-02-01T21:50:57
USR-0200,CNT-0435,view,62,2025-02-01T21:53:25
USR-0619,CNT-0469,click,679,2025-02-01T22:11:11
USR-0119,CNT-0298,like,3131,2025-02-01T22:11:45
USR-0223,CNT-0003,like,2530,2025-02-01T22:20:45
USR-0134,CNT-0283,click,208,2025-02-01T22:42:21
USR-0135,CNT-0225,view,638,2025-02-01T23:04:44
USR-0943,CNT-0274,skip,915,2025-02-01T23:11:48
USR-0257,CNT-0364,view,567,2025-02-01T23:13:26
USR-0130,CNT-0312,complete,259,2025-02-01T23:14:52
USR-0112,CNT-0383,view,320,2025-02-01T23:17:10
USR-0295,CNT-0081,view,339,2025-02-01T23:17:34
USR-0756,CNT-0370,like,339,2025-02-01T23:17:51
USR-0292,CNT-0303,click,589,2025-02-01T23:19:54
USR-0449,CNT-0074,view,77,2025-02-01T23:20:49
USR-0545,CNT-0049,click,33,2025-02-01T23:27:31
USR-0065,CNT-0369,complete,3761,2025-02-01T23:28:36
USR-0187,CNT-0002,complete,108,2025-02-01T23:36:48
USR-0309,CNT-0068,like,59,2025-02-01T23:42:30
USR-0468,CNT-0285,click,531,2025-02-01T23:51:22
USR-0667,CNT-0040,complete,45,2025-02-01T23:53:37
USR-0727,CNT-0042,view,409,2025-02-02T00:03:41
USR-0555,CNT-0392,like,24,2025-02-02T00:15:27
USR-0679,CNT-0312,like,132,2025-02-02T00:19:02
USR-0043,CNT-0033,view,55,2025-02-02T00:22:33
USR-0733,CNT-0360,skip,161,2025-02-02T00:25:44
USR-0660,CNT-0079,complete,3843,2025-02-02T00:33:39
USR-0915,CNT-0199,view,28,2025-02-02T00:38:33
USR-0277,CNT-0001,skip,36,2025-02-02T00:41:18
USR-0432,CNT-0310,like,630,2025-02-02T00:42:15
USR-0079,CNT-0050,complete,631,2025-02-02T00:43:12
USR-0062,CNT-0266,view,2318,2025-02-02T00:43:31
USR-0745,CNT-0366,complete,235,2025-02-02T00:46:22
USR-0074,CNT-0033,skip,21,2025-02-02T00:50:07
USR-0260,CNT-0463,skip,4,2025-02-02T00:51:41
USR-0581,CNT-0079,complete,4263,2025-02-02T00:58:22
USR-0147,CNT-0486,view,165,2025-02-02T00:58:23
USR-0524,CNT-0384,complete,4723,2025-02-02T01:04:25
USR-0060,CNT-0312,view,148,2025-02-02T01:10:19
USR-0683,CNT-0305,view,317,2025-02-02T01:17:09
USR-0817,CNT-0261,like,392,2025-02-02T01:19:44
USR-0522,CNT-0160,skip,106,2025-02-02T01:21:29
USR-0932,CNT-0033,complete,136,2025-02-02T01:30:13
USR-0582,CNT-0382,complete,3223,2025-02-02T01:32:22
USR-0832,CNT-0390,skip,158,2025-02-02T01:33:25
USR-0175,CNT-0488,like,1536,2025-02-02T01:38:10
USR-0912,CNT-0323,view,1701,2025-02-02T01:44:03
USR-0620,CNT-0458,like,883,2025-02-02T01:45:31
USR-0666,CNT-0497,like,13,2025-02-02T01:48:26
USR-0289,CNT-0196,click,76,2025-02-02T01:54:19
USR-0457,CNT-0066,complete,699,2025-02-02T01:58:38
USR-0901,CNT-0259,view,250,2025-02-02T02:00:47
USR-0641,CNT-0164,skip,233,2025-02-02T02:01:22
USR-0677,CNT-0362,complete,2795,2025-02-02T02:03:21
USR-0515,CNT-0164,view,3695,2025-02-02T02:06:33
USR-0555,CNT-0373,like,343,2025-02-02T02:11:18
USR-0463,CNT-0158,skip,19,2025-02-02T02:11:53
USR-0948,CNT-0039,click,3656,2025-02-02T02:16:18
USR-0660,CNT-0369,view,1043,2025-02-02T02:20:03
USR-0992,CNT-0092,like,1163,2025-02-02T02:26:20
USR-0222,CNT-0456,like,49,2025-02-02T02:27:23
USR-0647,CNT-0275,click,16,2025-02-02T02:30:48
USR-0047,CNT-0352,click,2175,2025-02-02T02:35:21
USR-0527,CNT-0049,click,269,2025-02-02T02:54:02
USR-0792,CNT-0255,skip,604,2025-02-02T02:56:26
USR-0728,CNT-0495,view,250,2025-02-02T03:06:02
USR-0140,CNT-0353,view,1120,2025-02-02T03:13:55
USR-0727,CNT-0070,view,156,2025-02-02T03:26:34
USR-0875,CNT-0025,click,1222,2025-02-02T03:32:41
USR-0303,CNT-0179,complete,28,2025-02-02T03:42:41
USR-0955,CNT-0363,view,571,2025-02-02T03:48:08
USR-0513,CNT-0327,skip,107,2025-02-02T03:53:23
USR-0951,CNT-0173,view,519,2025-02-02T03:56:23
USR-0071,CNT-0213,view,312,2025-02-02T04:07:18
USR-0728,CNT-0141,complete,4728,2025-02-02T04:26:32
USR-0321,CNT-0104,like,929,2025-02-02T04:26:35
USR-0022,CNT-0004,complete,3546,2025-02-02T04:28:15
USR-0465,CNT-0257,click,375,2025-02-02T04:29:00
USR-0526,CNT-0045,view,27,2025-02-02T04:34:31
USR-0272,CNT-0306,view,3,2025-02-02T04:38:31
USR-0130,CNT-0456,view,303,2025-02-02T04:52:52
USR-0642,CNT-0270,skip,204,2025-02-02T04:59:01
USR-0962,CNT-0440,view,64,2025-02-02T05:06:56
USR-0468,CNT-0055,click,190,2025-02-02T05:21:13
USR-0694,CNT-0187,view,127,2025-02-02T05:31:05
USR-0685,CNT-0257,view,355,2025-02-02T05:35:00
USR-0232,CNT-0481,view,3330,2025-02-02T05:37:01
USR-0272,CNT-0254,view,294,2025-02-02T05:55:19
USR-0175,CNT-0152,view,47,2025-02-02T05:58:40
USR-0442,CNT-0346,complete,4276,2025-02-02T06:31:23
USR-0898,CNT-0368,click,181,2025-02-02T06:43:44
USR-0446,CNT-0343,like,746,2025-02-02T06:50:11
USR-0388,CNT-0168,skip,31,2025-02-02T07:03:48
USR-0874,CNT-0088,like,8,2025-02-02T07:09:56
USR-0718,CNT-0082,view,644,2025-02-02T07:22:55
USR-0525,CNT-0209,view,102,2025-02-02T07:25:09
USR-0986,CNT-0285,view,464,2025-02-02T07:38:47
USR-0426,CNT-0260,skip,178,2025-02-02T07:46:08
USR-0702,CNT-0280,skip,25,2025-02-02T07:59:43
USR-0779,CNT-0496,complete,114,2025-02-02T07:59:45
USR-0798,CNT-0254,view,2206,2025-02-02T08:06:55
USR-0691,CNT-0329,view,1375,2025-02-02T08:18:33
USR-0509,CNT-0492,click,304,2025-02-02T08:24:18
USR-0564,CNT-0160,view,351,2025-02-02T08:36:19
USR-0022,CNT-0408,view,180,2025-02-02T08:37:03
USR-0259,CNT-0050,complete,635,2025-02-02T08:38:37
USR-0182,CNT-0138,skip,115,2025-02-02T08:43:03
USR-0297,CNT-0427,like,37,2025-02-02T08:48:30
USR-0565,CNT-0298,click,5196,2025-02-02T08:56:16
USR-0799,CNT-0225,like,2940,2025-02-02T08:58:15
USR-0817,CNT-0372,skip,26,2025-02-02T08:58:50
USR-0848,CNT-0466,click,266,2025-02-02T09:20:32
USR-0229,CNT-0468,like,532,2025-02-02T09:26:51
USR-0468,CNT-0157,click,20,2025-02-02T09:31:25
USR-0122,CNT-0034,view,205,2025-02-02T09:42:43
USR-0835,CNT-0242,click,31,2025-02-02T09:46:38
USR-0302,CNT-0319,complete,2239,2025-02-02T09:55:37
USR-0537,CNT-0472,view,96,2025-02-02T09:55:53
USR-0818,CNT-0295,skip,20,2025-02-02T09:57:29
USR-0682,CNT-0289,click,9,2025-02-02T10:14:08
USR-0407,CNT-0140,like,1879,2025-02-02T10:20:23
USR-0996,CNT-0011,like,634,2025-02-02T10:26:57
USR-0695,CNT-0157,complete,480,2025-02-02T10:28:11
USR-0313,CNT-0280,view,66,2025-02-02T10:37:17
USR-0885,CNT-0256,complete,682,2025-02-02T10:42:25
USR-0340,CNT-0119,view,450,2025-02-02T10:42:40
USR-0294,CNT-0151,complete,3436,2025-02-02T10:42:48
USR-0885,CNT-0450,view,2404,2025-02-02T10:47:30
USR-0950,CNT-0490,click,473,2025-02-02T10:49:10
USR-0273,CNT-0085,view,3911,2025-02-02T10:53:58
USR-0286,CNT-0288,complete,1052,2025-02-02T10:54:59
USR-0978,CNT-0253,view,78,2025-02-02T10:56:22
USR-0601,CNT-0350,click,56,2025-02-02T11:02:24
USR-0700,CNT-0134,skip,200,2025-02-02T11:02:26
USR-0572,CNT-0120,view,514,2025-02-02T11:04:46
USR-0323,CNT-0475,view,13,2025-02-02T11:05:44
USR-0585,CNT-0012,like,29,2025-02-02T11:18:22
USR-0864,CNT-0048,skip,9,2025-02-02T11:29:29
USR-0031,CNT-0022,click,205,2025-02-02T11:32:15
USR-0028,CNT-0499,view,54,2025-02-02T11:38:51
USR-0484,CNT-0413,view,94,2025-02-02T11:41:38
USR-0402,CNT-0348,view,39,2025-02-02T11:41:44
USR-0809,CNT-0303,click,263,2025-02-02T11:46:47
USR-0616,CNT-0177,complete,4967,2025-02-02T11:48:16
USR-0402,CNT-0302,complete,71,2025-02-02T11:53:38
USR-0045,CNT-0312,view,271,2025-02-02T12:14:35
USR-0201,CNT-0237,click,931,2025-02-02T12:17:16
USR-0602,CNT-0302,click,65,2025-02-02T12:21:58
USR-0506,CNT-0432,skip,745,2025-02-02T12:31:59
USR-0313,CNT-0136,complete,375,2025-02-02T12:41:40
USR-0639,CNT-0431,view,479,2025-02-02T12:43:54
USR-0576,CNT-0454,view,141,2025-02-02T12:47:55
USR-0977,CNT-0263,like,102,2025-02-02T12:57:58
USR-0518,CNT-0074,view,70,2025-02-02T13:03:08
USR-0944,CNT-0337,like,76,2025-02-02T13:05:48
USR-0394,CNT-0315,view,2757,2025-02-02T13:09:36
USR-0422,CNT-0233,view,803,2025-02-02T13:14:21
USR-0976,CNT-0144,view,2050,2025-02-02T13:16:21
USR-0675,CNT-0016,view,302,2025-02-02T13:18:25
USR-0176,CNT-0493,like,5,2025-02-02T13:22:12
USR-0688,CNT-0473,view,1005,2025-02-02T13:22:47
USR-0148,CNT-0102,click,2151,2025-02-02T13:34:39
USR-0534,CNT-0232,skip,2,2025-02-02T13:36:38
USR-0275,CNT-0355,complete,1709,2025-02-02T13:46:47
USR-0220,CNT-0074,skip,16,2025-02-02T13:51:12
USR-0447,CNT-0368,complete,198,2025-02-02T13:58:26
USR-0109,CNT-0289,view,24,2025-02-02T14:00:54
USR-0982,CNT-0205,complete,1750,2025-02-02T14:24:07
USR-0133,CNT-0441,view,72,2025-02-02T14:35:27
USR-0454,CNT-0092,like,1743,2025-02-02T14:52:18
USR-0088,CNT-0233,like,1493,2025-02-02T14:55:43
USR-0811,CNT-0314,like,3190,2025-02-02T14:57:37
USR-0680,CNT-0173,view,145,2025-02-02T15:10:53
USR-0441,CNT-0437,view,1350,2025-02-02T15:11:45
USR-0617,CNT-0152,view,66,2025-02-02T15:22:13
USR-0718,CNT-0411,skip,85,2025-02-02T15:26:34
USR-0645,CNT-0168,view,120,2025-02-02T15:28:06
USR-0544,CNT-0173,complete,475,2025-02-02T15:32:57
USR-0975,CNT-0418,like,1146,2025-02-02T15:36:22
USR-0690,CNT-0369,click,2638,2025-02-02T15:44:18
USR-0764,CNT-0492,view,2579,2025-02-02T15:46:42
USR-0687,CNT-0467,view,1476,2025-02-02T15:55:41
USR-0874,CNT-0195,complete,968,2025-02-02T15:59:39
USR-0932,CNT-0410,like,19,2025-02-02T16:02:42
USR-0134,CNT-0425,view,428,2025-02-02T16:07:08
USR-0571,CNT-0015,complete,148,2025-02-02T16:16:41
USR-0839,CNT-0350,skip,78,2025-02-02T16:21:06
USR-0325,CNT-0231,like,3643,2025-02-02T16:23:33
USR-0166,CNT-0456,complete,620,2025-02-02T16:26:38
USR-0268,CNT-0456,like,490,2025-02-02T16:27:41
USR-0374,CNT-0155,skip,7,2025-02-02T16:39:09
USR-0171,CNT-0377,like,23,2025-02-02T16:43:19
USR-0667,CNT-0158,complete,117,2025-02-02T16:46:29
USR-0118,CNT-0404,click,682,2025-02-02T16:50:53
USR-0304,CNT-0250,like,110,2025-02-02T17:01:59
USR-0816,CNT-0496,click,111,2025-02-02T17:15:25
USR-0443,CNT-0051,complete,58,2025-02-02T17:28:31
USR-0393,CNT-0441,view,0,2025-02-02T17:32:11
USR-0929,CNT-0276,click,75,2025-02-02T17:32:12
USR-0069,CNT-0208,view,1410,2025-02-02T17:34:54
USR-0024,CNT-0063,click,48,2025-02-02T17:52:19
USR-0677,CNT-0467,complete,1714,2025-02-02T17:55:26
USR-0865,CNT-0044,complete,347,2025-02-02T17:59:12
USR-0612,CNT-0218,view,1001,2025-02-02T18:00:15
USR-0689,CNT-0449,like,1676,2025-02-02T18:04:36
USR-0263,CNT-0257,complete,371,2025-02-02T18:11:15
USR-0766,CNT-0498,complete,1461,2025-02-02T18:12:44
USR-0175,CNT-0077,skip,379,2025-02-02T18:24:35
USR-0776,CNT-0050,skip,125,2025-02-02T18:27:15
USR-0933,CNT-0343,skip,58,2025-02-02T18:39:05
USR-0108,CNT-0286,like,1418,2025-02-02T18:39:31
USR-0421,CNT-0123,view,640,2025-02-02T18:40:57
USR-0190,CNT-0405,click,15,2025-02-02T18:41:37
USR-0928,CNT-0113,view,766,2025-02-02T18:42:33
USR-0464,CNT-0214,click,1489,2025-02-02T19:08:02
USR-0367,CNT-0274,complete,4022,2025-02-02T19:18:47
USR-0682,CNT-0241,click,938,2025-02-02T19:37:18
USR-0884,CNT-0070,view,665,2025-02-02T19:41:36
USR-0784,CNT-0178,skip,59,2025-02-02T19:44:45
USR-0124,CNT-0228,skip,76,2025-02-02T19:54:40
USR-0133,CNT-0301,like,595,2025-02-02T19:55:12
USR-0994,CNT-0219,complete,160,2025-02-02T20:08:58
USR-0852,CNT-0193,like,4366,2025-02-02T20:19:17
USR-0777,CNT-0082,like,235,2025-02-02T20:21:21
USR-0725,CNT-0418,complete,2029,2025-02-02T20:29:50
USR-0719,CNT-0022,like,319,2025-02-02T20:42:17
USR-0588,CNT-0351,skip,113,2025-02-02T21:11:30
USR-0564,CNT-0392,click,802,2025-02-02T21:18:07
USR-0176,CNT-0076,skip,134,2025-02-02T21:19:40
USR-0814,CNT-0247,complete,731,2025-02-02T21:21:46
USR-0906,CNT-0338,view,18,2025-02-02T21:49:18
USR-0400,CNT-0371,skip,36,2025-02-02T21:49:49
USR-0759,CNT-0051,skip,1,2025-02-02T22:10:03
USR-0906,CNT-0034,like,85,2025-02-02T22:11:17
USR-0608,CNT-0305,click,458,2025-02-02T22:15:03
USR-0211,CNT-0303,like,352,2025-02-02T22:25:36
USR-0390,CNT-0268,view,1552,2025-02-02T22:26:12
USR-0534,CNT-0396,skip,188,2025-02-02T22:35:54
USR-0974,CNT-0429,skip,471,2025-02-02T23:03:23
USR-0116,CNT-0115,like,440,2025-02-02T23:04:17
USR-0302,CNT-0109,view,408,2025-02-02T23:05:04
USR-0887,CNT-0071,view,17,2025-02-02T23:06:13
USR-0430,CNT-0430,click,312,2025-02-02T23:11:39
USR-0622,CNT-0230,view,32,2025-02-02T23:12:37
USR-0934,CNT-0128,complete,380,2025-02-02T23:14:10
USR-0667,CNT-0171,view,508,2025-02-02T23:23:09
USR-0308,CNT-0344,complete,873,2025-02-02T23:26:34
USR-0317,CNT-0136,skip,58,2025-02-02T23:34:15
USR-0233,CNT-0169,like,10,2025-02-02T23:36:19
USR-0513,CNT-0146,like,329,2025-02-02T23:37:04
USR-0603,CNT-0129,like,632,2025-02-02T23:45:17
USR-0767,CNT-0374,skip,87,2025-02-02T23:45:24
USR-0577,CNT-0346,view,708,2025-02-02T23:46:32
USR-0179,CNT-0117,view,713,2025-02-02T23:49:55
USR-0966,CNT-0377,like,22,2025-02-02T23:50:35
USR-0434,CNT-0441,click,56,2025-02-03T00:03:48
USR-0265,CNT-0407,complete,143,2025-02-03T00:07:13
USR-0430,CNT-0389,complete,96,2025-02-03T00:07:27
USR-0075,CNT-0128,click,289,2025-02-03T00:11:14
USR-0488,CNT-0335,view,3825,2025-02-03T00:11:36
USR-0998,CNT-0236,complete,35,2025-02-03T00:12:50
USR-0003,CNT-0275,complete,70,2025-02-03T00:34:38
USR-0252,CNT-0419,like,1859,2025-02-03T00:41:11
USR-0984,CNT-0449,like,422,2025-02-03T00:41:27
USR-1000,CNT-0371,click,53,2025-02-03T00:44:11
USR-0444,CNT-0273,like,130,2025-02-03T00:46:09
USR-0005,CNT-0028,like,2411,2025-02-03T00:46:37
USR-0921,CNT-0445,view,168,2025-02-03T00:52:18
USR-0029,CNT-0048,complete,73,2025-02-03T00:57:01
USR-0531,CNT-0162,skip,52,2025-02-03T00:59:13
USR-0320,CNT-0345,view,256,2025-02-03T01:09:17
USR-0798,CNT-0169,view,8,2025-02-03T01:17:11
USR-0480,CNT-0419,view,428,2025-02-03T01:18:22
USR-0769,CNT-0120,view,1161,2025-02-03T01:20:49
USR-0369,CNT-0382,view,2121,2025-02-03T01:31:30
USR-0592,CNT-0055,click,250,2025-02-03T01:32:21
USR-0787,CNT-0142,complete,4193,2025-02-03T01:38:39
USR-0493,CNT-0314,like,1359,2025-02-03T01:40:53
USR-0602,CNT-0387,complete,333,2025-02-03T01:47:39
USR-0010,CNT-0298,view,3584,2025-02-03T01:56:57
USR-0896,CNT-0402,view,2111,2025-02-03T02:31:23
USR-0929,CNT-0447,view,3033,2025-02-03T02:38:29
USR-0267,CNT-0334,complete,99,2025-02-03T02:38:48
USR-0571,CNT-0209,view,103,2025-02-03T03:14:50
USR-0916,CNT-0470,view,106,2025-02-03T03:15:41
USR-0666,CNT-0348,view,22,2025-02-03T03:18:15
USR-0146,CNT-0451,like,444,2025-02-03T03:22:45
USR-0158,CNT-0039,complete,3709,2025-02-03T03:27:59
USR-0326,CNT-0267,view,662,2025-02-03T03:30:57
USR-0735,CNT-0127,like,137,2025-02-03T03:31:06
USR-0892,CNT-0014,view,3978,2025-02-03T03:31:22
USR-0837,CNT-0229,view,228,2025-02-03T03:33:34
USR-0281,CNT-0090,view,310,2025-02-03T03:55:05
USR-0245,CNT-0213,click,28,2025-02-03T04:04:03
USR-0417,CNT-0415,like,1855,2025-02-03T04:48:09
USR-0342,CNT-0317,click,251,2025-02-03T04:48:58
USR-0286,CNT-0051,complete,63,2025-02-03T04:55:54
USR-0851,CNT-0036,complete,642,2025-02-03T04:57:44
USR-0747,CNT-0129,complete,580,2025-02-03T04:59:37
USR-0648,CNT-0197,complete,2422,2025-02-03T05:18:59
USR-0381,CNT-0220,complete,138,2025-02-03T05:33:55
USR-0641,CNT-0081,skip,12,2025-02-03T05:34:18
USR-0420,CNT-0440,click,244,2025-02-03T05:35:04
USR-0903,CNT-0343,click,1073,2025-02-03T05:35:26
USR-0993,CNT-0470,view,426,2025-02-03T05:35:32
USR-0565,CNT-0160,skip,109,2025-02-03T05:36:55
USR-0130,CNT-0427,like,109,2025-02-03T05:49:38
USR-0448,CNT-0171,view,652,2025-02-03T06:03:56
USR-0648,CNT-0104,view,2149,2025-02-03T06:09:19
USR-0472,CNT-0366,view,45,2025-02-03T06:22:43
USR-0174,CNT-0048,view,18,2025-02-03T06:26:39
USR-0973,CNT-0209,view,88,2025-02-03T06:31:04
USR-0110,CNT-0084,view,27,2025-02-03T06:35:35
USR-0833,CNT-0146,view,339,2025-02-03T06:36:54
USR-0881,CNT-0384,complete,4043,2025-02-03T06:38:23
USR-0769,CNT-0358,like,767,2025-02-03T06:45:04
USR-0898,CNT-0411,view,184,2025-02-03T06:54:07
USR-0998,CNT-0389,skip,21,2025-02-03T06:57:03
USR-0876,CNT-0426,click,711,2025-02-03T07:29:52
USR-0543,CNT-0097,view,1588,2025-02-03T07:32:29
USR-0645,CNT-0348,click,22,2025-02-03T07:35:30
USR-0418,CNT-0206,click,216,2025-02-03T07:56:10
USR-0176,CNT-0187,like,56,2025-02-03T08:00:19
USR-0045,CNT-0199,click,78,2025-02-03T08:13:50
USR-0632,CNT-0262,click,665,2025-02-03T08:14:47
USR-0136,CNT-0340,like,307,2025-02-03T08:24:19
USR-0421,CNT-0346,complete,4428,2025-02-03T08:27:56
USR-0657,CNT-0116,skip,8,2025-02-03T08:32:24
USR-0484,CNT-0408,complete,181,2025-02-03T08:45:10
USR-0343,CNT-0417,view,233,2025-02-03T08:46:50
USR-0349,CNT-0250,like,52,2025-02-03T08:48:41
USR-0403,CNT-0039,view,188,2025-02-03T08:49:31
USR-0234,CNT-0207,view,5256,2025-02-03T08:54:26
USR-0711,CNT-0067,like,1342,2025-02-03T08:56:32
USR-0512,CNT-0135,click,2135,2025-02-03T09:09:23
USR-0001,CNT-0265,skip,17,2025-02-03T09:18:35
USR-0331,CNT-0007,click,3513,2025-02-03T09:20:57
USR-0731,CNT-0383,view,68,2025-02-03T09:25:22
USR-0744,CNT-0325,click,504,2025-02-03T09:30:24
USR-0211,CNT-0032,skip,97,2025-02-03T09:31:32
USR-0390,CNT-0135,view,3112,2025-02-03T09:32:51
USR-0238,CNT-0159,view,623,2025-02-03T09:37:29
USR-0237,CNT-0226,complete,621,2025-02-03T09:43:40
USR-0837,CNT-0057,skip,112,2025-02-03T09:44:53
USR-0763,CNT-0162,click,131,2025-02-03T09:54:17
USR-0802,CNT-0152,click,125,2025-02-03T09:56:01
USR-0515,CNT-0433,skip,52,2025-02-03T09:58:47
USR-0628,CNT-0019,complete,94,2025-02-03T09:59:13
USR-0604,CNT-0398,view,48,2025-02-03T10:13:50
USR-0465,CNT-0031,view,1315,2025-02-03T10:14:11
USR-0652,CNT-0354,view,281,2025-02-03T10:29:20
USR-0995,CNT-0107,view,227,2025-02-03T10:36:18
USR-0648,CNT-0489,click,1559,2025-02-03T10:45:55
USR-0890,CNT-0313,view,50,2025-02-03T10:46:44
USR-0884,CNT-0201,view,561,2025-02-03T10:51:38
USR-0654,CNT-0479,like,722,2025-02-03T10:54:19
USR-0715,CNT-0031,view,895,2025-02-03T10:55:43
USR-0177,CNT-0464,view,266,2025-02-03T10:56:12
USR-0149,CNT-0143,click,1126,2025-02-03T11:07:42
USR-0030,CNT-0153,skip,457,2025-02-03T11:18:13
USR-0183,CNT-0107,skip,87,2025-02-03T11:29:48
USR-0583,CNT-0211,skip,3,2025-02-03T11:31:39
USR-0549,CNT-0071,view,45,2025-02-03T11:34:30
USR-0581,CNT-0178,click,172,2025-02-03T11:37:14
USR-0612,CNT-0034,view,225,2025-02-03T11:39:55
USR-0962,CNT-0121,like,75,2025-02-03T11:40:11
USR-0263,CNT-0443,click,3201,2025-02-03T11:46:26
USR-0069,CNT-0179,like,14,2025-02-03T11:48:32
USR-0108,CNT-0213,click,581,2025-02-03T11:54:43
USR-0484,CNT-0493,skip,11,2025-02-03T11:57:36
USR-0032,CNT-0411,click,223,2025-02-03T11:59:33
USR-0933,CNT-0370,skip,64,2025-02-03T12:14:56
USR-0954,CNT-0102,like,2442,2025-02-03T12:27:52
USR-0217,CNT-0377,skip,0,2025-02-03T12:31:15
USR-0591,CNT-0057,like,92,2025-02-03T12:35:23
USR-0946,CNT-0410,skip,2,2025-02-03T12:36:26
USR-0294,CNT-0263,view,108,2025-02-03T12:42:05
USR-0585,CNT-0176,like,1516,2025-02-03T12:45:20
USR-0435,CNT-0194,click,13,2025-02-03T12:46:13
USR-0585,CNT-0301,click,49,2025-02-03T12:47:04
USR-0274,CNT-0121,skip,15,2025-02-03T13:03:18
USR-0456,CNT-0150,view,989,2025-02-03T13:09:37
USR-0012,CNT-0184,view,60,2025-02-03T13:35:01
USR-0131,CNT-0095,skip,21,2025-02-03T13:45:39
USR-0961,CNT-0035,view,83,2025-02-03T14:07:32
USR-0049,CNT-0239,view,45,2025-02-03T14:14:13
USR-0968,CNT-0255,click,2332,2025-02-03T14:31:54
USR-0739,CNT-0203,view,7,2025-02-03T14:33:40
USR-0785,CNT-0125,view,2910,2025-02-03T14:38:09
USR-0464,CNT-0380,view,322,2025-02-03T14:38:16
USR-0327,CNT-0132,skip,3,2025-02-03T14:39:36
USR-0463,CNT-0252,click,1196,2025-02-03T14:50:15
USR-0462,CNT-0012,click,45,2025-02-03T14:53:01
USR-0699,CNT-0275,view,10,2025-02-03T14:54:24
USR-0431,CNT-0409,skip,810,2025-02-03T15:00:21
USR-0896,CNT-0417,click,58,2025-02-03T15:03:21
USR-0953,CNT-0274,view,2618,2025-02-03T15:05:31
USR-0336,CNT-0114,complete,740,2025-02-03T15:06:29
USR-0764,CNT-0355,skip,335,2025-02-03T15:11:31
USR-0530,CNT-0349,complete,3878,2025-02-03T15:11:50
USR-0900,CNT-0389,view,9,2025-02-03T15:22:24
USR-0919,CNT-0113,click,798,2025-02-03T15:30:31
USR-0229,CNT-0164,complete,3254,2025-02-03T15:43:09
USR-0985,CNT-0454,view,543,2025-02-03T15:45:16
USR-0455,CNT-0465,click,739,2025-02-03T15:47:56
USR-0842,CNT-0384,view,3374,2025-02-03T15:48:36
USR-0993,CNT-0325,complete,960,2025-02-03T15:52:12
USR-0405,CNT-0214,view,1223,2025-02-03T15:54:31
USR-0860,CNT-0105,click,3,2025-02-03T15:54:50
USR-0911,CNT-0235,click,661,2025-02-03T16:01:08
USR-0342,CNT-0231,skip,18,2025-02-03T16:03:20
USR-0839,CNT-0228,view,471,2025-02-03T16:11:51
USR-0940,CNT-0351,view,377,2025-02-03T16:20:02
USR-0460,CNT-0200,skip,471,2025-02-03T16:23:44
USR-0724,CNT-0292,view,117,2025-02-03T16:32:12
USR-0667,CNT-0437,skip,223,2025-02-03T16:36:18
USR-0344,CNT-0174,click,3,2025-02-03T16:51:17
USR-0782,CNT-0360,complete,894,2025-02-03T16:56:39
USR-0893,CNT-0068,skip,142,2025-02-03T16:57:49
USR-0497,CNT-0466,click,244,2025-02-03T16:58:01
USR-0002,CNT-0195,skip,201,2025-02-03T17:10:00
USR-0024,CNT-0497,click,2,2025-02-03T17:18:23
USR-0314,CNT-0305,like,817,2025-02-03T17:38:26
USR-0897,CNT-0411,view,780,2025-02-03T17:50:15
USR-0544,CNT-0491,skip,117,2025-02-03T17:51:26
USR-0521,CNT-0461,click,1560,2025-02-03T17:57:15
USR-0247,CNT-0031,like,1465,2025-02-03T17:58:56
USR-0886,CNT-0233,skip,419,2025-02-03T17:59:50
USR-0834,CNT-0247,view,184,2025-02-03T18:03:41
USR-0024,CNT-0344,view,719,2025-02-03T18:20:48
USR-0323,CNT-0062,click,3010,2025-02-03T18:23:15
USR-0478,CNT-0238,view,866,2025-02-03T18:23:38
USR-0253,CNT-0239,like,490,2025-02-03T18:29:55
USR-0735,CNT-0244,complete,683,2025-02-03T18:33:27
USR-0956,CNT-0104,view,2357,2025-02-03T18:33:58
USR-0507,CNT-0211,view,117,2025-02-03T18:34:48
USR-0880,CNT-0374,like,82,2025-02-03T18:51:14
USR-0102,CNT-0274,view,3872,2025-02-03T18:57:57
USR-0141,CNT-0164,click,3134,2025-02-03T18:59:01
USR-0315,CNT-0257,complete,346,2025-02-03T19:05:51
USR-0886,CNT-0087,skip,36,2025-02-03T19:21:29
USR-0696,CNT-0283,view,37,2025-02-03T19:33:17
USR-0562,CNT-0202,click,1939,2025-02-03T19:36:52
USR-0455,CNT-0124,click,41,2025-02-03T19:40:37
USR-0596,CNT-0128,complete,310,2025-02-03T19:41:43
USR-0328,CNT-0281,skip,161,2025-02-03T19:50:54
USR-0913,CNT-0007,click,924,2025-02-03T19:53:39
USR-0962,CNT-0396,complete,815,2025-02-03T20:06:17
USR-0332,CNT-0468,complete,1525,2025-02-03T20:09:26
USR-0229,CNT-0268,like,2867,2025-02-03T20:12:26
USR-0031,CNT-0041,complete,1570,2025-02-03T20:27:03
USR-0501,CNT-0109,like,53,2025-02-03T20:45:36
USR-0587,CNT-0332,like,191,2025-02-03T20:52:28
USR-0569,CNT-0447,complete,3638,2025-02-03T20:52:48
USR-0202,CNT-0011,like,372,2025-02-03T21:04:26
USR-0325,CNT-0324,view,421,2025-02-03T21:10:05
USR-0201,CNT-0403,complete,4278,2025-02-03T21:13:10
USR-0285,CNT-0165,view,2055,2025-02-03T21:19:18
USR-0486,CNT-0008,view,555,2025-02-03T21:46:18
USR-0709,CNT-0079,skip,831,2025-02-03T21:58:36
USR-0573,CNT-0092,skip,508,2025-02-03T22:02:51
USR-0004,CNT-0193,view,4310,2025-02-03T22:16:15
USR-0882,CNT-0083,click,190,2025-02-03T22:26:10
USR-0373,CNT-0068,like,547,2025-02-03T22:33:40
USR-0654,CNT-0081,complete,339,2025-02-03T22:34:56
USR-0571,CNT-0235,like,542,2025-02-03T22:38:24
USR-0631,CNT-0499,click,170,2025-02-03T22:44:37
USR-0472,CNT-0176,click,42,2025-02-03T22:54:38
USR-0317,CNT-0254,view,962,2025-02-03T22:54:43
USR-0580,CNT-0267,like,428,2025-02-03T23:07:13
USR-0195,CNT-0206,view,109,2025-02-03T23:25:46
USR-0195,CNT-0341,skip,15,2025-02-03T23:29:43
USR-0133,CNT-0126,click,519,2025-02-03T23:34:40
USR-0675,CNT-0191,click,612,2025-02-03T23:38:52
USR-0702,CNT-0381,view,1098,2025-02-03T23:40:34
USR-0416,CNT-0092,like,189,2025-02-03T23:50:07
USR-0909,CNT-0220,like,6,2025-02-03T23:53:47
USR-0090,CNT-0064,like,3402,2025-02-03T23:57:06
USR-0713,CNT-0366,view,261,2025-02-04T00:02:45
USR-0517,CNT-0045,view,4,2025-02-04T00:03:36
USR-0107,CNT-0024,click,83,2025-02-04T00:09:34
USR-0521,CNT-0351,view,436,2025-02-04T00:11:57
USR-0760,CNT-0240,like,32,2025-02-04T00:21:09
USR-0736,CNT-0280,click,80,2025-02-04T00:28:12
USR-0182,CNT-0302,complete,83,2025-02-04T00:37:30
USR-0510,CNT-0032,click,117,2025-02-04T00:41:21
USR-0656,CNT-0463,view,217,2025-02-04T00:51:09
USR-0112,CNT-0195,complete,887,2025-02-04T01:11:51
USR-0479,CNT-0177,view,3646,2025-02-04T01:15:55
USR-0824,CNT-0355,click,1504,2025-02-04T01:22:44
USR-0981,CNT-0471,click,1623,2025-02-04T01:42:00
USR-0930,CNT-0059,skip,179,2025-02-04T01:42:19
USR-0390,CNT-0322,view,171,2025-02-04T01:42:43
USR-0763,CNT-0187,like,94,2025-02-04T01:59:39
USR-0114,CNT-0038,click,403,2025-02-04T02:04:11
USR-0589,CNT-0420,click,2564,2025-02-04T02:14:01
USR-0684,CNT-0312,like,226,2025-02-04T02:31:45
USR-0922,CNT-0288,view,186,2025-02-04T02:42:38
USR-0134,CNT-0128,click,93,2025-02-04T02:50:18
USR-0494,CNT-0125,view,3114,2025-02-04T02:51:47
USR-0116,CNT-0481,like,3547,2025-02-04T03:01:02
USR-0422,CNT-0043,view,3653,2025-02-04T03:05:33
USR-0754,CNT-0482,complete,1122,2025-02-04T03:08:25
USR-0234,CNT-0399,skip,1151,2025-02-04T03:22:18
USR-0713,CNT-0038,skip,126,2025-02-04T03:33:47
USR-0803,CNT-0051,view,46,2025-02-04T03:39:49
USR-0078,CNT-0278,like,230,2025-02-04T03:51:12
USR-0400,CNT-0254,view,620,2025-02-04T03:54:34
USR-0344,CNT-0140,skip,648,2025-02-04T03:58:57
USR-0255,CNT-0474,view,131,2025-02-04T04:09:14
USR-0149,CNT-0027,view,141,2025-02-04T04:09:22
USR-0751,CNT-0478,click,81,2025-02-04T04:11:00
USR-0336,CNT-0399,view,4043,2025-02-04T04:22:15
USR-0503,CNT-0369,like,4038,2025-02-04T04:29:32
USR-0506,CNT-0419,view,933,2025-02-04T04:35:00
USR-0662,CNT-0113,view,1309,2025-02-04T04:50:01
USR-0816,CNT-0073,skip,389,2025-02-04T04:55:38
USR-0120,CNT-0237,click,113,2025-02-04T05:01:09
USR-0636,CNT-0152,skip,7,2025-02-04T05:04:16
USR-0913,CNT-0139,complete,1295,2025-02-04T05:06:04
USR-0077,CNT-0198,click,1351,2025-02-04T05:23:07
USR-0991,CNT-0369,view,1555,2025-02-04T05:32:35
USR-0815,CNT-0311,like,553,2025-02-04T05:33:05
USR-0215,CNT-0373,skip,656,2025-02-04T05:52:39
USR-0464,CNT-0375,click,33,2025-02-04T05:56:57
USR-0507,CNT-0299,click,86,2025-02-04T05:59:56
USR-0357,CNT-0205,view,1509,2025-02-04T06:02:59
USR-0145,CNT-0349,click,4345,2025-02-04T06:14:50
USR-0424,CNT-0233,click,1568,2025-02-04T06:23:54
USR-0879,CNT-0168,view,125,2025-02-04T06:33:26
USR-0524,CNT-0007,skip,646,2025-02-04T06:38:15
USR-0938,CNT-0369,click,3402,2025-02-04T06:44:03
USR-0131,CNT-0160,skip,43,2025-02-04T06:50:40
USR-0114,CNT-0239,skip,190,2025-02-04T06:52:58
USR-0115,CNT-0327,complete,429,2025-02-04T06:54:23
USR-0554,CNT-0011,like,1256,2025-02-04T06:57:18
USR-0638,CNT-0322,like,235,2025-02-04T07:15:35
USR-0545,CNT-0181,complete,5869,2025-02-04T07:20:54
USR-0354,CNT-0072,click,34,2025-02-04T07:31:32
USR-0474,CNT-0362,click,1211,2025-02-04T07:36:20
USR-0187,CNT-0480,view,267,2025-02-04T07:40:42
USR-0856,CNT-0278,click,46,2025-02-04T07:45:58
USR-0800,CNT-0046,complete,502,2025-02-04T07:49:14
USR-0565,CNT-0444,click,42,2025-02-04T07:54:20
USR-0389,CNT-0336,complete,338,2025-02-04T08:01:05
USR-0001,CNT-0302,view,83,2025-02-04T08:01:53
USR-0652,CNT-0196,view,17,2025-02-04T08:04:47
USR-0294,CNT-0215,click,241,2025-02-04T08:06:56
USR-0222,CNT-0104,skip,387,2025-02-04T08:11:49
USR-0710,CNT-0325,complete,1030,2025-02-04T08:13:12
USR-0438,CNT-0279,like,1539,2025-02-04T08:22:28
USR-0991,CNT-0122,like,193,2025-02-04T08:22:59
USR-0655,CNT-0341,click,16,2025-02-04T08:23:38
USR-0892,CNT-0347,view,972,2025-02-04T08:24:19
USR-0614,CNT-0178,view,458,2025-02-04T08:27:07
USR-0354,CNT-0165,complete,3607,2025-02-04T08:31:44
USR-0221,CNT-0374,view,278,2025-02-04T08:34:08
USR-0985,CNT-0196,view,130,2025-02-04T08:37:56
USR-0520,CNT-0185,skip,93,2025-02-04T08:41:33
USR-0538,CNT-0239,like,532,2025-02-04T08:43:46
USR-0440,CNT-0451,complete,738,2025-02-04T08:43:48
USR-0128,CNT-0024,complete,113,2025-02-04T08:44:00
USR-0190,CNT-0171,skip,28,2025-02-04T08:47:34
USR-0865,CNT-0261,click,735,2025-02-04T08:47:52
USR-0716,CNT-0383,view,319,2025-02-04T08:58:15
USR-0860,CNT-0249,click,601,2025-02-04T09:12:35
USR-0703,CNT-0156,complete,3233,2025-02-04T09:16:52
USR-0015,CNT-0231,view,408,2025-02-04T09:23:39
USR-0657,CNT-0301,click,954,2025-02-04T09:23:53
USR-0254,CNT-0071,click,64,2025-02-04T09:29:54
USR-0870,CNT-0048,view,63,2025-02-04T09:32:08
USR-0175,CNT-0287,complete,89,2025-02-04T09:33:21
USR-0886,CNT-0130,complete,41,2025-02-04T09:36:34
USR-0136,CNT-0471,view,1434,2025-02-04T09:39:28
USR-0456,CNT-0447,skip,71,2025-02-04T09:40:09
USR-0198,CNT-0445,view,54,2025-02-04T09:40:30
USR-0756,CNT-0427,click,456,2025-02-04T09:50:55
USR-0729,CNT-0312,click,11,2025-02-04T09:55:17
USR-0179,CNT-0457,view,28,2025-02-04T10:10:08
USR-0362,CNT-0179,view,9,2025-02-04T10:17:38
USR-0065,CNT-0184,view,169,2025-02-04T10:20:16
USR-0066,CNT-0188,view,640,2025-02-04T10:20:46
USR-0166,CNT-0400,complete,109,2025-02-04T10:24:24
USR-0008,CNT-0184,click,51,2025-02-04T10:28:00
USR-0329,CNT-0147,skip,85,2025-02-04T10:32:18
USR-0863,CNT-0462,view,742,2025-02-04T10:34:48
USR-0408,CNT-0208,view,1652,2025-02-04T10:53:44
USR-0314,CNT-0196,view,155,2025-02-04T10:55:57
USR-0618,CNT-0414,skip,27,2025-02-04T10:56:48
USR-0656,CNT-0493,view,91,2025-02-04T11:03:56
USR-0735,CNT-0409,view,3563,2025-02-04T11:04:39
USR-0017,CNT-0153,view,2390,2025-02-04T11:05:26
USR-0615,CNT-0366,view,22,2025-02-04T11:12:20
USR-0590,CNT-0350,like,145,2025-02-04T11:27:50
USR-0224,CNT-0369,click,3937,2025-02-04T11:33:03
USR-0756,CNT-0427,like,369,2025-02-04T11:39:47
USR-0807,CNT-0389,click,13,2025-02-04T11:44:06
USR-0486,CNT-0194,like,4,2025-02-04T11:45:17
USR-0946,CNT-0045,complete,194,2025-02-04T11:49:30
USR-0540,CNT-0389,view,106,2025-02-04T12:00:57
USR-0181,CNT-0328,like,58,2025-02-04T12:04:02
USR-0828,CNT-0436,skip,294,2025-02-04T12:08:41
USR-0939,CNT-0414,view,8,2025-02-04T12:13:46
USR-0410,CNT-0164,skip,296,2025-02-04T12:16:35
USR-0022,CNT-0417,like,23,2025-02-04T12:21:29
USR-0722,CNT-0375,like,450,2025-02-04T12:25:10
USR-0681,CNT-0184,skip,64,2025-02-04T12:54:30
USR-0227,CNT-0108,view,211,2025-02-04T13:04:50
USR-0147,CNT-0265,view,134,2025-02-04T13:08:11
USR-0589,CNT-0293,view,1715,2025-02-04T13:32:10
USR-0235,CNT-0113,view,2533,2025-02-04T13:36:14
USR-0731,CNT-0405,click,25,2025-02-04T13:46:00
USR-0832,CNT-0437,like,1854,2025-02-04T14:00:39
USR-0547,CNT-0397,view,987,2025-02-04T14:28:12
USR-0666,CNT-0143,like,4814,2025-02-04T14:43:18
USR-0649,CNT-0361,skip,678,2025-02-04T14:46:02
USR-0875,CNT-0351,view,262,2025-02-04T14:48:34
USR-0179,CNT-0374,skip,149,2025-02-04T14:57:35
USR-0962,CNT-0293,like,915,2025-02-04T15:07:36
USR-0612,CNT-0078,skip,64,2025-02-04T15:10:49
USR-0745,CNT-0070,skip,146,2025-02-04T15:15:23
USR-0783,CNT-0083,view,484,2025-02-04T15:34:43
USR-0686,CNT-0404,like,577,2025-02-04T15:36:29
USR-0948,CNT-0307,view,357,2025-02-04T15:38:11
USR-0973,CNT-0464,complete,587,2025-02-04T15:43:21
USR-0385,CNT-0113,click,761,2025-02-04T16:01:46
USR-0168,CNT-0470,view,737,2025-02-04T16:03:32
USR-0528,CNT-0022,click,419,2025-02-04T16:17:51
USR-0421,CNT-0436,like,290,2025-02-04T16:19:23
USR-0333,CNT-0166,view,57,2025-02-04T16:26:23
USR-0194,CNT-0280,view,61,2025-02-04T16:26:43
USR-0376,CNT-0357,complete,2394,2025-02-04T16:27:14
USR-0058,CNT-0119,like,2463,2025-02-04T16:28:10
USR-0113,CNT-0110,complete,780,2025-02-04T16:35:15
USR-0543,CNT-0123,click,446,2025-02-04T16:39:43
USR-0449,CNT-0452,skip,18,2025-02-04T16:40:22
USR-0601,CNT-0217,like,253,2025-02-04T16:40:59
USR-0596,CNT-0023,view,554,2025-02-04T16:46:06
USR-0589,CNT-0245,view,59,2025-02-04T16:50:07
USR-0818,CNT-0055,skip,43,2025-02-04T16:54:12
USR-0402,CNT-0207,complete,5110,2025-02-04T17:06:28
USR-0805,CNT-0048,complete,74,2025-02-04T17:14:45
USR-0901,CNT-0121,click,123,2025-02-04T17:21:54
USR-0433,CNT-0040,view,42,2025-02-04T17:22:03
USR-0015,CNT-0422,like,76,2025-02-04T17:26:45
USR-0280,CNT-0027,view,1878,2025-02-04T17:50:23
USR-0146,CNT-0445,view,151,2025-02-04T17:54:28
USR-0911,CNT-0098,complete,5569,2025-02-04T18:07:41
USR-0030,CNT-0142,complete,4033,2025-02-04T18:07:47
USR-0340,CNT-0143,view,3258,2025-02-04T18:19:09
USR-0081,CNT-0130,complete,43,2025-02-04T18:25:26
USR-0990,CNT-0236,complete,37,2025-02-04T18:29:22
USR-0212,CNT-0416,like,29,2025-02-04T18:29:30
USR-0810,CNT-0290,complete,4718,2025-02-04T18:30:10
USR-0769,CNT-0312,click,79,2025-02-04T18:33:12
USR-0327,CNT-0162,click,105,2025-02-04T18:33:55
USR-0863,CNT-0013,view,250,2025-02-04T18:48:49
USR-0519,CNT-0320,view,415,2025-02-04T18:50:47
USR-0953,CNT-0112,complete,4833,2025-02-04T18:57:45
USR-0453,CNT-0236,view,16,2025-02-04T19:00:59
USR-0957,CNT-0006,view,296,2025-02-04T19:08:22
USR-0412,CNT-0217,click,48,2025-02-04T19:51:57
USR-0381,CNT-0097,view,237,2025-02-04T20:05:32
USR-0216,CNT-0273,view,53,2025-02-04T20:19:33
USR-0295,CNT-0332,view,1057,2025-02-04T20:20:02
USR-0222,CNT-0448,skip,3,2025-02-04T20:22:24
USR-0893,CNT-0060,view,28,2025-02-04T20:24:03
USR-0153,CNT-0120,view,826,2025-02-04T20:28:17
USR-0184,CNT-0215,view,38,2025-02-04T20:44:49
USR-0335,CNT-0366,skip,37,2025-02-04T20:46:18
USR-0287,CNT-0313,complete,47,2025-02-04T20:56:49
USR-0476,CNT-0259,skip,30,2025-02-04T20:57:22
USR-0713,CNT-0208,view,2821,2025-02-04T21:08:20
USR-0530,CNT-0151,view,419,2025-02-04T21:14:19
USR-0415,CNT-0427,view,295,2025-02-04T21:15:12
USR-0337,CNT-0448,click,5,2025-02-04T21:30:53
USR-0581,CNT-0109,complete,538,2025-02-04T21:36:13
USR-0731,CNT-0418,click,1413,2025-02-04T21:44:37
USR-0274,CNT-0465,complete,1020,2025-02-04T22:04:00
USR-0777,CNT-0270,like,77,2025-02-04T22:10:33
USR-0557,CNT-0489,view,2587,2025-02-04T22:38:56
USR-0998,CNT-0323,complete,4819,2025-02-04T22:38:58
USR-0167,CNT-0500,view,5107,2025-02-04T22:45:01
USR-0188,CNT-0086,click,1668,2025-02-04T22:51:39
USR-0871,CNT-0246,complete,771,2025-02-04T22:58:23
USR-0738,CNT-0453,click,189,2025-02-04T23:00:02
USR-0686,CNT-0162,view,35,2025-02-04T23:11:24
USR-0795,CNT-0334,complete,92,2025-02-04T23:18:38
USR-0891,CNT-0341,like,62,2025-02-04T23:22:10
USR-0348,CNT-0267,view,242,2025-02-04T23:36:33
USR-0692,CNT-0105,view,8,2025-02-04T23:41:16
USR-0374,CNT-0374,complete,563,2025-02-04T23:42:03
USR-0373,CNT-0316,complete,1017,2025-02-04T23:50:14
USR-0126,CNT-0123,like,203,2025-02-04T23:51:17
USR-0318,CNT-0054,view,431,2025-02-05T00:06:11
USR-0049,CNT-0337,complete,707,2025-02-05T00:10:17
USR-0176,CNT-0037,click,3399,2025-02-05T00:21:36
USR-0876,CNT-0441,view,19,2025-02-05T00:25:51
USR-0683,CNT-0149,skip,23,2025-02-05T00:27:26
USR-0358,CNT-0159,view,456,2025-02-05T00:35:43
USR-0886,CNT-0199,click,74,2025-02-05T00:41:35
USR-0811,CNT-0482,skip,131,2025-02-05T00:47:26
USR-0084,CNT-0355,click,399,2025-02-05T00:51:18
USR-0657,CNT-0425,view,12,2025-02-05T01:13:24
USR-0152,CNT-0366,complete,225,2025-02-05T01:17:50
USR-0371,CNT-0483,click,347,2025-02-05T01:25:38
USR-0742,CNT-0400,view,7,2025-02-05T01:36:21
USR-0735,CNT-0291,view,93,2025-02-05T02:07:06
USR-0655,CNT-0380,view,246,2025-02-05T02:08:34
USR-0633,CNT-0333,view,2,2025-02-05T02:11:23
USR-0738,CNT-0131,skip,146,2025-02-05T02:34:55
USR-0021,CNT-0333,view,75,2025-02-05T02:38:47
USR-0517,CNT-0209,view,27,2025-02-05T02:41:22
USR-0003,CNT-0052,click,86,2025-02-05T02:44:01
USR-0225,CNT-0118,view,457,2025-02-05T02:44:39
USR-0087,CNT-0284,skip,370,2025-02-05T02:45:12
USR-0490,CNT-0059,complete,649,2025-02-05T02:48:30
USR-0372,CNT-0306,click,46,2025-02-05T03:18:56
USR-0476,CNT-0234,like,3823,2025-02-05T03:22:28
USR-0401,CNT-0075,complete,370,2025-02-05T03:23:22
USR-0843,CNT-0013,complete,1947,2025-02-05T03:33:44
USR-0684,CNT-0159,complete,996,2025-02-05T03:35:09
USR-0881,CNT-0174,skip,8,2025-02-05T03:39:46
USR-0462,CNT-0401,click,32,2025-02-05T03:46:55
USR-0631,CNT-0290,view,4565,2025-02-05T03:58:17
USR-0321,CNT-0112,complete,4827,2025-02-05T04:17:17
USR-0308,CNT-0480,view,746,2025-02-05T04:23:50
USR-0284,CNT-0149,view,117,2025-02-05T04:26:46
USR-0090,CNT-0117,view,70,2025-02-05T04:26:58
USR-0494,CNT-0056,click,21,2025-02-05T04:28:57
USR-0202,CNT-0121,view,91,2025-02-05T04:33:14
USR-0951,CNT-0255,like,1386,2025-02-05T04:42:55
USR-0471,CNT-0227,click,117,2025-02-05T04:51:32
USR-0257,CNT-0086,view,3012,2025-02-05T04:53:41
USR-0881,CNT-0284,view,2183,2025-02-05T05:03:00
USR-0435,CNT-0088,view,39,2025-02-05T05:09:21
USR-0955,CNT-0267,view,428,2025-02-05T05:15:51
USR-0712,CNT-0143,click,3234,2025-02-05T05:16:36
USR-0465,CNT-0376,like,20,2025-02-05T05:19:24
USR-0122,CNT-0473,view,631,2025-02-05T05:21:47
USR-0251,CNT-0309,click,230,2025-02-05T05:23:12
USR-0857,CNT-0099,view,155,2025-02-05T05:23:20
USR-0758,CNT-0209,click,1,2025-02-05T05:25:30
USR-0478,CNT-0498,like,1073,2025-02-05T05:26:01
USR-0260,CNT-0305,view,717,2025-02-05T05:30:49
USR-0158,CNT-0188,view,50,2025-02-05T05:41:07
USR-0762,CNT-0085,view,540,2025-02-05T05:42:41
USR-0927,CNT-0079,view,4143,2025-02-05T05:50:05
USR-0700,CNT-0120,view,296,2025-02-05T05:50:48
USR-0443,CNT-0492,skip,233,2025-02-05T06:10:35
USR-0577,CNT-0320,skip,42,2025-02-05T06:15:30
USR-0517,CNT-0117,skip,468,2025-02-05T06:24:45
USR-0400,CNT-0028,view,2061,2025-02-05T06:27:03
USR-0057,CNT-0184,view,24,2025-02-05T06:29:13
USR-0282,CNT-0472,view,1,2025-02-05T06:30:00
USR-0784,CNT-0320,view,306,2025-02-05T06:37:49
USR-0621,CNT-0196,complete,220,2025-02-05T07:11:38
USR-0451,CNT-0133,click,148,2025-02-05T07:16:48
USR-0018,CNT-0283,view,104,2025-02-05T07:31:54
USR-0773,CNT-0024,like,35,2025-02-05T07:42:54
USR-0374,CNT-0249,view,272,2025-02-05T07:43:48
USR-0487,CNT-0410,like,25,2025-02-05T07:49:09
USR-0482,CNT-0092,like,1519,2025-02-05T08:04:40
USR-0079,CNT-0372,view,323,2025-02-05T08:05:46
USR-0782,CNT-0428,view,271,2025-02-05T08:07:27
USR-0158,CNT-0284,view,1654,2025-02-05T08:09:30
USR-0949,CNT-0225,like,4757,2025-02-05T08:15:21
USR-0238,CNT-0363,skip,586,2025-02-05T08:15:45
USR-0188,CNT-0152,like,154,2025-02-05T08:20:28
USR-0752,CNT-0105,view,27,2025-02-05T08:21:24
USR-0400,CNT-0141,click,3747,2025-02-05T08:32:28
USR-0188,CNT-0477,complete,3895,2025-02-05T08:35:38
USR-0369,CNT-0233,view,327,2025-02-05T08:41:56
USR-0642,CNT-0465,view,1026,2025-02-05T09:11:06
USR-0830,CNT-0107,view,390,2025-02-05T09:30:50
USR-0026,CNT-0021,complete,932,2025-02-05T09:34:10
USR-0594,CNT-0302,click,48,2025-02-05T09:57:47
USR-0382,CNT-0406,skip,273,2025-02-05T10:11:22
USR-0031,CNT-0431,complete,668,2025-02-05T10:19:19
USR-0980,CNT-0219,view,31,2025-02-05T10:20:59
USR-0705,CNT-0285,complete,805,2025-02-05T10:27:15
USR-0754,CNT-0183,like,4117,2025-02-05T10:39:59
USR-0959,CNT-0269,view,185,2025-02-05T10:40:12
USR-0435,CNT-0094,skip,190,2025-02-05T10:41:36
USR-0709,CNT-0070,complete,704,2025-02-05T10:58:40
USR-0733,CNT-0277,click,74,2025-02-05T11:00:12
USR-0703,CNT-0011,click,655,2025-02-05T11:07:13
USR-0330,CNT-0085,complete,4502,2025-02-05T11:16:16
USR-0324,CNT-0405,complete,25,2025-02-05T11:18:16
USR-0013,CNT-0434,view,30,2025-02-05T11:18:52
USR-0141,CNT-0464,view,231,2025-02-05T11:29:41
USR-0141,CNT-0011,like,530,2025-02-05T11:32:10
USR-0875,CNT-0365,click,551,2025-02-05T11:37:33
USR-0691,CNT-0185,view,392,2025-02-05T11:53:18
USR-0015,CNT-0028,complete,2387,2025-02-05T12:00:31
USR-0799,CNT-0494,view,287,2025-02-05T12:00:38
USR-0182,CNT-0254,complete,3332,2025-02-05T12:15:36
USR-0816,CNT-0295,click,70,2025-02-05T12:18:42
USR-0963,CNT-0185,like,113,2025-02-05T12:22:26
USR-0918,CNT-0059,complete,668,2025-02-05T12:23:09
USR-0459,CNT-0358,view,375,2025-02-05T12:54:19
USR-0911,CNT-0257,view,401,2025-02-05T13:15:44
USR-0659,CNT-0210,skip,132,2025-02-05T13:31:37
USR-0173,CNT-0143,view,1583,2025-02-05T13:36:59
USR-0818,CNT-0143,view,4497,2025-02-05T13:37:32
USR-0609,CNT-0065,click,14,2025-02-05T13:51:43
USR-0220,CNT-0467,complete,1840,2025-02-05T13:55:14
USR-0418,CNT-0108,view,236,2025-02-05T14:03:40
USR-0033,CNT-0054,complete,434,2025-02-05T14:20:19
USR-0771,CNT-0024,view,95,2025-02-05T14:26:19
USR-0352,CNT-0288,like,537,2025-02-05T14:29:16
USR-0186,CNT-0144,click,663,2025-02-05T14:40:56
USR-0812,CNT-0271,like,2074,2025-02-05T14:45:35
USR-0209,CNT-0310,view,209,2025-02-05T15:05:46
USR-0477,CNT-0239,complete,719,2025-02-05T15:09:39
USR-0248,CNT-0482,skip,66,2025-02-05T15:12:24
USR-0802,CNT-0088,click,227,2025-02-05T15:18:50
USR-0039,CNT-0226,view,271,2025-02-05T15:21:54
USR-0642,CNT-0270,like,783,2025-02-05T15:41:21
USR-0934,CNT-0442,like,156,2025-02-05T15:48:44
USR-0662,CNT-0306,complete,56,2025-02-05T15:49:50
USR-0634,CNT-0223,like,61,2025-02-05T15:50:03
USR-0884,CNT-0081,click,131,2025-02-05T15:55:25
USR-0040,CNT-0044,view,1,2025-02-05T15:56:45
USR-0907,CNT-0320,complete,560,2025-02-05T16:03:49
USR-0830,CNT-0101,view,30,2025-02-05T16:11:45
USR-0378,CNT-0449,skip,693,2025-02-05T16:27:27
USR-0390,CNT-0328,view,21,2025-02-05T16:28:36
USR-0051,CNT-0463,view,1919,2025-02-05T16:36:02
USR-0119,CNT-0212,skip,925,2025-02-05T16:49:23
USR-0947,CNT-0410,complete,57,2025-02-05T16:54:11
USR-0792,CNT-0081,click,3,2025-02-05T17:00:54
USR-0349,CNT-0407,click,0,2025-02-05T17:11:10
USR-0004,CNT-0448,skip,6,2025-02-05T17:16:49
USR-0465,CNT-0427,view,245,2025-02-05T17:22:07
USR-0524,CNT-0069,click,3413,2025-02-05T17:23:16
USR-0994,CNT-0494,skip,68,2025-02-05T17:35:37
USR-0391,CNT-0211,click,158,2025-02-05T17:42:50
USR-0916,CNT-0308,click,185,2025-02-05T17:48:39
USR-0287,CNT-0188,click,240,2025-02-05T17:52:29
USR-0224,CNT-0027,view,1188,2025-02-05T17:58:29
USR-0803,CNT-0200,skip,215,2025-02-05T18:07:29
USR-0867,CNT-0498,complete,1554,2025-02-05T18:14:10
USR-0444,CNT-0260,view,34,2025-02-05T18:17:56
USR-0939,CNT-0461,skip,111,2025-02-05T18:22:06
USR-0043,CNT-0035,click,102,2025-02-05T18:22:18
USR-0833,CNT-0453,view,206,2025-02-05T18:29:36
USR-0544,CNT-0132,like,63,2025-02-05T18:30:13
USR-0568,CNT-0183,skip,345,2025-02-05T18:39:26
USR-0474,CNT-0162,skip,31,2025-02-05T18:40:54
USR-0495,CNT-0376,click,43,2025-02-05T18:48:20
USR-0980,CNT-0245,complete,156,2025-02-05T18:49:16
USR-0572,CNT-0285,view,709,2025-02-05T18:54:13
USR-0537,CNT-0001,like,121,2025-02-05T19:05:19
USR-0688,CNT-0436,view,708,2025-02-05T19:07:56
USR-0571,CNT-0035,complete,125,2025-02-05T19:17:39
USR-0111,CNT-0292,click,25,2025-02-05T19:20:55
USR-0146,CNT-0402,view,2679,2025-02-05T19:33:55
USR-0446,CNT-0007,view,2306,2025-02-05T19:42:45
USR-0419,CNT-0474,click,1091,2025-02-05T19:46:40
USR-0898,CNT-0048,skip,16,2025-02-05T19:52:31
USR-0036,CNT-0490,complete,2233,2025-02-05T20:03:48
USR-0015,CNT-0401,view,56,2025-02-05T20:04:10
USR-0615,CNT-0230,like,2,2025-02-05T20:07:15
USR-0519,CNT-0279,complete,3324,2025-02-05T20:14:53
USR-0674,CNT-0140,view,594,2025-02-05T20:31:30
USR-0750,CNT-0155,view,358,2025-02-05T20:37:15
USR-0317,CNT-0047,click,780,2025-02-05T20:40:22
USR-0801,CNT-0152,click,76,2025-02-05T21:00:23
USR-0914,CNT-0392,skip,20,2025-02-05T21:02:47
USR-0059,CNT-0293,click,769,2025-02-05T21:03:24
USR-0153,CNT-0413,click,329,2025-02-05T21:09:06
USR-0609,CNT-0118,click,458,2025-02-05T21:16:03
USR-1000,CNT-0149,like,63,2025-02-05T21:19:06
USR-0105,CNT-0466,skip,65,2025-02-05T21:26:45
USR-0135,CNT-0319,complete,2469,2025-02-05T21:28:12
USR-0774,CNT-0414,complete,218,2025-02-05T21:39:12
USR-0765,CNT-0070,view,128,2025-02-05T21:39:18
USR-0852,CNT-0389,click,105,2025-02-05T21:51:11
USR-0425,CNT-0363,like,3151,2025-02-05T21:58:15
USR-0937,CNT-0083,skip,112,2025-02-05T22:06:18
USR-0820,CNT-0173,view,214,2025-02-05T22:14:09
USR-0205,CNT-0374,view,657,2025-02-05T22:20:38
USR-0634,CNT-0342,skip,329,2025-02-05T23:01:46
USR-0599,CNT-0002,view,123,2025-02-05T23:05:51
USR-0860,CNT-0159,view,983,2025-02-05T23:11:44
USR-0102,CNT-0208,complete,3132,2025-02-05T23:31:16
USR-0063,CNT-0071,view,66,2025-02-05T23:35:58
USR-0394,CNT-0027,view,1526,2025-02-05T23:47:12
USR-0118,CNT-0217,view,488,2025-02-05T23:48:32
USR-0970,CNT-0098,complete,6442,2025-02-05T23:50:14
USR-0396,CNT-0091,view,38,2025-02-05T23:58:52
USR-0956,CNT-0136,complete,410,2025-02-06T00:00:21
USR-0104,CNT-0140,like,3556,2025-02-06T00:06:30
USR-0984,CNT-0255,like,2334,2025-02-06T00:09:05
USR-0736,CNT-0075,skip,27,2025-02-06T00:12:21
USR-0434,CNT-0454,view,66,2025-02-06T00:13:54
USR-0705,CNT-0078,click,206,2025-02-06T00:19:15
USR-0695,CNT-0291,view,187,2025-02-06T00:36:52
USR-0215,CNT-0395,view,29,2025-02-06T00:47:12
USR-0722,CNT-0398,complete,165,2025-02-06T01:08:47
USR-0265,CNT-0471,complete,2749,2025-02-06T01:14:26
USR-0506,CNT-0103,click,2041,2025-02-06T01:25:04
USR-0803,CNT-0349,skip,317,2025-02-06T01:25:17
USR-0878,CNT-0447,like,1230,2025-02-06T01:30:16
USR-0152,CNT-0438,view,509,2025-02-06T01:34:55
USR-0864,CNT-0303,like,88,2025-02-06T01:43:43
USR-0033,CNT-0128,view,121,2025-02-06T01:51:08
USR-0757,CNT-0402,like,613,2025-02-06T01:57:08
USR-0203,CNT-0047,view,742,2025-02-06T01:57:17
USR-0151,CNT-0096,skip,248,2025-02-06T02:06:42
USR-0822,CNT-0104,complete,2156,2025-02-06T02:07:59
USR-0357,CNT-0384,click,4692,2025-02-06T02:09:30
USR-0543,CNT-0158,skip,35,2025-02-06T02:09:42
USR-0323,CNT-0283,complete,284,2025-02-06T02:10:09
USR-0772,CNT-0471,view,2352,2025-02-06T02:21:37
USR-0308,CNT-0060,skip,1,2025-02-06T02:29:35
USR-0294,CNT-0419,skip,318,2025-02-06T02:32:15
USR-0546,CNT-0103,click,1445,2025-02-06T02:37:32
USR-0120,CNT-0047,complete,812,2025-02-06T02:41:39
USR-0299,CNT-0359,click,426,2025-02-06T02:42:34
USR-0454,CNT-0278,skip,44,2025-02-06T02:45:08
USR-0328,CNT-0396,view,131,2025-02-06T02:58:02
USR-0057,CNT-0112,view,3354,2025-02-06T03:10:11
USR-0027,CNT-0335,view,3006,2025-02-06T03:11:19
USR-0156,CNT-0416,like,61,2025-02-06T03:14:56
USR-0755,CNT-0172,skip,0,2025-02-06T03:20:41
USR-0430,CNT-0027,view,1176,2025-02-06T03:20:50
USR-0955,CNT-0500,like,4997,2025-02-06T03:21:15
USR-0621,CNT-0442,complete,285,2025-02-06T03:21:17
USR-0795,CNT-0218,view,51,2025-02-06T03:25:03
USR-0133,CNT-0125,complete,4202,2025-02-06T03:28:33
USR-0642,CNT-0272,view,787,2025-02-06T03:39:06
USR-0923,CNT-0178,like,333,2025-02-06T03:40:27
USR-0972,CNT-0023,click,1678,2025-02-06T03:52:35
USR-0750,CNT-0195,skip,183,2025-02-06T03:56:52
USR-0865,CNT-0134,click,681,2025-02-06T04:01:48
USR-0645,CNT-0433,view,329,2025-02-06T04:06:39
USR-0872,CNT-0141,view,3350,2025-02-06T04:13:20
USR-0885,CNT-0242,skip,29,2025-02-06T04:29:45
USR-0512,CNT-0316,complete,1072,2025-02-06T04:35:24
USR-0675,CNT-0140,skip,531,2025-02-06T04:36:36
USR-0207,CNT-0129,complete,594,2025-02-06T04:48:37
USR-0531,CNT-0361,click,2321,2025-02-06T04:50:04
USR-0834,CNT-0189,view,2694,2025-02-06T04:50:23
USR-0611,CNT-0160,skip,94,2025-02-06T04:53:16
USR-0036,CNT-0332,complete,1227,2025-02-06T04:57:17
USR-0229,CNT-0114,view,179,2025-02-06T05:09:52
USR-0269,CNT-0289,skip,0,2025-02-06T05:10:22
USR-0010,CNT-0298,skip,1259,2025-02-06T05:12:31
USR-0268,CNT-0156,like,1836,2025-02-06T05:17:08
USR-0472,CNT-0449,like,344,2025-02-06T05:26:47
USR-0871,CNT-0292,like,20,2025-02-06T05:31:33
USR-0644,CNT-0338,complete,195,2025-02-06T05:37:27
USR-0796,CNT-0303,click,559,2025-02-06T05:41:46
USR-0681,CNT-0040,click,29,2025-02-06T05:47:42
USR-0844,CNT-0177,click,197,2025-02-06T06:04:01
USR-0409,CNT-0315,skip,25,2025-02-06T06:04:53
USR-0068,CNT-0092,skip,388,2025-02-06T06:07:24
USR-0368,CNT-0447,view,3305,2025-02-06T06:16:19
USR-0222,CNT-0463,click,1586,2025-02-06T06:16:59
USR-0806,CNT-0300,view,103,2025-02-06T06:19:13
USR-0667,CNT-0141,skip,899,2025-02-06T06:22:06
USR-0292,CNT-0337,skip,100,2025-02-06T06:27:14
USR-0938,CNT-0418,complete,1949,2025-02-06T06:35:59
USR-0376,CNT-0270,like,321,2025-02-06T06:44:41
USR-0131,CNT-0363,complete,4037,2025-02-06T06:51:07
USR-0099,CNT-0398,complete,165,2025-02-06T06:52:51
USR-0565,CNT-0005,view,912,2025-02-06T06:59:02
USR-0987,CNT-0215,view,56,2025-02-06T07:09:55
USR-0511,CNT-0259,view,729,2025-02-06T07:12:02
USR-0528,CNT-0415,skip,977,2025-02-06T07:16:33
USR-0774,CNT-0083,skip,52,2025-02-06T07:17:36
USR-0386,CNT-0420,click,4823,2025-02-06T07:25:25
USR-0748,CNT-0210,skip,350,2025-02-06T07:32:34
USR-0023,CNT-0155,view,369,2025-02-06T07:33:49
USR-0317,CNT-0053,click,83,2025-02-06T07:41:55
USR-0067,CNT-0080,click,65,2025-02-06T08:06:11
USR-0788,CNT-0313,view,25,2025-02-06T08:12:15
USR-0160,CNT-0285,click,535,2025-02-06T08:19:40
USR-0397,CNT-0266,view,1765,2025-02-06T08:21:13
USR-0065,CNT-0189,click,290,2025-02-06T08:33:08
USR-0042,CNT-0274,view,2497,2025-02-06T08:33:16
USR-0553,CNT-0123,complete,558,2025-02-06T08:34:59
USR-0824,CNT-0331,view,2841,2025-02-06T08:42:25
USR-0144,CNT-0426,skip,487,2025-02-06T08:46:08
USR-0830,CNT-0377,view,6,2025-02-06T08:56:36
USR-0791,CNT-0211,view,63,2025-02-06T08:59:07
USR-0671,CNT-0136,click,90,2025-02-06T09:00:03
USR-0133,CNT-0435,view,170,2025-02-06T09:02:29
USR-0329,CNT-0447,view,1698,2025-02-06T09:38:10
USR-0542,CNT-0061,click,455,2025-02-06T09:45:24
USR-0489,CNT-0213,click,1475,2025-02-06T09:52:51
USR-0980,CNT-0198,like,689,2025-02-06T09:58:34
USR-0725,CNT-0496,skip,30,2025-02-06T10:05:01
USR-0676,CNT-0005,like,865,2025-02-06T10:11:43
USR-0024,CNT-0426,complete,2146,2025-02-06T10:17:47
USR-0997,CNT-0164,skip,240,2025-02-06T10:28:33
USR-0303,CNT-0400,click,114,2025-02-06T10:35:40
USR-0165,CNT-0394,view,24,2025-02-06T10:43:58
USR-0988,CNT-0485,click,29,2025-02-06T10:50:58
USR-0199,CNT-0415,view,1651,2025-02-06T10:54:46
USR-0197,CNT-0090,view,324,2025-02-06T10:55:27
USR-0888,CNT-0115,like,219,2025-02-06T11:48:32
USR-0630,CNT-0366,like,108,2025-02-06T11:49:17
USR-0479,CNT-0235,like,353,2025-02-06T12:05:58
USR-0396,CNT-0134,click,491,2025-02-06T12:11:55
USR-0246,CNT-0376,complete,73,2025-02-06T12:17:17
USR-0069,CNT-0110,view,397,2025-02-06T12:22:05
USR-0131,CNT-0245,click,22,2025-02-06T12:51:00
USR-0343,CNT-0185,click,707,2025-02-06T12:51:22
USR-0522,CNT-0262,complete,3643,2025-02-06T12:54:19
USR-0262,CNT-0332,like,804,2025-02-06T12:57:47
USR-0322,CNT-0318,like,104,2025-02-06T13:04:02
USR-0022,CNT-0354,view,68,2025-02-06T13:04:35
USR-0765,CNT-0399,click,1173,2025-02-06T13:20:45
USR-0150,CNT-0151,view,509,2025-02-06T13:27:11
USR-0103,CNT-0147,like,1930,2025-02-06T13:29:48
USR-0748,CNT-0497,skip,0,2025-02-06T13:33:25
USR-0456,CNT-0277,like,31,2025-02-06T13:40:30
USR-0486,CNT-0422,click,83,2025-02-06T13:42:45
USR-0638,CNT-0440,view,3287,2025-02-06T13:47:43
USR-0726,CNT-0275,view,12,2025-02-06T13:58:03
USR-0370,CNT-0409,complete,3181,2025-02-06T13:59:01
USR-0107,CNT-0152,skip,32,2025-02-06T14:00:50
USR-0944,CNT-0322,skip,88,2025-02-06T14:03:35
USR-0281,CNT-0428,like,129,2025-02-06T14:06:21
USR-0538,CNT-0340,complete,562,2025-02-06T14:12:06
USR-0137,CNT-0054,like,25,2025-02-06T14:14:31
USR-0231,CNT-0013,view,1877,2025-02-06T14:25:11
USR-0589,CNT-0214,view,1363,2025-02-06T14:26:29
USR-0540,CNT-0446,view,519,2025-02-06T14:29:55
USR-0235,CNT-0022,view,72,2025-02-06T14:36:23
USR-0145,CNT-0101,like,327,2025-02-06T14:42:41
USR-0890,CNT-0387,view,50,2025-02-06T14:50:13
USR-0154,CNT-0416,complete,70,2025-02-06T14:58:06
USR-0019,CNT-0280,view,98,2025-02-06T15:00:16
USR-0327,CNT-0060,click,283,2025-02-06T15:15:51
USR-0087,CNT-0236,view,16,2025-02-06T15:21:47
USR-0593,CNT-0065,complete,126,2025-02-06T15:23:39
USR-0523,CNT-0466,complete,299,2025-02-06T15:24:58
USR-0887,CNT-0088,view,136,2025-02-06T15:28:55
USR-0142,CNT-0055,skip,9,2025-02-06T15:32:50
USR-0762,CNT-0302,view,3,2025-02-06T15:55:05
USR-0781,CNT-0176,view,3680,2025-02-06T15:55:49
USR-0999,CNT-0265,skip,50,2025-02-06T16:01:28
USR-0352,CNT-0473,view,336,2025-02-06T16:07:49
USR-0890,CNT-0314,view,702,2025-02-06T16:10:16
USR-0021,CNT-0341,like,40,2025-02-06T16:11:32
USR-0258,CNT-0424,view,167,2025-02-06T16:26:04
USR-0429,CNT-0256,complete,680,2025-02-06T16:28:57
USR-0362,CNT-0280,view,35,2025-02-06T16:30:33
USR-0077,CNT-0343,complete,1007,2025-02-06T16:48:04
USR-0696,CNT-0167,skip,69,2025-02-06T16:50:05
USR-0658,CNT-0493,view,116,2025-02-06T16:55:15
USR-0169,CNT-0445,view,101,2025-02-06T16:59:53
USR-0355,CNT-0479,skip,157,2025-02-06T17:14:33
USR-0275,CNT-0121,view,100,2025-02-06T17:17:00
USR-0260,CNT-0211,click,16,2025-02-06T17:17:07
USR-0747,CNT-0374,view,49,2025-02-06T17:48:07
USR-0837,CNT-0110,click,408,2025-02-06T17:49:08
USR-0724,CNT-0003,like,1229,2025-02-06T17:56:20
USR-0190,CNT-0216,click,3715,2025-02-06T17:56:45
USR-0493,CNT-0134,view,445,2025-02-06T18:56:35
USR-0864,CNT-0123,view,140,2025-02-06T18:57:14
USR-0053,CNT-0344,view,753,2025-02-06T18:57:46
USR-0169,CNT-0210,like,806,2025-02-06T18:59:08
USR-0168,CNT-0220,view,111,2025-02-06T18:59:55
USR-0714,CNT-0407,view,49,2025-02-06T19:10:39
USR-0376,CNT-0232,skip,16,2025-02-06T19:14:07
USR-0401,CNT-0166,complete,253,2025-02-06T19:19:01
USR-0632,CNT-0314,view,2293,2025-02-06T19:19:57
USR-0527,CNT-0172,view,126,2025-02-06T19:21:17
USR-0799,CNT-0432,view,3034,2025-02-06T19:50:30
USR-0873,CNT-0339,view,250,2025-02-06T20:01:44
USR-0632,CNT-0033,view,113,2025-02-06T20:03:56
USR-0547,CNT-0228,like,17,2025-02-06T20:19:10
USR-0485,CNT-0412,click,385,2025-02-06T20:24:19
USR-0180,CNT-0039,view,2332,2025-02-06T20:28:56
USR-0910,CNT-0114,skip,37,2025-02-06T20:56:11
USR-0265,CNT-0084,click,63,2025-02-06T20:56:22
USR-0609,CNT-0349,skip,939,2025-02-06T21:02:05
USR-0071,CNT-0104,click,10,2025-02-06T21:12:54
USR-0443,CNT-0372,view,63,2025-02-06T21:14:21
USR-0614,CNT-0332,click,778,2025-02-06T21:26:22
USR-0518,CNT-0287,click,76,2025-02-06T21:28:01
USR-0239,CNT-0242,skip,87,2025-02-06T21:43:44
USR-0965,CNT-0069,click,2567,2025-02-06T21:55:07
USR-0011,CNT-0291,view,701,2025-02-06T21:59:23
USR-0551,CNT-0066,skip,65,2025-02-06T22:30:47
USR-0738,CNT-0113,like,2196,2025-02-06T22:39:10
USR-0109,CNT-0289,like,5,2025-02-06T22:40:35
USR-0052,CNT-0329,click,770,2025-02-06T22:42:39
USR-0973,CNT-0469,view,157,2025-02-06T22:51:50
USR-0460,CNT-0332,complete,1343,2025-02-06T23:03:14
USR-0259,CNT-0493,click,9,2025-02-06T23:16:52
USR-0950,CNT-0366,complete,257,2025-02-06T23:17:00
USR-0839,CNT-0075,click,157,2025-02-06T23:25:53
USR-0955,CNT-0262,like,2550,2025-02-06T23:28:11
USR-0534,CNT-0426,complete,1795,2025-02-07T00:03:30
USR-0815,CNT-0104,like,2459,2025-02-07T00:07:34
USR-0169,CNT-0056,complete,66,2025-02-07T00:07:36
USR-0075,CNT-0325,like,945,2025-02-07T00:09:24
USR-0742,CNT-0372,view,211,2025-02-07T00:14:18
USR-0264,CNT-0109,click,539,2025-02-07T00:22:27
USR-0526,CNT-0096,view,1631,2025-02-07T00:26:25
USR-0328,CNT-0456,skip,55,2025-02-07T00:42:06
USR-0928,CNT-0230,like,3,2025-02-07T00:46:25
USR-0728,CNT-0380,view,143,2025-02-07T00:47:39
USR-0106,CNT-0449,click,1301,2025-02-07T00:48:13
USR-0310,CNT-0134,click,311,2025-02-07T00:57:46
USR-0232,CNT-0161,click,429,2025-02-07T01:05:03
USR-0811,CNT-0424,view,370,2025-02-07T01:06:38
USR-0836,CNT-0260,click,697,2025-02-07T01:07:47
USR-0764,CNT-0073,view,3543,2025-02-07T01:16:28
USR-0997,CNT-0251,skip,24,2025-02-07T01:28:17
USR-0894,CNT-0368,like,171,2025-02-07T01:34:13
USR-0481,CNT-0421,view,1008,2025-02-07T01:39:43
USR-0078,CNT-0151,click,1042,2025-02-07T01:42:57
USR-0106,CNT-0487,click,2206,2025-02-07T01:43:07
USR-0156,CNT-0358,view,335,2025-02-07T01:47:37
USR-0793,CNT-0466,view,159,2025-02-07T01:52:14
USR-0654,CNT-0081,like,182,2025-02-07T01:53:07
USR-0426,CNT-0066,complete,769,2025-02-07T01:59:30
USR-0139,CNT-0247,like,179,2025-02-07T02:06:48
USR-0544,CNT-0433,view,229,2025-02-07T02:08:02
USR-0185,CNT-0212,skip,324,2025-02-07T02:09:00
USR-0643,CNT-0325,view,638,2025-02-07T02:18:16
USR-0989,CNT-0205,complete,1810,2025-02-07T02:27:38
USR-0837,CNT-0391,like,116,2025-02-07T03:05:10
USR-0998,CNT-0294,click,53,2025-02-07T03:09:26
USR-0430,CNT-0490,complete,2274,2025-02-07T03:09:43
USR-0701,CNT-0129,view,415,2025-02-07T03:10:20
USR-0087,CNT-0389,like,48,2025-02-07T03:22:26
USR-0561,CNT-0146,view,233,2025-02-07T03:34:51
USR-0417,CNT-0370,view,396,2025-02-07T03:41:43
USR-0170,CNT-0028,click,361,2025-02-07T04:08:55
USR-0053,CNT-0086,click,584,2025-02-07T04:15:15
USR-0676,CNT-0496,view,7,2025-02-07T04:34:47
USR-0149,CNT-0036,like,163,2025-02-07T04:52:49
USR-0041,CNT-0366,click,18,2025-02-07T04:57:42
USR-0535,CNT-0080,view,16,2025-02-07T05:03:45
USR-0661,CNT-0338,click,53,2025-02-07T05:06:42
USR-0181,CNT-0189,view,2380,2025-02-07T05:11:56
USR-0462,CNT-0225,click,5688,2025-02-07T05:20:46
USR-0410,CNT-0317,skip,213,2025-02-07T05:23:11
USR-0520,CNT-0139,click,756,2025-02-07T05:35:31
USR-0812,CNT-0349,view,4005,2025-02-07T05:37:14
USR-0552,CNT-0282,view,720,2025-02-07T05:40:54
USR-0030,CNT-0235,like,108,2025-02-07T05:51:07
USR-0033,CNT-0495,complete,628,2025-02-07T05:55:20
USR-0726,CNT-0298,view,1758,2025-02-07T05:58:56
USR-0561,CNT-0038,view,381,2025-02-07T06:07:22
USR-0338,CNT-0144,view,745,2025-02-07T06:31:04
USR-0146,CNT-0381,view,2526,2025-02-07T06:31:38
USR-0714,CNT-0182,click,80,2025-02-07T06:32:26
USR-0573,CNT-0353,click,225,2025-02-07T06:37:38
USR-0633,CNT-0040,complete,46,2025-02-07T06:41:17
USR-0711,CNT-0387,skip,23,2025-02-07T06:41:28
USR-0827,CNT-0005,click,2076,2025-02-07T06:45:43
USR-0511,CNT-0414,view,150,2025-02-07T07:11:47
USR-0436,CNT-0412,skip,421,2025-02-07T07:15:40
USR-0350,CNT-0020,complete,55,2025-02-07T07:15:52
USR-0166,CNT-0238,like,52,2025-02-07T07:17:24
USR-0063,CNT-0416,click,46,2025-02-07T07:25:24
USR-0120,CNT-0396,like,938,2025-02-07T07:35:42
USR-0754,CNT-0361,view,3693,2025-02-07T07:40:16
USR-0585,CNT-0197,like,1032,2025-02-07T07:43:33
USR-0186,CNT-0145,view,325,2025-02-07T07:48:24
USR-0812,CNT-0198,view,68,2025-02-07T07:57:46
USR-0976,CNT-0310,view,2462,2025-02-07T08:08:19
USR-0370,CNT-0418,like,860,2025-02-07T08:09:18
USR-0625,CNT-0198,view,1567,2025-02-07T08:19:49
USR-0319,CNT-0314,skip,368,2025-02-07T08:28:42
USR-0835,CNT-0250,skip,25,2025-02-07T08:36:22
USR-0740,CNT-0088,view,14,2025-02-07T08:36:24
USR-0391,CNT-0413,view,254,2025-02-07T08:38:38
USR-0127,CNT-0293,complete,2008,2025-02-07T08:39:25
USR-0683,CNT-0444,view,145,2025-02-07T08:39:58
USR-0603,CNT-0029,skip,15,2025-02-07T08:42:34
USR-0923,CNT-0030,skip,6,2025-02-07T08:44:12
USR-0497,CNT-0286,skip,28,2025-02-07T08:48:05
USR-0555,CNT-0208,view,1752,2025-02-07T08:54:18
USR-0456,CNT-0124,view,141,2025-02-07T08:55:52
USR-0186,CNT-0443,view,1069,2025-02-07T09:08:40
USR-0391,CNT-0136,view,209,2025-02-07T09:14:37
USR-0042,CNT-0372,like,575,2025-02-07T09:15:06
USR-0538,CNT-0178,skip,111,2025-02-07T09:37:05
USR-0042,CNT-0419,like,1405,2025-02-07T09:45:40
USR-0521,CNT-0410,complete,65,2025-02-07T09:58:48
USR-0192,CNT-0371,view,108,2025-02-07T09:59:49
USR-0196,CNT-0143,view,2797,2025-02-07T10:01:03
USR-0079,CNT-0021,view,838,2025-02-07T10:05:33
USR-0479,CNT-0403,like,1298,2025-02-07T10:13:50
USR-0355,CNT-0437,skip,278,2025-02-07T10:15:37
USR-0915,CNT-0368,complete,210,2025-02-07T10:23:32
USR-0005,CNT-0304,view,321,2025-02-07T10:33:26
USR-0317,CNT-0441,view,25,2025-02-07T10:38:44
USR-0566,CNT-0011,skip,143,2025-02-07T10:47:00
USR-0881,CNT-0204,complete,1783,2025-02-07T10:53:12
USR-0066,CNT-0367,view,539,2025-02-07T10:54:47
USR-0311,CNT-0145,click,784,2025-02-07T11:02:20
USR-0871,CNT-0263,complete,212,2025-02-07T11:17:34
USR-0911,CNT-0001,view,267,2025-02-07T11:18:17
USR-0235,CNT-0440,view,2207,2025-02-07T11:32:43
USR-0314,CNT-0004,view,2407,2025-02-07T11:41:26
USR-0963,CNT-0474,view,182,2025-02-07T11:42:22
USR-0317,CNT-0335,view,1576,2025-02-07T11:48:13
USR-0318,CNT-0334,view,22,2025-02-07T11:50:37
USR-0386,CNT-0468,view,326,2025-02-07T11:53:48
USR-0118,CNT-0166,click,208,2025-02-07T11:53:58
USR-0243,CNT-0322,like,373,2025-02-07T11:55:08
USR-0211,CNT-0088,like,191,2025-02-07T11:55:34
USR-0198,CNT-0012,view,188,2025-02-07T12:02:32
USR-0170,CNT-0365,view,313,2025-02-07T12:03:07
USR-0111,CNT-0013,complete,2153,2025-02-07T12:39:51
USR-0557,CNT-0414,view,32,2025-02-07T12:41:48
USR-0926,CNT-0360,like,143,2025-02-07T12:50:14
USR-0300,CNT-0481,view,3590,2025-02-07T12:50:47
USR-0564,CNT-0151,like,1527,2025-02-07T12:54:35
USR-0395,CNT-0356,view,4426,2025-02-07T12:58:21
USR-0578,CNT-0233,complete,2084,2025-02-07T12:58:52
USR-0688,CNT-0292,view,14,2025-02-07T13:09:08
USR-0916,CNT-0479,complete,931,2025-02-07T13:10:10
USR-0127,CNT-0169,skip,11,2025-02-07T13:11:42
USR-0318,CNT-0196,view,14,2025-02-07T13:17:09
USR-0977,CNT-0393,like,121,2025-02-07T13:32:46
USR-0736,CNT-0449,complete,2465,2025-02-07T13:33:03
USR-0381,CNT-0486,like,292,2025-02-07T13:42:00
USR-0974,CNT-0484,like,11,2025-02-07T13:44:51
USR-0938,CNT-0281,view,4925,2025-02-07T13:51:05
USR-0308,CNT-0031,like,1071,2025-02-07T14:00:40
USR-0120,CNT-0352,view,1288,2025-02-07T14:15:03
USR-0666,CNT-0040,click,36,2025-02-07T14:15:29
USR-0283,CNT-0173,complete,432,2025-02-07T14:15:55
USR-0292,CNT-0194,view,636,2025-02-07T14:20:24
USR-0230,CNT-0488,click,3218,2025-02-07T14:29:54
USR-0942,CNT-0022,view,410,2025-02-07T14:37:04
USR-0538,CNT-0146,like,318,2025-02-07T14:42:19
USR-0525,CNT-0276,click,42,2025-02-07T14:42:36
USR-0253,CNT-0437,like,468,2025-02-07T14:49:36
USR-0887,CNT-0448,view,39,2025-02-07T14:58:37
USR-0210,CNT-0204,skip,266,2025-02-07T15:00:22
USR-0085,CNT-0098,click,3444,2025-02-07T15:01:55
USR-0475,CNT-0360,complete,743,2025-02-07T15:06:45
USR-0493,CNT-0411,like,147,2025-02-07T15:13:30
USR-0243,CNT-0464,view,586,2025-02-07T15:15:29
USR-0852,CNT-0155,view,377,2025-02-07T15:26:44
USR-0105,CNT-0098,view,4032,2025-02-07T15:39:49
USR-0619,CNT-0274,view,403,2025-02-07T15:51:23
USR-0218,CNT-0119,skip,133,2025-02-07T16:06:42
USR-0488,CNT-0384,skip,1126,2025-02-07T16:25:10
USR-0071,CNT-0255,click,2314,2025-02-07T16:31:13
USR-0235,CNT-0475,view,25,2025-02-07T16:32:46
USR-0683,CNT-0009,click,1380,2025-02-07T16:32:51
USR-0980,CNT-0130,skip,10,2025-02-07T16:40:34
USR-0736,CNT-0214,view,1352,2025-02-07T16:54:19
USR-0244,CNT-0026,view,682,2025-02-07T17:08:00
USR-0421,CNT-0411,click,38,2025-02-07T17:13:22
USR-0229,CNT-0458,view,1482,2025-02-07T17:15:17
USR-0097,CNT-0081,view,19,2025-02-07T17:15:52
USR-0734,CNT-0337,skip,74,2025-02-07T17:17:38
USR-0053,CNT-0200,like,759,2025-02-07T17:21:16
USR-0800,CNT-0040,skip,6,2025-02-07T17:28:52
USR-0859,CNT-0068,like,336,2025-02-07T17:30:16
USR-0388,CNT-0244,click,236,2025-02-07T17:31:24
USR-0192,CNT-0235,like,199,2025-02-07T17:31:49
USR-0248,CNT-0262,view,1547,2025-02-07T17:33:08
USR-0628,CNT-0378,view,1332,2025-02-07T17:52:50
USR-0994,CNT-0408,skip,17,2025-02-07T17:54:52
USR-0766,CNT-0185,view,486,2025-02-07T18:02:23
USR-0363,CNT-0458,view,1518,2025-02-07T18:03:26
USR-0730,CNT-0013,click,1968,2025-02-07T18:04:37
USR-0715,CNT-0031,skip,36,2025-02-07T18:08:23
USR-0514,CNT-0475,view,84,2025-02-07T18:24:53
USR-0307,CNT-0077,view,406,2025-02-07T18:38:38
USR-0680,CNT-0091,like,13,2025-02-07T18:55:38
USR-0666,CNT-0322,click,251,2025-02-07T19:10:45
USR-0607,CNT-0131,skip,318,2025-02-07T19:18:56
USR-0058,CNT-0492,like,3580,2025-02-07T19:37:26
USR-0578,CNT-0399,view,6473,2025-02-07T19:42:49
USR-0436,CNT-0281,view,5143,2025-02-07T19:44:17
USR-0293,CNT-0038,like,254,2025-02-07T19:44:39
USR-0919,CNT-0030,view,769,2025-02-07T19:44:54
USR-0295,CNT-0269,view,114,2025-02-07T19:48:47
USR-0386,CNT-0007,view,524,2025-02-07T20:11:09
USR-0285,CNT-0044,click,202,2025-02-07T20:11:51
USR-0722,CNT-0043,like,2140,2025-02-07T20:15:41
USR-0563,CNT-0054,view,393,2025-02-07T20:18:24
USR-0414,CNT-0286,complete,1661,2025-02-07T20:31:52
USR-0575,CNT-0031,view,1026,2025-02-07T20:36:18
USR-0043,CNT-0455,click,34,2025-02-07T21:01:47
USR-0091,CNT-0027,click,1332,2025-02-07T21:07:51
USR-0915,CNT-0186,skip,377,2025-02-07T21:13:04
USR-0867,CNT-0169,view,17,2025-02-07T21:13:35
USR-0947,CNT-0253,like,96,2025-02-07T21:18:26
USR-0796,CNT-0125,like,5011,2025-02-07T21:34:21
USR-0001,CNT-0101,skip,92,2025-02-07T21:38:42
USR-0959,CNT-0086,click,405,2025-02-07T21:39:47
USR-0230,CNT-0421,view,1029,2025-02-07T21:45:34
USR-0534,CNT-0270,complete,772,2025-02-07T21:45:36
USR-0232,CNT-0406,complete,1018,2025-02-07T21:45:56
USR-0353,CNT-0400,complete,113,2025-02-07T22:05:48
USR-0070,CNT-0260,click,156,2025-02-07T22:05:49
USR-0206,CNT-0368,view,122,2025-02-07T22:09:07
USR-0049,CNT-0435,complete,148,2025-02-07T22:12:24
USR-0084,CNT-0285,view,602,2025-02-07T22:13:24
USR-0330,CNT-0167,complete,1108,2025-02-07T22:29:09
USR-0849,CNT-0456,view,254,2025-02-07T22:41:30
USR-0861,CNT-0028,complete,2428,2025-02-07T22:54:54
USR-0912,CNT-0154,skip,21,2025-02-07T22:58:01
USR-0597,CNT-0115,click,83,2025-02-07T23:00:29
USR-0736,CNT-0293,like,456,2025-02-07T23:01:26
USR-0965,CNT-0089,view,51,2025-02-07T23:10:27
USR-0582,CNT-0092,like,1955,2025-02-07T23:16:59
USR-0418,CNT-0259,view,266,2025-02-07T23:18:49
USR-0453,CNT-0280,complete,86,2025-02-07T23:31:20
USR-0996,CNT-0420,complete,4812,2025-02-07T23:39:04
USR-0193,CNT-0190,like,2373,2025-02-07T23:42:05
USR-0023,CNT-0083,click,364,2025-02-07T23:49:08
USR-0791,CNT-0182,like,105,2025-02-07T23:58:39
USR-0546,CNT-0388,complete,4640,2025-02-07T23:59:38
USR-0711,CNT-0316,skip,35,2025-02-08T00:12:50
USR-0017,CNT-0445,view,158,2025-02-08T00:17:02
USR-0261,CNT-0151,view,1767,2025-02-08T00:17:56
USR-0455,CNT-0464,complete,577,2025-02-08T00:20:44
USR-0895,CNT-0360,click,663,2025-02-08T00:27:56
USR-0760,CNT-0491,complete,2591,2025-02-08T00:43:03
USR-0523,CNT-0248,view,12,2025-02-08T00:47:30
USR-0986,CNT-0005,like,628,2025-02-08T00:56:49
USR-0941,CNT-0199,click,0,2025-02-08T01:05:50
USR-0034,CNT-0092,view,493,2025-02-08T01:09:49
USR-0044,CNT-0166,like,171,2025-02-08T01:16:24
USR-0125,CNT-0109,like,445,2025-02-08T01:34:45
USR-0527,CNT-0125,view,3621,2025-02-08T02:01:13
USR-0980,CNT-0207,view,4314,2025-02-08T02:06:38
USR-0660,CNT-0019,like,15,2025-02-08T02:11:23
USR-0924,CNT-0139,view,1150,2025-02-08T02:11:29
USR-0913,CNT-0328,complete,86,2025-02-08T02:17:21
USR-0692,CNT-0201,view,1003,2025-02-08T02:23:21
USR-0879,CNT-0056,like,23,2025-02-08T02:24:44
USR-0839,CNT-0223,like,310,2025-02-08T02:31:17
USR-0781,CNT-0242,click,407,2025-02-08T02:32:58
USR-0922,CNT-0327,view,52,2025-02-08T02:34:51
USR-0805,CNT-0465,view,760,2025-02-08T02:35:01
USR-0158,CNT-0039,view,1314,2025-02-08T02:43:10
USR-0768,CNT-0354,view,214,2025-02-08T02:43:27
USR-0475,CNT-0422,view,78,2025-02-08T02:56:21
USR-0671,CNT-0359,complete,703,2025-02-08T03:03:54
USR-0464,CNT-0494,like,109,2025-02-08T03:09:27
USR-0570,CNT-0439,skip,390,2025-02-08T03:16:10
USR-0704,CNT-0167,view,153,2025-02-08T03:17:16
USR-0178,CNT-0112,complete,4933,2025-02-08T03:21:02
USR-0080,CNT-0354,click,342,2025-02-08T03:28:11
USR-0398,CNT-0401,view,54,2025-02-08T03:34:06
USR-0297,CNT-0210,complete,2747,2025-02-08T03:35:49
USR-0687,CNT-0135,complete,3239,2025-02-08T03:44:46
USR-0401,CNT-0038,view,72,2025-02-08T03:59:10
USR-0962,CNT-0117,click,1576,2025-02-08T04:19:29
USR-0191,CNT-0089,view,43,2025-02-08T04:19:32
USR-0310,CNT-0235,view,573,2025-02-08T04:19:52
USR-0228,CNT-0093,click,8,2025-02-08T04:25:13
USR-0111,CNT-0046,click,543,2025-02-08T04:28:08
USR-0570,CNT-0380,click,24,2025-02-08T04:31:10
USR-0645,CNT-0204,skip,88,2025-02-08T04:35:15
USR-0271,CNT-0341,like,50,2025-02-08T04:49:54
USR-0457,CNT-0408,complete,169,2025-02-08T04:51:35
USR-0525,CNT-0278,click,211,2025-02-08T04:59:15
USR-0251,CNT-0175,complete,3937,2025-02-08T05:15:35
USR-0330,CNT-0026,click,572,2025-02-08T05:18:00
USR-0456,CNT-0278,complete,237,2025-02-08T05:20:51
USR-0523,CNT-0491,complete,2437,2025-02-08T05:30:37
USR-0141,CNT-0261,click,601,2025-02-08T05:31:25
USR-0714,CNT-0468,skip,280,2025-02-08T05:33:22
USR-0833,CNT-0007,click,232,2025-02-08T05:38:01
USR-0618,CNT-0406,click,610,2025-02-08T05:39:25
USR-0004,CNT-0359,skip,48,2025-02-08T05:47:34
USR-0632,CNT-0125,complete,4416,2025-02-08T05:49:51
USR-0428,CNT-0200,view,1710,2025-02-08T05:52:20
USR-0654,CNT-0140,complete,3315,2025-02-08T05:54:40
USR-0164,CNT-0175,click,2813,2025-02-08T06:11:48
USR-0444,CNT-0177,complete,5729,2025-02-08T06:12:01
USR-0187,CNT-0460,click,4862,2025-02-08T06:14:33
USR-0198,CNT-0432,view,1008,2025-02-08T06:21:09
USR-0499,CNT-0234,complete,4552,2025-02-08T06:25:47
USR-0696,CNT-0057,click,375,2025-02-08T06:38:53
USR-1000,CNT-0265,skip,9,2025-02-08T06:55:11
USR-0144,CNT-0234,view,3637,2025-02-08T06:56:04
USR-0181,CNT-0443,complete,4229,2025-02-08T07:09:53
USR-0952,CNT-0089,view,57,2025-02-08T07:17:31
USR-0997,CNT-0009,view,2062,2025-02-08T07:20:08
USR-0720,CNT-0279,skip,147,2025-02-08T07:25:34
USR-0037,CNT-0047,like,465,2025-02-08T07:29:51
USR-0743,CNT-0190,click,1703,2025-02-08T07:36:01
USR-0019,CNT-0130,like,5,2025-02-08T07:36:45
USR-0932,CNT-0019,skip,21,2025-02-08T07:36:52
USR-0043,CNT-0163,click,4228,2025-02-08T07:50:18
USR-0415,CNT-0342,view,2347,2025-02-08T08:05:27
USR-0381,CNT-0463,click,1528,2025-02-08T08:14:43
USR-0690,CNT-0049,like,2,2025-02-08T08:15:45
USR-0851,CNT-0301,like,934,2025-02-08T08:25:01
USR-0145,CNT-0213,complete,1692,2025-02-08T08:29:07
USR-0100,CNT-0450,complete,3303,2025-02-08T08:37:40
USR-0043,CNT-0446,view,529,2025-02-08T08:51:21
USR-0755,CNT-0291,click,171,2025-02-08T08:58:44
USR-0910,CNT-0113,view,709,2025-02-08T09:01:07
USR-0781,CNT-0069,like,3996,2025-02-08T09:09:34
USR-0915,CNT-0016,view,576,2025-02-08T09:13:22
USR-0507,CNT-0312,complete,280,2025-02-08T09:18:17
USR-0477,CNT-0482,click,1244,2025-02-08T09:20:10
USR-0144,CNT-0188,click,575,2025-02-08T09:22:22
USR-0236,CNT-0391,view,93,2025-02-08T09:30:07
USR-0022,CNT-0391,click,126,2025-02-08T09:34:25
USR-0564,CNT-0013,click,1326,2025-02-08T09:40:10
USR-0912,CNT-0144,view,4,2025-02-08T09:49:50
USR-0117,CNT-0381,like,1512,2025-02-08T09:58:15
USR-0707,CNT-0211,view,11,2025-02-08T10:01:29
USR-0930,CNT-0421,skip,758,2025-02-08T10:18:02
USR-0328,CNT-0156,skip,686,2025-02-08T10:18:04
USR-0541,CNT-0122,view,45,2025-02-08T10:37:05
USR-0622,CNT-0250,like,235,2025-02-08T10:43:08
USR-0204,CNT-0497,click,45,2025-02-08T10:44:04
USR-0795,CNT-0496,view,98,2025-02-08T10:56:06
USR-0745,CNT-0307,view,490,2025-02-08T10:56:32
USR-0619,CNT-0101,complete,294,2025-02-08T11:14:53
USR-0420,CNT-0130,skip,11,2025-02-08T11:15:48
USR-0951,CNT-0408,click,10,2025-02-08T11:16:29
USR-0148,CNT-0386,view,73,2025-02-08T11:22:06
USR-0417,CNT-0439,complete,1622,2025-02-08T11:28:24
USR-0760,CNT-0446,view,699,2025-02-08T11:35:51
USR-0011,CNT-0351,click,223,2025-02-08T11:37:02
USR-0386,CNT-0077,click,948,2025-02-08T11:47:38
USR-0865,CNT-0330,click,505,2025-02-08T11:52:09
USR-0703,CNT-0439,click,1453,2025-02-08T12:07:27
USR-0268,CNT-0315,complete,4890,2025-02-08T12:13:52
USR-0270,CNT-0079,view,2898,2025-02-08T12:30:36
USR-0650,CNT-0019,skip,5,2025-02-08T12:31:34
USR-0248,CNT-0143,skip,634,2025-02-08T12:32:10
USR-0173,CNT-0067,view,2967,2025-02-08T12:41:49
USR-0793,CNT-0482,view,843,2025-02-08T12:41:49
USR-0564,CNT-0253,complete,101,2025-02-08T12:48:52
USR-0260,CNT-0161,click,445,2025-02-08T12:53:26
USR-0860,CNT-0099,view,230,2025-02-08T12:58:39
USR-0184,CNT-0154,click,129,2025-02-08T13:01:24
USR-0701,CNT-0244,click,242,2025-02-08T13:14:18
USR-0147,CNT-0178,complete,610,2025-02-08T13:15:05
USR-0584,CNT-0350,view,329,2025-02-08T13:16:05
USR-0763,CNT-0123,complete,630,2025-02-08T13:17:17
USR-0672,CNT-0098,complete,6697,2025-02-08T13:25:03
USR-0702,CNT-0126,view,459,2025-02-08T13:29:11
USR-0468,CNT-0333,skip,0,2025-02-08T13:40:51
USR-0795,CNT-0496,click,123,2025-02-08T13:46:40
USR-0847,CNT-0347,like,1418,2025-02-08T13:58:22
USR-0861,CNT-0492,skip,809,2025-02-08T14:19:06
USR-0663,CNT-0278,like,27,2025-02-08T14:23:07
USR-0957,CNT-0487,complete,2228,2025-02-08T14:23:57
USR-0104,CNT-0242,skip,118,2025-02-08T14:34:00
USR-0831,CNT-0371,skip,11,2025-02-08T14:35:24
USR-0037,CNT-0140,skip,859,2025-02-08T14:48:36
USR-0866,CNT-0415,skip,362,2025-02-08T14:57:01
USR-0057,CNT-0268,view,3199,2025-02-08T15:00:42
USR-0278,CNT-0031,click,45,2025-02-08T15:06:35
USR-0976,CNT-0234,complete,4534,2025-02-08T15:09:57
USR-0808,CNT-0083,skip,34,2025-02-08T15:10:15
USR-0021,CNT-0364,like,1027,2025-02-08T15:15:40
USR-0017,CNT-0243,skip,4,2025-02-08T15:17:17
USR-0058,CNT-0240,view,56,2025-02-08T15:20:43
USR-0111,CNT-0248,like,1,2025-02-08T15:23:42
USR-0809,CNT-0032,skip,98,2025-02-08T15:26:48
USR-0268,CNT-0471,click,669,2025-02-08T15:54:39
USR-0908,CNT-0353,skip,69,2025-02-08T16:23:57
USR-0002,CNT-0449,view,556,2025-02-08T16:26:04
USR-0022,CNT-0448,skip,3,2025-02-08T16:29:27
USR-0155,CNT-0120,click,66,2025-02-08T16:32:01
USR-0640,CNT-0440,like,2393,2025-02-08T16:32:10
USR-0234,CNT-0381,click,134,2025-02-08T16:33:06
USR-0024,CNT-0425,complete,663,2025-02-08T16:47:26
USR-0774,CNT-0394,view,59,2025-02-08T17:08:33
USR-0933,CNT-0158,complete,137,2025-02-08T17:17:48
USR-0002,CNT-0397,like,205,2025-02-08T17:19:32
USR-0680,CNT-0398,click,81,2025-02-08T17:23:41
USR-0777,CNT-0203,view,34,2025-02-08T17:46:41
USR-0341,CNT-0110,complete,883,2025-02-08T17:50:30
USR-0838,CNT-0265,view,293,2025-02-08T17:53:45
USR-0784,CNT-0285,like,753,2025-02-08T17:58:32
USR-0294,CNT-0358,view,313,2025-02-08T17:59:24
USR-0249,CNT-0169,view,10,2025-02-08T17:59:30
USR-0192,CNT-0127,like,156,2025-02-08T18:01:19
USR-0766,CNT-0115,skip,134,2025-02-08T18:02:41
USR-0021,CNT-0104,view,1712,2025-02-08T18:10:20
USR-0768,CNT-0303,view,232,2025-02-08T18:21:05
USR-0874,CNT-0049,click,291,2025-02-08T18:23:26
USR-0365,CNT-0189,skip,665,2025-02-08T18:25:54
USR-0920,CNT-0208,skip,659,2025-02-08T18:26:39
USR-0799,CNT-0139,skip,281,2025-02-08T18:30:24
USR-0939,CNT-0088,view,50,2025-02-08T18:35:26
USR-0439,CNT-0220,view,75,2025-02-08T18:37:29
USR-0880,CNT-0204,view,1453,2025-02-08T18:38:19
USR-0325,CNT-0184,complete,235,2025-02-08T18:42:43
USR-0024,CNT-0346,view,4227,2025-02-08T18:44:52
USR-0738,CNT-0375,complete,410,2025-02-08T18:45:49
USR-0406,CNT-0448,click,14,2025-02-08T18:55:46
USR-0764,CNT-0346,view,2483,2025-02-08T19:13:21
USR-0385,CNT-0037,click,1363,2025-02-08T19:17:43
USR-0366,CNT-0122,skip,1,2025-02-08T19:17:50
USR-0503,CNT-0115,complete,478,2025-02-08T20:10:51
USR-0947,CNT-0226,complete,562,2025-02-08T20:11:39
USR-0909,CNT-0380,complete,279,2025-02-08T20:12:44
USR-0479,CNT-0266,click,487,2025-02-08T20:40:52
USR-0456,CNT-0230,view,55,2025-02-08T20:46:41
USR-0197,CNT-0220,view,74,2025-02-08T20:49:10
USR-0744,CNT-0397,like,365,2025-02-08T20:52:42
USR-0223,CNT-0351,view,201,2025-02-08T20:57:34
USR-0259,CNT-0222,view,9,2025-02-08T20:58:46
USR-0002,CNT-0140,click,1030,2025-02-08T21:06:34
USR-0644,CNT-0483,view,344,2025-02-08T21:07:27
USR-0030,CNT-0098,click,4614,2025-02-08T21:27:04
USR-0330,CNT-0317,complete,912,2025-02-08T21:34:56
USR-0613,CNT-0062,view,976,2025-02-08T21:42:44
USR-0450,CNT-0152,complete,155,2025-02-08T21:42:51
USR-0136,CNT-0160,view,40,2025-02-08T21:44:03
USR-0035,CNT-0479,click,333,2025-02-08T21:45:47
USR-0588,CNT-0449,click,1573,2025-02-08T21:52:33
USR-0145,CNT-0427,view,362,2025-02-08T21:54:47
USR-0666,CNT-0040,view,29,2025-02-08T21:58:12
USR-0449,CNT-0380,click,199,2025-02-08T22:02:44
USR-0171,CNT-0316,view,823,2025-02-08T22:08:01
USR-0739,CNT-0019,view,34,2025-02-08T22:08:54
USR-0996,CNT-0302,view,36,2025-02-08T22:15:21
USR-0837,CNT-0478,view,399,2025-02-08T22:17:16
USR-0403,CNT-0001,view,134,2025-02-08T22:31:47
USR-0054,CNT-0282,complete,1084,2025-02-08T22:39:48
USR-0741,CNT-0214,view,2779,2025-02-08T22:45:16
USR-0383,CNT-0448,view,32,2025-02-08T22:58:41
USR-0786,CNT-0382,view,26,2025-02-08T23:01:42
USR-0542,CNT-0260,complete,749,2025-02-08T23:13:01
USR-0549,CNT-0215,view,315,2025-02-08T23:24:09
USR-0157,CNT-0451,complete,658,2025-02-08T23:27:15
USR-0282,CNT-0076,complete,588,2025-02-08T23:33:47
USR-0983,CNT-0463,skip,204,2025-02-08T23:36:37
USR-0280,CNT-0375,complete,472,2025-02-08T23:39:16
USR-0356,CNT-0040,complete,52,2025-02-09T00:00:09
USR-0082,CNT-0455,like,60,2025-02-09T00:04:58
USR-0134,CNT-0238,complete,852,2025-02-09T00:20:16
USR-0231,CNT-0112,click,2930,2025-02-09T00:22:01
USR-0644,CNT-0500,view,1752,2025-02-09T00:24:42
USR-0764,CNT-0359,skip,164,2025-02-09T00:26:24
USR-0275,CNT-0407,click,58,2025-02-09T00:31:28
USR-0713,CNT-0415,like,5151,2025-02-09T00:37:11
USR-0400,CNT-0414,click,214,2025-02-09T00:37:54
USR-0428,CNT-0011,complete,1064,2025-02-09T00:46:51
USR-0589,CNT-0192,view,28,2025-02-09T00:47:21
USR-0649,CNT-0396,click,653,2025-02-09T00:58:50
USR-0527,CNT-0252,complete,3170,2025-02-09T01:10:44
USR-0134,CNT-0286,like,1274,2025-02-09T01:12:23
USR-0401,CNT-0100,complete,342,2025-02-09T01:14:18
USR-0247,CNT-0486,click,57,2025-02-09T01:18:36
USR-0588,CNT-0456,view,419,2025-02-09T01:23:50
USR-0785,CNT-0001,complete,262,2025-02-09T01:30:47
USR-0114,CNT-0062,like,1599,2025-02-09T01:36:22
USR-0133,CNT-0131,complete,1128,2025-02-09T01:42:12
USR-0358,CNT-0106,view,903,2025-02-09T01:44:27
USR-0138,CNT-0092,click,38,2025-02-09T01:47:25
USR-0147,CNT-0038,view,660,2025-02-09T01:54:10
USR-0727,CNT-0303,view,408,2025-02-09T02:12:34
USR-0743,CNT-0045,view,172,2025-02-09T02:17:37
USR-0497,CNT-0321,like,2009,2025-02-09T02:32:11
USR-0870,CNT-0425,view,222,2025-02-09T02:46:51
USR-0680,CNT-0369,view,812,2025-02-09T02:52:12
USR-0398,CNT-0006,complete,450,2025-02-09T02:53:26
USR-0929,CNT-0489,complete,3319,2025-02-09T02:55:51
USR-0697,CNT-0133,like,66,2025-02-09T02:58:46
USR-0875,CNT-0232,view,34,2025-02-09T03:01:17
USR-0986,CNT-0424,view,446,2025-02-09T03:01:28
USR-0370,CNT-0232,complete,75,2025-02-09T03:10:54
USR-0011,CNT-0094,view,430,2025-02-09T03:32:24
USR-0194,CNT-0202,view,2439,2025-02-09T03:35:34
USR-0069,CNT-0179,click,17,2025-02-09T03:54:54
USR-0577,CNT-0076,view,296,2025-02-09T04:04:24
USR-0250,CNT-0365,click,635,2025-02-09T04:18:05
USR-0023,CNT-0476,view,34,2025-02-09T04:24:32
USR-0753,CNT-0376,like,8,2025-02-09T04:48:56
USR-0979,CNT-0299,like,106,2025-02-09T04:51:40
USR-0901,CNT-0009,complete,4156,2025-02-09T04:57:24
USR-0396,CNT-0489,view,1745,2025-02-09T04:59:16
USR-0047,CNT-0419,complete,2340,2025-02-09T05:03:22
USR-0965,CNT-0265,complete,279,2025-02-09T05:05:50
USR-0004,CNT-0227,like,24,2025-02-09T05:12:40
USR-0284,CNT-0113,complete,2263,2025-02-09T05:17:12
USR-0121,CNT-0050,view,359,2025-02-09T05:18:48
USR-0262,CNT-0228,skip,230,2025-02-09T05:19:55
USR-0053,CNT-0031,view,185,2025-02-09T05:41:29
USR-0530,CNT-0192,like,18,2025-02-09T05:51:02
USR-0484,CNT-0065,view,26,2025-02-09T05:58:11
USR-0317,CNT-0138,view,608,2025-02-09T05:59:04
USR-0418,CNT-0494,view,351,2025-02-09T06:03:40
USR-0920,CNT-0080,click,12,2025-02-09T06:31:43
USR-0885,CNT-0015,like,97,2025-02-09T06:32:21
USR-0668,CNT-0216,view,5314,2025-02-09T06:33:59
USR-0198,CNT-0413,view,139,2025-02-09T06:36:04
USR-0717,CNT-0221,skip,17,2025-02-09T06:37:30
USR-0785,CNT-0380,like,49,2025-02-09T07:04:40
USR-0903,CNT-0132,like,110,2025-02-09T07:06:43
USR-0070,CNT-0324,skip,24,2025-02-09T07:18:14
USR-0645,CNT-0423,click,3346,2025-02-09T07:26:59
USR-0093,CNT-0400,skip,22,2025-02-09T07:32:14
USR-0251,CNT-0492,skip,721,2025-02-09T07:32:54
USR-0008,CNT-0127,view,170,2025-02-09T07:46:39
USR-0400,CNT-0194,skip,92,2025-02-09T07:56:11
USR-0710,CNT-0259,view,657,2025-02-09T07:57:04
USR-0068,CNT-0331,view,208,2025-02-09T07:59:40
USR-0963,CNT-0070,view,247,2025-02-09T08:08:37
USR-0992,CNT-0161,view,142,2025-02-09T08:18:04
USR-0259,CNT-0236,click,15,2025-02-09T08:23:18
USR-0504,CNT-0458,view,876,2025-02-09T08:27:31
USR-0277,CNT-0364,view,169,2025-02-09T08:29:12
USR-0562,CNT-0232,view,85,2025-02-09T08:37:30
USR-0512,CNT-0425,view,314,2025-02-09T08:43:15
USR-0427,CNT-0074,complete,151,2025-02-09T08:50:35
USR-0681,CNT-0399,skip,722,2025-02-09T08:52:25
USR-0348,CNT-0023,skip,43,2025-02-09T08:54:06
USR-0081,CNT-0354,view,169,2025-02-09T08:54:22
USR-0885,CNT-0162,view,53,2025-02-09T08:58:02
USR-0128,CNT-0007,click,3707,2025-02-09T08:58:36
USR-0262,CNT-0307,like,117,2025-02-09T08:59:17
USR-0893,CNT-0473,click,247,2025-02-09T09:11:24
USR-0193,CNT-0310,complete,3598,2025-02-09T09:14:56
USR-0841,CNT-0471,view,2608,2025-02-09T09:15:42
USR-0307,CNT-0137,view,413,2025-02-09T09:29:08
USR-0275,CNT-0043,click,3244,2025-02-09T09:30:25
USR-0886,CNT-0372,view,275,2025-02-09T09:33:39
USR-0313,CNT-0223,view,165,2025-02-09T09:40:45
USR-0373,CNT-0384,skip,1058,2025-02-09T09:41:11
USR-0944,CNT-0489,complete,3493,2025-02-09T09:47:50
USR-0794,CNT-0146,complete,537,2025-02-09T09:52:23
USR-0330,CNT-0272,skip,230,2025-02-09T09:56:38
USR-0615,CNT-0260,complete,681,2025-02-09T09:58:24
USR-0389,CNT-0500,click,3627,2025-02-09T09:59:08
USR-0418,CNT-0354,view,292,2025-02-09T10:01:09
USR-0110,CNT-0449,view,1479,2025-02-09T10:01:19
USR-0605,CNT-0208,view,1567,2025-02-09T10:07:28
USR-0538,CNT-0005,like,515,2025-02-09T10:10:44
USR-0334,CNT-0356,skip,40,2025-02-09T10:11:23
USR-0210,CNT-0108,complete,267,2025-02-09T10:17:21
USR-0602,CNT-0080,like,2,2025-02-09T10:22:10
USR-0764,CNT-0324,click,420,2025-02-09T10:27:10
USR-0032,CNT-0263,view,42,2025-02-09T10:27:55
USR-0306,CNT-0120,view,1541,2025-02-09T10:33:47
USR-0031,CNT-0294,complete,50,2025-02-09T10:35:12
USR-0483,CNT-0432,click,3114,2025-02-09T10:38:02
USR-0374,CNT-0321,click,786,2025-02-09T10:54:51
USR-0886,CNT-0189,skip,690,2025-02-09T10:56:58
USR-0265,CNT-0020,skip,2,2025-02-09T10:57:05
USR-0893,CNT-0277,click,43,2025-02-09T10:57:07
USR-0924,CNT-0421,like,112,2025-02-09T11:03:18
USR-0207,CNT-0413,view,39,2025-02-09T11:04:10
USR-0967,CNT-0160,complete,481,2025-02-09T11:05:03
USR-0373,CNT-0485,complete,67,2025-02-09T11:11:45
USR-0155,CNT-0028,skip,613,2025-02-09T11:17:36
USR-0294,CNT-0399,view,3205,2025-02-09T11:24:30
USR-0569,CNT-0310,view,2327,2025-02-09T11:47:12
USR-0726,CNT-0182,view,78,2025-02-09T11:54:12
USR-0893,CNT-0400,like,90,2025-02-09T12:18:45
USR-0993,CNT-0247,click,649,2025-02-09T12:19:58
USR-0554,CNT-0066,skip,88,2025-02-09T12:22:57
USR-0862,CNT-0240,like,4,2025-02-09T12:30:10
USR-0855,CNT-0005,view,1003,2025-02-09T12:31:26
USR-0194,CNT-0107,like,253,2025-02-09T12:34:09
USR-0886,CNT-0228,skip,15,2025-02-09T12:41:35
USR-0655,CNT-0074,view,5,2025-02-09T12:43:05
USR-0143,CNT-0410,view,11,2025-02-09T13:00:35
USR-0830,CNT-0357,view,1065,2025-02-09T13:16:25
USR-0270,CNT-0463,view,838,2025-02-09T13:20:21
USR-0140,CNT-0060,like,227,2025-02-09T13:29:54
USR-0106,CNT-0026,skip,36,2025-02-09T13:48:11
USR-0722,CNT-0498,complete,1464,2025-02-09T13:48:44
USR-0118,CNT-0198,view,466,2025-02-09T13:51:03
USR-0359,CNT-0010,like,6197,2025-02-09T13:51:45
USR-0586,CNT-0338,like,78,2025-02-09T13:52:22
USR-0709,CNT-0323,complete,5047,2025-02-09T14:08:52
USR-0322,CNT-0268,click,2619,2025-02-09T14:10:03
USR-0416,CNT-0096,click,2029,2025-02-09T14:13:55
USR-0216,CNT-0076,click,724,2025-02-09T14:17:01
USR-0173,CNT-0117,skip,394,2025-02-09T14:26:26
USR-0981,CNT-0269,like,34,2025-02-09T14:42:07
USR-0122,CNT-0343,view,32,2025-02-09T14:42:34
USR-0043,CNT-0374,click,251,2025-02-09T15:11:47
USR-0275,CNT-0277,view,10,2025-02-09T15:11:50
USR-0885,CNT-0057,like,408,2025-02-09T15:15:19
USR-0340,CNT-0016,complete,784,2025-02-09T15:24:59
USR-0802,CNT-0110,view,583,2025-02-09T15:26:19
USR-0555,CNT-0195,view,315,2025-02-09T15:28:03
USR-0070,CNT-0323,complete,4719,2025-02-09T15:31:11
USR-0898,CNT-0051,click,40,2025-02-09T15:41:58
USR-0691,CNT-0192,view,43,2025-02-09T15:48:29
USR-0991,CNT-0301,view,530,2025-02-09T15:48:54
USR-0669,CNT-0067,skip,754,2025-02-09T15:51:18
USR-0486,CNT-0070,view,33,2025-02-09T16:04:54
USR-0155,CNT-0040,view,7,2025-02-09T16:14:54
USR-0410,CNT-0293,complete,1701,2025-02-09T16:20:52
USR-0428,CNT-0004,complete,3548,2025-02-09T16:32:40
USR-0099,CNT-0138,view,413,2025-02-09T16:42:26
USR-0637,CNT-0162,click,221,2025-02-09T16:55:44
USR-0495,CNT-0286,click,1258,2025-02-09T17:16:15
USR-0100,CNT-0011,view,1203,2025-02-09T17:21:39
USR-0963,CNT-0440,skip,558,2025-02-09T17:30:46
USR-0633,CNT-0468,like,592,2025-02-09T17:35:33
USR-0522,CNT-0059,skip,16,2025-02-09T17:46:38
USR-0348,CNT-0203,view,33,2025-02-09T17:48:24
USR-0324,CNT-0004,complete,4245,2025-02-09T17:49:21
USR-0888,CNT-0189,complete,2580,2025-02-09T17:50:25
USR-0833,CNT-0031,click,845,2025-02-09T18:06:12
USR-0447,CNT-0142,complete,3857,2025-02-09T18:07:16
USR-0466,CNT-0422,complete,277,2025-02-09T18:12:09
USR-0948,CNT-0387,view,182,2025-02-09T18:17:42
USR-0385,CNT-0021,view,144,2025-02-09T18:33:16
USR-0806,CNT-0180,view,24,2025-02-09T18:43:13
USR-0077,CNT-0308,click,910,2025-02-09T18:47:25
USR-0258,CNT-0029,like,188,2025-02-09T18:48:12
USR-0137,CNT-0261,complete,866,2025-02-09T18:56:16
USR-0230,CNT-0005,like,221,2025-02-09T18:59:08
USR-0602,CNT-0126,view,513,2025-02-09T19:06:39
USR-0429,CNT-0053,view,40,2025-02-09T19:08:50
USR-0199,CNT-0169,complete,62,2025-02-09T19:13:52
USR-0400,CNT-0470,complete,1071,2025-02-09T19:22:13
USR-0641,CNT-0218,click,492,2025-02-09T19:47:48
USR-0822,CNT-0007,view,1818,2025-02-09T19:49:42
USR-0791,CNT-0337,view,390,2025-02-09T19:51:29
USR-0162,CNT-0052,like,270,2025-02-09T19:52:41
USR-0856,CNT-0325,like,86,2025-02-09T19:54:18
USR-0752,CNT-0141,skip,756,2025-02-09T20:03:44
USR-0028,CNT-0088,view,61,2025-02-09T20:05:36
USR-0463,CNT-0399,complete,6467,2025-02-09T20:18:08
USR-0914,CNT-0375,click,378,2025-02-09T20:29:13
USR-0415,CNT-0337,skip,20,2025-02-09T20:38:33
USR-0055,CNT-0021,complete,912,2025-02-09T20:43:06
USR-0299,CNT-0244,view,416,2025-02-09T20:46:13
USR-0103,CNT-0034,complete,519,2025-02-09T20:51:54
USR-0187,CNT-0219,like,40,2025-02-09T20:55:48
USR-0525,CNT-0310,complete,3188,2025-02-09T21:01:00
USR-0372,CNT-0251,complete,920,2025-02-09T21:03:10
USR-0578,CNT-0083,like,375,2025-02-09T21:04:13
USR-0402,CNT-0157,skip,120,2025-02-09T21:04:35
USR-0641,CNT-0472,view,176,2025-02-09T21:09:46
USR-0719,CNT-0362,like,2332,2025-02-09T21:11:50
USR-0827,CNT-0191,click,254,2025-02-09T21:12:32
USR-0314,CNT-0335,view,3465,2025-02-09T21:15:21
USR-0331,CNT-0484,view,124,2025-02-09T21:20:12
USR-0817,CNT-0017,skip,254,2025-02-09T21:25:33
USR-0724,CNT-0050,view,609,2025-02-09T21:41:46
USR-0938,CNT-0112,click,3011,2025-02-09T21:54:06
USR-0511,CNT-0124,click,204,2025-02-09T21:57:53
USR-0967,CNT-0303,click,456,2025-02-09T22:04:24
USR-0491,CNT-0019,like,77,2025-02-09T22:09:23
USR-0014,CNT-0426,complete,1824,2025-02-09T22:10:16
USR-0077,CNT-0472,click,110,2025-02-09T22:15:45
USR-0031,CNT-0383,complete,328,2025-02-09T22:17:09
USR-0744,CNT-0367,view,505,2025-02-09T22:20:51
USR-0427,CNT-0168,view,4,2025-02-09T22:30:27
USR-0377,CNT-0008,like,1799,2025-02-09T22:31:16
USR-0154,CNT-0258,view,3274,2025-02-09T22:41:53
USR-0010,CNT-0145,skip,164,2025-02-09T22:51:00
USR-0031,CNT-0183,click,1062,2025-02-09T23:00:47
USR-0379,CNT-0258,like,2650,2025-02-09T23:04:42
USR-0001,CNT-0132,like,149,2025-02-09T23:07:04
USR-0977,CNT-0104,view,533,2025-02-09T23:08:20
USR-0813,CNT-0397,click,537,2025-02-09T23:09:04
USR-0863,CNT-0268,complete,4292,2025-02-09T23:35:04
USR-0811,CNT-0211,view,58,2025-02-09T23:47:38
USR-0762,CNT-0499,view,179,2025-02-10T00:04:20
USR-0683,CNT-0096,click,1827,2025-02-10T00:20:24
USR-0863,CNT-0155,click,362,2025-02-10T00:44:02
USR-0106,CNT-0220,view,85,2025-02-10T00:54:06
USR-0531,CNT-0211,complete,167,2025-02-10T00:56:02
USR-0377,CNT-0411,view,925,2025-02-10T00:59:31
USR-0047,CNT-0223,complete,2646,2025-02-10T00:59:51
USR-0115,CNT-0340,click,501,2025-02-10T01:00:22
USR-0768,CNT-0162,view,11,2025-02-10T01:27:34
USR-0968,CNT-0162,view,136,2025-02-10T01:39:23
USR-0636,CNT-0169,view,32,2025-02-10T01:42:44
USR-0627,CNT-0082,view,336,2025-02-10T01:45:09
USR-0372,CNT-0091,skip,4,2025-02-10T02:03:49
USR-0292,CNT-0322,click,275,2025-02-10T02:08:08
USR-0877,CNT-0234,view,3800,2025-02-10T02:12:27
USR-0957,CNT-0397,complete,1044,2025-02-10T02:14:17
USR-0154,CNT-0189,click,965,2025-02-10T02:17:43
USR-0539,CNT-0134,like,796,2025-02-10T02:39:17
USR-0709,CNT-0462,view,1526,2025-02-10T02:42:47
USR-0488,CNT-0003,view,1421,2025-02-10T02:44:22
USR-0286,CNT-0241,skip,189,2025-02-10T02:50:41
USR-0104,CNT-0098,view,2995,2025-02-10T02:53:41
USR-0167,CNT-0172,complete,107,2025-02-10T03:02:48
USR-0242,CNT-0187,click,79,2025-02-10T03:02:51
USR-0580,CNT-0477,click,2223,2025-02-10T03:05:14
USR-0632,CNT-0007,click,3653,2025-02-10T03:06:07
USR-0453,CNT-0106,complete,1238,2025-02-10T03:10:33
USR-0861,CNT-0226,click,1,2025-02-10T03:13:43
USR-0594,CNT-0365,view,488,2025-02-10T03:39:23
USR-0551,CNT-0471,like,1664,2025-02-10T03:48:14
USR-0124,CNT-0138,like,508,2025-02-10T03:53:17
USR-0154,CNT-0354,click,425,2025-02-10T03:55:59
USR-0677,CNT-0427,view,175,2025-02-10T04:03:50
USR-0455,CNT-0148,skip,45,2025-02-10T04:08:55
USR-0459,CNT-0185,view,316,2025-02-10T04:10:37
USR-0325,CNT-0458,like,270,2025-02-10T04:17:13
USR-0573,CNT-0461,view,1286,2025-02-10T04:28:07
USR-0414,CNT-0485,complete,77,2025-02-10T04:31:49
USR-0889,CNT-0058,click,933,2025-02-10T04:48:54
USR-0564,CNT-0426,view,730,2025-02-10T04:49:01
USR-0952,CNT-0494,view,219,2025-02-10T04:52:42
USR-0180,CNT-0251,like,162,2025-02-10T05:01:46
USR-0479,CNT-0223,view,308,2025-02-10T05:04:48
USR-0023,CNT-0026,view,571,2025-02-10T05:08:02
USR-0655,CNT-0145,like,439,2025-02-10T05:13:42
USR-0098,CNT-0225,view,6819,2025-02-10T05:16:35
USR-0105,CNT-0270,view,630,2025-02-10T05:23:14
USR-0391,CNT-0410,skip,9,2025-02-10T05:26:03
USR-0450,CNT-0072,view,130,2025-02-10T05:26:40
USR-0678,CNT-0398,click,146,2025-02-10T05:30:23
USR-0868,CNT-0104,like,543,2025-02-10T05:54:40
USR-0866,CNT-0368,complete,200,2025-02-10T05:58:25
USR-0128,CNT-0346,view,1134,2025-02-10T05:59:07
USR-0164,CNT-0208,like,2460,2025-02-10T06:07:57
USR-0993,CNT-0350,view,205,2025-02-10T06:20:03
USR-0136,CNT-0135,view,292,2025-02-10T06:22:30
USR-0656,CNT-0094,complete,1055,2025-02-10T06:23:39
USR-0648,CNT-0282,view,202,2025-02-10T06:32:31
USR-0577,CNT-0086,view,4808,2025-02-10T06:55:17
USR-0888,CNT-0058,skip,260,2025-02-10T06:55:48
USR-0964,CNT-0220,click,92,2025-02-10T07:02:37
USR-0004,CNT-0442,click,186,2025-02-10T07:04:50
USR-0605,CNT-0428,like,256,2025-02-10T07:05:33
USR-0305,CNT-0194,complete,665,2025-02-10T07:08:34
USR-0375,CNT-0174,complete,35,2025-02-10T07:09:17
USR-0521,CNT-0331,view,1357,2025-02-10T07:26:46
USR-0576,CNT-0081,complete,297,2025-02-10T07:27:11
USR-0059,CNT-0437,complete,3982,2025-02-10T07:40:16
USR-0624,CNT-0370,skip,19,2025-02-10T07:40:25
USR-0275,CNT-0089,view,17,2025-02-10T07:42:38
USR-0003,CNT-0072,complete,132,2025-02-10T07:45:13
USR-0125,CNT-0355,like,455,2025-02-10T07:48:10
USR-0124,CNT-0278,complete,233,2025-02-10T07:48:28
USR-0076,CNT-0239,skip,187,2025-02-10T07:54:20
USR-0354,CNT-0232,view,29,2025-02-10T07:56:32
USR-0387,CNT-0224,view,1546,2025-02-10T08:09:24
USR-0779,CNT-0033,view,28,2025-02-10T08:11:21
USR-0839,CNT-0098,like,1545,2025-02-10T08:27:20
USR-0933,CNT-0490,view,2216,2025-02-10T08:28:26
USR-0073,CNT-0229,skip,78,2025-02-10T08:33:19
USR-0009,CNT-0056,complete,70,2025-02-10T08:37:06
USR-0659,CNT-0053,view,49,2025-02-10T08:41:25
USR-0419,CNT-0303,view,367,2025-02-10T08:42:38
USR-0008,CNT-0442,view,128,2025-02-10T08:53:11
USR-0523,CNT-0039,view,1119,2025-02-10T08:54:33
USR-0334,CNT-0282,complete,1134,2025-02-10T09:16:46
USR-0557,CNT-0342,like,209,2025-02-10T09:21:05
USR-0292,CNT-0474,view,743,2025-02-10T09:41:43
USR-0654,CNT-0120,skip,220,2025-02-10T09:47:14
USR-0092,CNT-0341,like,36,2025-02-10T09:52:05
USR-0888,CNT-0112,like,204,2025-02-10T09:52:05
USR-0853,CNT-0470,complete,971,2025-02-10T09:52:35
USR-0268,CNT-0179,like,12,2025-02-10T09:58:57
USR-0519,CNT-0304,skip,153,2025-02-10T10:02:26
USR-0620,CNT-0159,view,709,2025-02-10T10:02:50
USR-0298,CNT-0316,like,495,2025-02-10T10:08:25
USR-0253,CNT-0257,complete,388,2025-02-10T10:28:55
USR-0253,CNT-0437,click,3412,2025-02-10T10:29:23
USR-0450,CNT-0301,click,155,2025-02-10T10:32:05
USR-0754,CNT-0234,like,2755,2025-02-10T10:34:53
USR-0210,CNT-0256,like,300,2025-02-10T10:36:02
USR-0015,CNT-0207,complete,5148,2025-02-10T10:41:17
USR-0638,CNT-0192,complete,53,2025-02-10T10:42:06
USR-0381,CNT-0379,click,423,2025-02-10T10:59:04
USR-0306,CNT-0177,complete,5443,2025-02-10T11:01:33
USR-0895,CNT-0306,click,37,2025-02-10T11:03:59
USR-0823,CNT-0130,complete,44,2025-02-10T11:06:34
USR-0100,CNT-0025,skip,537,2025-02-10T11:18:46
USR-0401,CNT-0191,skip,118,2025-02-10T11:26:21
USR-0994,CNT-0242,view,378,2025-02-10T11:40:54
USR-0097,CNT-0414,view,164,2025-02-10T11:45:33
USR-0053,CNT-0497,view,27,2025-02-10T11:49:21
USR-0395,CNT-0481,view,438,2025-02-10T11:49:30
USR-0622,CNT-0313,skip,3,2025-02-10T11:52:14
USR-0591,CNT-0156,view,2655,2025-02-10T12:00:02
USR-0311,CNT-0110,click,600,2025-02-10T12:10:52
USR-0723,CNT-0116,view,36,2025-02-10T12:13:03
USR-0742,CNT-0427,skip,94,2025-02-10T12:16:12
USR-0736,CNT-0002,view,72,2025-02-10T12:30:32
USR-0820,CNT-0367,click,144,2025-02-10T12:37:12
USR-0443,CNT-0113,skip,395,2025-02-10T12:39:20
USR-0853,CNT-0350,like,5,2025-02-10T12:41:12
USR-0099,CNT-0196,skip,30,2025-02-10T12:45:19
USR-0286,CNT-0287,click,42,2025-02-10T12:51:58
USR-0745,CNT-0262,complete,3402,2025-02-10T13:00:22
USR-0126,CNT-0277,view,5,2025-02-10T13:01:14
USR-0977,CNT-0078,click,99,2025-02-10T13:03:10
USR-0777,CNT-0174,complete,37,2025-02-10T13:14:12
USR-0893,CNT-0486,view,440,2025-02-10T13:16:00
USR-0713,CNT-0204,view,1292,2025-02-10T13:17:15
USR-0606,CNT-0352,click,2886,2025-02-10T13:19:26
USR-0727,CNT-0259,like,852,2025-02-10T13:41:11
USR-0226,CNT-0468,view,1696,2025-02-10T13:41:35
USR-0570,CNT-0099,skip,46,2025-02-10T13:49:35
USR-0921,CNT-0391,view,23,2025-02-10T13:50:39
USR-0595,CNT-0295,click,32,2025-02-10T13:52:47
USR-0314,CNT-0149,skip,25,2025-02-10T13:56:23
USR-0178,CNT-0337,view,294,2025-02-10T14:02:53
USR-0858,CNT-0134,complete,809,2025-02-10T14:09:19
USR-0276,CNT-0190,complete,2392,2025-02-10T14:11:00
USR-0572,CNT-0291,skip,9,2025-02-10T14:22:54
USR-0388,CNT-0243,view,225,2025-02-10T14:23:44
USR-0636,CNT-0309,complete,234,2025-02-10T14:25:45
USR-0411,CNT-0294,click,13,2025-02-10T14:25:48
USR-0288,CNT-0080,complete,73,2025-02-10T14:31:55
USR-0945,CNT-0426,click,519,2025-02-10T14:38:08
USR-0366,CNT-0101,complete,315,2025-02-10T14:46:00
USR-0586,CNT-0388,click,2191,2025-02-10T14:56:48
USR-0652,CNT-0410,view,11,2025-02-10T15:15:43
USR-0991,CNT-0396,click,159,2025-02-10T15:20:23
USR-0414,CNT-0373,click,4351,2025-02-10T15:22:18
USR-0822,CNT-0468,complete,1611,2025-02-10T15:32:51
USR-0719,CNT-0181,like,5624,2025-02-10T15:34:42
USR-0951,CNT-0388,view,3866,2025-02-10T15:45:40
USR-0106,CNT-0169,click,45,2025-02-10T15:56:51
USR-0302,CNT-0081,view,70,2025-02-10T16:10:41
USR-0663,CNT-0229,view,38,2025-02-10T16:13:13
USR-0296,CNT-0047,like,197,2025-02-10T16:25:29
USR-0782,CNT-0219,view,74,2025-02-10T16:33:06
USR-0962,CNT-0147,click,859,2025-02-10T16:34:04
USR-0987,CNT-0388,view,2861,2025-02-10T16:34:34
USR-0956,CNT-0251,view,728,2025-02-10T16:55:31
USR-0756,CNT-0391,click,197,2025-02-10T16:58:25
USR-0819,CNT-0326,click,605,2025-02-10T17:03:07
USR-0078,CNT-0088,complete,309,2025-02-10T17:03:36
USR-0088,CNT-0273,click,3,2025-02-10T17:05:28
USR-0874,CNT-0425,view,366,2025-02-10T17:13:22
USR-0178,CNT-0200,complete,2388,2025-02-10T17:28:04
USR-0856,CNT-0385,view,3706,2025-02-10T17:41:25
USR-0890,CNT-0065,skip,3,2025-02-10T17:41:46
USR-0560,CNT-0023,view,1271,2025-02-10T17:45:23
USR-0695,CNT-0213,skip,3,2025-02-10T18:02:44
USR-0577,CNT-0037,click,1752,2025-02-10T18:06:52
USR-0779,CNT-0015,view,115,2025-02-10T18:11:25
USR-0944,CNT-0201,skip,333,2025-02-10T18:16:06
USR-0200,CNT-0334,view,80,2025-02-10T18:22:11
USR-0736,CNT-0145,click,719,2025-02-10T18:27:36
USR-0319,CNT-0071,view,29,2025-02-10T18:33:10
USR-0407,CNT-0239,view,351,2025-02-10T18:48:04
USR-0684,CNT-0157,complete,422,2025-02-10T18:48:48
USR-0599,CNT-0248,click,100,2025-02-10T18:49:39
USR-0539,CNT-0122,view,27,2025-02-10T18:50:45
USR-0690,CNT-0021,click,630,2025-02-10T19:06:58
USR-0256,CNT-0293,complete,1979,2025-02-10T19:11:35
USR-0989,CNT-0118,view,2785,2025-02-10T19:12:58
USR-0853,CNT-0468,complete,1549,2025-02-10T19:13:33
USR-0690,CNT-0171,click,512,2025-02-10T19:13:40
USR-0777,CNT-0186,view,1857,2025-02-10T19:14:55
USR-0654,CNT-0375,click,339,2025-02-10T19:21:37
USR-0587,CNT-0121,view,87,2025-02-10T19:22:12
USR-0091,CNT-0428,click,13,2025-02-10T19:49:25
USR-0730,CNT-0171,view,477,2025-02-10T19:50:57
USR-0840,CNT-0066,skip,127,2025-02-10T20:05:41
USR-0104,CNT-0430,view,312,2025-02-10T20:10:22
USR-0204,CNT-0489,complete,3685,2025-02-10T20:14:45
USR-0435,CNT-0476,view,60,2025-02-10T20:46:48
USR-0587,CNT-0073,click,2911,2025-02-10T21:01:02
USR-0880,CNT-0161,complete,1173,2025-02-10T21:08:21
USR-0256,CNT-0049,view,219,2025-02-10T21:12:58
USR-0068,CNT-0122,complete,191,2025-02-10T21:14:37
USR-0451,CNT-0005,complete,2138,2025-02-10T21:15:15
USR-0712,CNT-0201,complete,3322,2025-02-10T21:22:46
USR-0272,CNT-0444,view,122,2025-02-10T21:35:04
USR-0022,CNT-0173,view,249,2025-02-10T21:46:41
USR-0766,CNT-0373,complete,4974,2025-02-10T21:54:22
USR-0218,CNT-0224,complete,1963,2025-02-10T22:21:37
USR-0399,CNT-0107,complete,595,2025-02-10T22:22:47
USR-0326,CNT-0005,like,1176,2025-02-10T22:29:42
USR-0645,CNT-0356,view,4338,2025-02-10T22:41:02
USR-0608,CNT-0329,view,653,2025-02-10T22:44:20
USR-0890,CNT-0083,complete,443,2025-02-10T22:54:13
USR-0101,CNT-0146,like,434,2025-02-10T23:04:06
USR-0074,CNT-0029,click,60,2025-02-10T23:08:20
USR-0182,CNT-0468,like,907,2025-02-10T23:09:29
USR-0502,CNT-0450,like,3783,2025-02-10T23:15:18
USR-0500,CNT-0117,view,77,2025-02-10T23:20:30
USR-0817,CNT-0417,click,446,2025-02-10T23:22:33
USR-0722,CNT-0346,view,561,2025-02-10T23:31:28
USR-0166,CNT-0412,like,1148,2025-02-10T23:37:15
USR-0040,CNT-0301,skip,115,2025-02-10T23:43:01
USR-0142,CNT-0140,view,481,2025-02-10T23:53:17
USR-0649,CNT-0103,view,722,2025-02-11T00:01:36
USR-0408,CNT-0129,complete,587,2025-02-11T00:02:13
USR-0859,CNT-0244,view,547,2025-02-11T00:06:09
USR-0755,CNT-0195,complete,1051,2025-02-11T00:11:02
USR-0951,CNT-0211,complete,177,2025-02-11T00:15:07
USR-0849,CNT-0301,view,206,2025-02-11T00:28:54
USR-0485,CNT-0454,view,395,2025-02-11T00:38:37
USR-0954,CNT-0329,view,2340,2025-02-11T01:08:44
USR-0183,CNT-0330,complete,3562,2025-02-11T01:14:37
USR-0557,CNT-0099,complete,602,2025-02-11T01:20:03
USR-0594,CNT-0289,complete,58,2025-02-11T01:33:46
USR-0819,CNT-0239,view,385,2025-02-11T01:38:28
USR-0488,CNT-0102,click,1597,2025-02-11T01:46:17
USR-0643,CNT-0221,skip,52,2025-02-11T01:46:52
USR-0987,CNT-0434,complete,30,2025-02-11T01:49:47
USR-0623,CNT-0441,view,45,2025-02-11T01:51:34
USR-0172,CNT-0131,skip,245,2025-02-11T01:55:30
USR-0867,CNT-0230,view,49,2025-02-11T01:57:59
USR-0100,CNT-0020,view,12,2025-02-11T02:02:50
USR-0572,CNT-0258,complete,3069,2025-02-11T02:14:57
USR-0698,CNT-0066,view,365,2025-02-11T02:16:29
USR-0131,CNT-0391,complete,231,2025-02-11T02:16:34
USR-0436,CNT-0402,skip,126,2025-02-11T02:33:28
USR-0759,CNT-0139,complete,1160,2025-02-11T02:35:44
USR-0412,CNT-0403,view,926,2025-02-11T02:41:42
USR-0577,CNT-0056,like,15,2025-02-11T02:43:13
USR-0345,CNT-0297,like,904,2025-02-11T02:43:52
USR-0238,CNT-0115,complete,488,2025-02-11T02:53:10
USR-0301,CNT-0438,skip,100,2025-02-11T02:55:03
USR-0947,CNT-0296,view,211,2025-02-11T02:55:16
USR-0930,CNT-0462,skip,318,2025-02-11T03:05:05
USR-0474,CNT-0066,view,612,2025-02-11T03:17:32
USR-0310,CNT-0316,view,209,2025-02-11T03:30:26
USR-0278,CNT-0167,view,370,2025-02-11T03:34:47
USR-0692,CNT-0151,view,3541,2025-02-11T03:35:57
USR-0157,CNT-0422,complete,261,2025-02-11T03:37:26
USR-0868,CNT-0058,complete,1251,2025-02-11T03:37:59
USR-0252,CNT-0140,click,1196,2025-02-11T03:42:50
USR-0164,CNT-0004,like,485,2025-02-11T03:45:01
USR-0857,CNT-0419,view,2401,2025-02-11T04:00:58
USR-0227,CNT-0496,view,65,2025-02-11T04:01:09
USR-0410,CNT-0276,skip,9,2025-02-11T04:11:55
USR-0575,CNT-0018,view,76,2025-02-11T04:13:35
USR-0443,CNT-0157,complete,483,2025-02-11T04:16:17
USR-0646,CNT-0073,complete,3915,2025-02-11T04:17:13
USR-0790,CNT-0376,view,41,2025-02-11T04:18:00
USR-0891,CNT-0482,click,92,2025-02-11T04:36:07
USR-0820,CNT-0021,like,994,2025-02-11T04:38:10
USR-0909,CNT-0278,view,178,2025-02-11T04:43:01
USR-0970,CNT-0083,click,178,2025-02-11T04:48:46
USR-0934,CNT-0154,complete,182,2025-02-11T05:05:27
USR-0163,CNT-0360,click,625,2025-02-11T05:13:37
USR-0138,CNT-0247,complete,672,2025-02-11T05:25:02
USR-0847,CNT-0165,view,921,2025-02-11T05:30:12
USR-0465,CNT-0135,view,2628,2025-02-11T05:53:53
USR-0164,CNT-0278,click,223,2025-02-11T05:57:28
USR-0104,CNT-0250,complete,240,2025-02-11T05:59:08
USR-0293,CNT-0116,click,55,2025-02-11T06:08:56
USR-0703,CNT-0476,view,38,2025-02-11T06:15:28
USR-0947,CNT-0199,click,23,2025-02-11T06:35:16
USR-0852,CNT-0300,view,82,2025-02-11T06:40:39
USR-0078,CNT-0277,complete,81,2025-02-11T06:41:57
USR-0794,CNT-0008,click,1757,2025-02-11T06:48:37
USR-0557,CNT-0495,complete,738,2025-02-11T06:55:17
USR-0606,CNT-0344,like,839,2025-02-11T07:00:07
USR-0999,CNT-0428,view,239,2025-02-11T07:04:49
USR-0102,CNT-0415,complete,4662,2025-02-11T07:22:47
USR-0851,CNT-0270,view,749,2025-02-11T07:23:39
USR-0817,CNT-0075,view,29,2025-02-11T07:47:02
USR-0836,CNT-0217,like,569,2025-02-11T08:01:09
USR-0303,CNT-0026,skip,145,2025-02-11T08:01:57
USR-0205,CNT-0025,click,1041,2025-02-11T08:09:09
USR-0267,CNT-0269,click,602,2025-02-11T08:19:36
USR-0317,CNT-0404,click,49,2025-02-11T08:20:00
USR-0958,CNT-0448,click,26,2025-02-11T08:24:19
USR-0545,CNT-0428,like,228,2025-02-11T08:26:18
USR-0077,CNT-0416,complete,81,2025-02-11T08:28:49
USR-0825,CNT-0325,complete,964,2025-02-11T08:39:02
USR-0749,CNT-0327,click,388,2025-02-11T08:41:58
USR-0317,CNT-0404,view,47,2025-02-11T08:51:05
USR-0989,CNT-0012,click,11,2025-02-11T09:05:42
USR-0083,CNT-0227,like,102,2025-02-11T09:08:51
USR-0250,CNT-0030,skip,223,2025-02-11T09:10:35
USR-0024,CNT-0223,click,1934,2025-02-11T09:10:35
USR-0815,CNT-0465,view,160,2025-02-11T09:12:38
USR-0331,CNT-0204,click,1270,2025-02-11T09:18:06
USR-0214,CNT-0275,click,75,2025-02-11T09:28:54
USR-0179,CNT-0202,skip,424,2025-02-11T09:33:56
USR-0379,CNT-0092,complete,1944,2025-02-11T09:49:22
USR-0565,CNT-0176,click,1748,2025-02-11T09:52:08
USR-0005,CNT-0418,view,687,2025-02-11T10:06:49
USR-0589,CNT-0027,view,585,2025-02-11T10:16:34
USR-0796,CNT-0164,view,2770,2025-02-11T10:52:03
USR-0052,CNT-0337,skip,38,2025-02-11T11:01:13
USR-0742,CNT-0348,complete,37,2025-02-11T11:06:25
USR-0683,CNT-0308,view,235,2025-02-11T11:14:20
USR-0531,CNT-0103,view,88,2025-02-11T11:15:10
USR-0505,CNT-0156,view,1918,2025-02-11T11:19:32
USR-0361,CNT-0494,like,114,2025-02-11T11:21:06
USR-0162,CNT-0025,view,113,2025-02-11T11:23:45
USR-0767,CNT-0414,click,130,2025-02-11T11:28:08
USR-0926,CNT-0071,skip,20,2025-02-11T11:29:05
USR-0578,CNT-0329,click,349,2025-02-11T11:29:42
USR-0956,CNT-0012,view,105,2025-02-11T11:45:11
USR-0013,CNT-0048,like,78,2025-02-11T11:47:05
USR-0587,CNT-0197,skip,248,2025-02-11T11:52:01
USR-0493,CNT-0365,view,886,2025-02-11T11:57:51
USR-0692,CNT-0279,view,2158,2025-02-11T12:12:42
USR-0334,CNT-0426,view,364,2025-02-11T12:14:31
USR-0705,CNT-0149,click,63,2025-02-11T12:16:37
USR-0591,CNT-0234,click,3778,2025-02-11T12:32:33
USR-0698,CNT-0178,complete,621,2025-02-11T12:44:45
USR-0453,CNT-0292,view,99,2025-02-11T12:45:54
USR-0895,CNT-0115,complete,572,2025-02-11T13:00:26
USR-0156,CNT-0499,complete,222,2025-02-11T13:03:00
USR-0334,CNT-0227,like,75,2025-02-11T13:03:57
USR-0167,CNT-0136,like,52,2025-02-11T13:20:15
USR-0416,CNT-0184,click,60,2025-02-11T13:35:49
USR-0784,CNT-0443,view,797,2025-02-11T13:39:27
USR-0342,CNT-0500,view,1541,2025-02-11T13:40:48
USR-0401,CNT-0194,click,505,2025-02-11T13:47:53
USR-0882,CNT-0168,like,148,2025-02-11T14:07:03
USR-0335,CNT-0177,view,4984,2025-02-11T14:24:15
USR-1000,CNT-0152,click,123,2025-02-11T14:27:06
USR-0738,CNT-0011,click,708,2025-02-11T14:31:45
USR-0308,CNT-0167,click,622,2025-02-11T14:31:58
USR-0720,CNT-0184,like,268,2025-02-11T14:40:49
USR-0360,CNT-0296,skip,43,2025-02-11T14:54:10
USR-0593,CNT-0297,like,1046,2025-02-11T15:01:31
USR-0794,CNT-0413,complete,645,2025-02-11T15:02:23
USR-0908,CNT-0404,like,549,2025-02-11T15:13:28
USR-0707,CNT-0298,click,5916,2025-02-11T15:16:06
USR-0310,CNT-0233,view,398,2025-02-11T15:27:02
USR-0288,CNT-0387,complete,320,2025-02-11T15:28:03
USR-0593,CNT-0108,view,241,2025-02-11T15:33:29
USR-0831,CNT-0045,complete,203,2025-02-11T15:51:02
USR-0660,CNT-0191,view,591,2025-02-11T15:52:52
USR-0508,CNT-0290,complete,4126,2025-02-11T16:05:15
USR-0551,CNT-0395,skip,4,2025-02-11T16:16:54
USR-0845,CNT-0490,skip,142,2025-02-11T16:17:13
USR-0830,CNT-0059,like,321,2025-02-11T16:22:31
USR-0361,CNT-0216,view,2643,2025-02-11T16:32:37
USR-0895,CNT-0486,complete,429,2025-02-11T16:37:26
USR-0800,CNT-0086,view,821,2025-02-11T16:40:37
USR-0764,CNT-0003,complete,3863,2025-02-11T17:07:33
USR-0102,CNT-0144,view,1301,2025-02-11T17:08:23
USR-0289,CNT-0257,click,66,2025-02-11T17:09:30
USR-0929,CNT-0417,view,108,2025-02-11T17:14:57
USR-0661,CNT-0188,click,888,2025-02-11T17:16:20
USR-0925,CNT-0486,view,466,2025-02-11T17:31:25
USR-0409,CNT-0415,skip,301,2025-02-11T17:53:46
USR-0142,CNT-0144,skip,138,2025-02-11T18:07:20
USR-0754,CNT-0362,click,933,2025-02-11T18:10:03
USR-0142,CNT-0144,complete,1718,2025-02-11T18:37:08
USR-0995,CNT-0122,view,134,2025-02-11T19:09:09
USR-0986,CNT-0057,like,568,2025-02-11T19:18:15
USR-0953,CNT-0112,complete,4513,2025-02-11T19:18:32
USR-0457,CNT-0213,complete,1669,2025-02-11T19:21:41
USR-0631,CNT-0199,view,67,2025-02-11T19:24:07
USR-0988,CNT-0019,skip,18,2025-02-11T19:26:42
USR-0510,CNT-0010,like,5700,2025-02-11T19:39:05
USR-0503,CNT-0079,click,151,2025-02-11T19:57:09
USR-0612,CNT-0068,click,642,2025-02-11T20:02:10
USR-0341,CNT-0435,complete,158,2025-02-11T20:02:34
USR-0735,CNT-0057,skip,270,2025-02-11T20:02:39
USR-0790,CNT-0272,click,519,2025-02-11T20:05:17
USR-0958,CNT-0381,like,174,2025-02-11T20:08:22
USR-0103,CNT-0495,view,481,2025-02-11T20:11:39
USR-0021,CNT-0100,view,236,2025-02-11T20:18:58
USR-0341,CNT-0484,complete,137,2025-02-11T20:46:02
USR-0063,CNT-0218,skip,43,2025-02-11T20:49:11
USR-0264,CNT-0388,like,2571,2025-02-11T20:55:54
USR-0884,CNT-0300,complete,150,2025-02-11T20:56:47
USR-0724,CNT-0413,click,269,2025-02-11T21:02:09
USR-0272,CNT-0040,view,17,2025-02-11T21:03:11
USR-0134,CNT-0285,view,535,2025-02-11T21:06:24
USR-0115,CNT-0229,complete,357,2025-02-11T21:11:23
USR-0923,CNT-0178,like,362,2025-02-11T21:16:12
USR-0748,CNT-0104,view,788,2025-02-11T21:20:52
USR-0907,CNT-0353,like,1125,2025-02-11T21:44:02
USR-0347,CNT-0106,like,406,2025-02-11T21:49:15
USR-0820,CNT-0235,view,881,2025-02-11T22:08:56
USR-0283,CNT-0057,complete,943,2025-02-11T22:20:21
USR-0771,CNT-0300,click,56,2025-02-11T22:28:59
USR-0596,CNT-0443,view,3313,2025-02-11T22:29:55
USR-0103,CNT-0466,view,158,2025-02-11T22:34:36
USR-0816,CNT-0333,view,14,2025-02-11T23:00:21
USR-0972,CNT-0122,complete,176,2025-02-11T23:01:41
USR-0887,CNT-0110,complete,787,2025-02-11T23:06:02
USR-0473,CNT-0071,complete,74,2025-02-11T23:10:30
USR-0766,CNT-0155,click,66,2025-02-11T23:15:36
USR-0102,CNT-0400,click,57,2025-02-11T23:16:41
USR-0709,CNT-0165,view,2687,2025-02-11T23:27:58
USR-0851,CNT-0212,like,869,2025-02-11T23:42:02
USR-0408,CNT-0345,view,509,2025-02-11T23:46:08
USR-0456,CNT-0068,skip,20,2025-02-11T23:46:33
USR-0689,CNT-0141,click,629,2025-02-11T23:47:26
USR-0677,CNT-0163,like,5587,2025-02-11T23:54:56
USR-0166,CNT-0139,like,912,2025-02-12T00:00:02
USR-0105,CNT-0499,complete,208,2025-02-12T00:11:26
USR-0060,CNT-0014,view,2791,2025-02-12T00:13:52
USR-0136,CNT-0126,click,386,2025-02-12T00:16:55
USR-0614,CNT-0261,click,76,2025-02-12T00:21:39
USR-0375,CNT-0067,skip,90,2025-02-12T00:23:22
USR-0340,CNT-0011,skip,223,2025-02-12T00:36:55
USR-0234,CNT-0092,like,2044,2025-02-12T00:37:41
USR-0148,CNT-0382,skip,752,2025-02-12T00:39:19
USR-0095,CNT-0243,complete,373,2025-02-12T00:43:34
USR-0480,CNT-0073,view,4345,2025-02-12T00:47:57
USR-0665,CNT-0126,view,459,2025-02-12T00:50:45
USR-0599,CNT-0205,click,1012,2025-02-12T00:55:55
USR-0807,CNT-0408,view,115,2025-02-12T01:00:42
USR-0045,CNT-0224,complete,2095,2025-02-12T01:07:27
USR-0333,CNT-0102,complete,2050,2025-02-12T01:19:28
USR-0268,CNT-0026,like,92,2025-02-12T01:25:13
USR-0729,CNT-0265,skip,72,2025-02-12T01:28:09
USR-0919,CNT-0379,complete,408,2025-02-12T01:28:22
USR-0466,CNT-0090,view,595,2025-02-12T01:32:20
USR-0696,CNT-0237,skip,129,2025-02-12T01:35:40
USR-0349,CNT-0242,like,296,2025-02-12T01:38:28
USR-0603,CNT-0042,click,186,2025-02-12T01:40:07
USR-0657,CNT-0453,view,414,2025-02-12T01:49:54
USR-0275,CNT-0030,skip,28,2025-02-12T01:50:13
USR-0796,CNT-0041,skip,19,2025-02-12T01:50:35
USR-0488,CNT-0158,view,23,2025-02-12T01:50:51
USR-0471,CNT-0380,click,276,2025-02-12T02:00:34
USR-0449,CNT-0401,click,22,2025-02-12T02:09:28
USR-0954,CNT-0099,view,90,2025-02-12T02:13:30
USR-0226,CNT-0261,skip,108,2025-02-12T02:16:01
USR-0609,CNT-0134,like,531,2025-02-12T02:16:49
USR-0429,CNT-0202,view,2118,2025-02-12T02:24:15
USR-0592,CNT-0187,click,126,2025-02-12T02:25:46
USR-0347,CNT-0325,view,661,2025-02-12T02:33:16
USR-0621,CNT-0244,view,244,2025-02-12T02:42:38
USR-0797,CNT-0451,view,22,2025-02-12T02:59:53
USR-0801,CNT-0494,complete,327,2025-02-12T03:02:06
USR-0783,CNT-0282,view,888,2025-02-12T03:03:17
USR-0326,CNT-0215,click,27,2025-02-12T03:14:17
USR-0498,CNT-0077,complete,3330,2025-02-12T03:15:57
USR-0858,CNT-0423,skip,603,2025-02-12T03:20:14
USR-0164,CNT-0119,view,342,2025-02-12T03:26:49
USR-0600,CNT-0215,like,181,2025-02-12T03:26:57
USR-0347,CNT-0154,complete,184,2025-02-12T03:27:42
USR-0599,CNT-0222,view,6,2025-02-12T03:36:03
USR-0203,CNT-0309,view,193,2025-02-12T03:37:12
USR-0605,CNT-0375,click,75,2025-02-12T03:37:57
USR-0318,CNT-0342,complete,2362,2025-02-12T03:41:56
USR-0164,CNT-0442,complete,301,2025-02-12T03:42:17
USR-0469,CNT-0165,view,1476,2025-02-12T03:56:53
USR-0679,CNT-0297,view,911,2025-02-12T04:09:45
USR-0458,CNT-0469,click,298,2025-02-12T04:15:56
USR-0988,CNT-0156,view,2905,2025-02-12T04:17:10
USR-0264,CNT-0196,view,73,2025-02-12T04:27:39
USR-0454,CNT-0342,complete,2562,2025-02-12T04:30:06
USR-0269,CNT-0215,view,127,2025-02-12T04:35:43
USR-0064,CNT-0199,like,117,2025-02-12T04:52:17
USR-0116,CNT-0428,skip,28,2025-02-12T04:59:55
USR-0273,CNT-0152,view,119,2025-02-12T05:00:29
USR-0291,CNT-0271,skip,236,2025-02-12T05:24:55
USR-0944,CNT-0374,click,555,2025-02-12T05:38:17
USR-0217,CNT-0046,complete,468,2025-02-12T05:58:15
USR-0733,CNT-0215,click,219,2025-02-12T06:09:01
USR-0162,CNT-0422,view,301,2025-02-12T06:10:12
USR-0468,CNT-0103,click,1378,2025-02-12T06:11:38
USR-0960,CNT-0412,view,381,2025-02-12T06:15:33
USR-0503,CNT-0420,skip,857,2025-02-12T06:23:24
USR-0166,CNT-0479,like,253,2025-02-12T06:30:10
USR-0975,CNT-0354,view,266,2025-02-12T06:32:39
USR-0093,CNT-0236,like,28,2025-02-12T06:33:23
USR-0142,CNT-0225,view,2473,2025-02-12T06:33:25
USR-0999,CNT-0443,view,1229,2025-02-12T06:40:01
USR-0920,CNT-0401,complete,73,2025-02-12T06:43:50
USR-0349,CNT-0438,complete,556,2025-02-12T06:51:32
USR-0740,CNT-0371,skip,11,2025-02-12T06:59:04
USR-0223,CNT-0345,like,77,2025-02-12T07:07:01
USR-0515,CNT-0485,like,42,2025-02-12T07:08:30
USR-0233,CNT-0229,complete,395,2025-02-12T07:10:21
USR-0573,CNT-0205,complete,1860,2025-02-12T07:19:42
USR-0095,CNT-0321,like,1128,2025-02-12T07:21:12
USR-0199,CNT-0137,skip,26,2025-02-12T07:23:53
USR-0218,CNT-0267,view,1096,2025-02-12T07:30:56
USR-0135,CNT-0005,skip,469,2025-02-12T07:31:49
USR-0707,CNT-0271,like,2078,2025-02-12T07:39:46
USR-0776,CNT-0325,like,476,2025-02-12T07:42:04
USR-0121,CNT-0015,like,56,2025-02-12T07:57:57
USR-0121,CNT-0111,complete,54,2025-02-12T08:00:37
USR-0375,CNT-0212,skip,932,2025-02-12T08:14:48
USR-0148,CNT-0440,view,2915,2025-02-12T08:15:19
USR-0064,CNT-0106,click,513,2025-02-12T08:20:08
USR-0899,CNT-0048,view,62,2025-02-12T08:26:40
USR-0047,CNT-0152,click,123,2025-02-12T08:29:36
USR-0179,CNT-0134,view,38,2025-02-12T08:33:15
USR-0275,CNT-0165,click,1618,2025-02-12T08:38:35
USR-0787,CNT-0349,complete,4428,2025-02-12T08:38:39
USR-0918,CNT-0126,skip,27,2025-02-12T08:49:54
USR-0034,CNT-0376,click,52,2025-02-12T09:02:55
USR-0097,CNT-0209,skip,32,2025-02-12T09:11:23
USR-0742,CNT-0185,click,574,2025-02-12T09:24:50
USR-0143,CNT-0103,skip,24,2025-02-12T09:26:49
USR-0409,CNT-0052,skip,5,2025-02-12T09:29:07
USR-0875,CNT-0107,view,51,2025-02-12T09:30:03
USR-0817,CNT-0243,click,357,2025-02-12T09:30:32
USR-0323,CNT-0396,complete,832,2025-02-12T09:35:09
USR-0461,CNT-0181,skip,1173,2025-02-12T09:36:51
USR-0179,CNT-0028,complete,2520,2025-02-12T09:42:36
USR-0256,CNT-0030,click,54,2025-02-12T09:46:35
USR-0984,CNT-0151,skip,334,2025-02-12T09:51:42
USR-0978,CNT-0313,click,25,2025-02-12T09:56:01
USR-0558,CNT-0261,skip,17,2025-02-12T09:56:33
USR-0284,CNT-0090,view,132,2025-02-12T09:58:34
USR-0182,CNT-0150,view,1059,2025-02-12T10:10:50
USR-0557,CNT-0218,view,1019,2025-02-12T10:12:32
USR-0932,CNT-0474,view,239,2025-02-12T10:14:39
USR-0047,CNT-0253,complete,94,2025-02-12T10:19:27
USR-0349,CNT-0169,click,60,2025-02-12T10:22:37
USR-0333,CNT-0139,view,1027,2025-02-12T10:34:44
USR-0983,CNT-0460,view,88,2025-02-12T10:36:58
USR-0503,CNT-0352,complete,4942,2025-02-12T10:42:04
USR-0096,CNT-0428,complete,317,2025-02-12T10:58:07
USR-0004,CNT-0089,like,41,2025-02-12T11:50:50
USR-0996,CNT-0347,complete,1614,2025-02-12T12:06:05
USR-0058,CNT-0497,view,46,2025-02-12T12:09:15
USR-0914,CNT-0138,complete,644,2025-02-12T12:15:55
USR-0605,CNT-0494,view,391,2025-02-12T12:19:02
USR-0272,CNT-0468,click,1433,2025-02-12T12:20:13
USR-0391,CNT-0409,skip,773,2025-02-12T12:30:15
USR-0169,CNT-0071,complete,68,2025-02-12T12:50:26
USR-0905,CNT-0328,view,50,2025-02-12T12:52:25
USR-0058,CNT-0337,view,378,2025-02-12T12:54:13
USR-0604,CNT-0008,view,464,2025-02-12T12:57:49
USR-0670,CNT-0049,like,249,2025-02-12T12:58:23
USR-0912,CNT-0215,complete,331,2025-02-12T13:19:31
USR-0477,CNT-0246,click,582,2025-02-12T13:28:33
USR-0182,CNT-0083,like,251,2025-02-12T13:31:47
USR-0311,CNT-0052,view,230,2025-02-12T13:47:37
USR-0116,CNT-0038,like,394,2025-02-12T13:52:26
USR-0074,CNT-0414,view,56,2025-02-12T14:05:25
USR-0775,CNT-0348,like,28,2025-02-12T14:06:13
USR-0426,CNT-0081,click,84,2025-02-12T14:09:16
USR-0071,CNT-0415,click,4850,2025-02-12T14:10:13
USR-0242,CNT-0164,view,3497,2025-02-12T14:32:33
USR-0417,CNT-0260,like,475,2025-02-12T14:53:35
USR-0722,CNT-0361,view,735,2025-02-12T14:57:25
USR-0057,CNT-0408,skip,24,2025-02-12T15:04:00
USR-0734,CNT-0001,like,204,2025-02-12T15:08:42
USR-0430,CNT-0018,click,29,2025-02-12T15:13:34
USR-0115,CNT-0225,view,6106,2025-02-12T15:13:45
USR-0406,CNT-0467,complete,1803,2025-02-12T15:26:25
USR-0099,CNT-0389,skip,1,2025-02-12T15:29:06
USR-0023,CNT-0379,complete,384,2025-02-12T15:35:05
USR-0155,CNT-0013,view,142,2025-02-12T15:36:46
USR-0107,CNT-0379,view,174,2025-02-12T15:36:56
USR-0072,CNT-0430,like,63,2025-02-12T15:41:33
USR-0795,CNT-0125,skip,757,2025-02-12T15:54:18
USR-0896,CNT-0147,skip,147,2025-02-12T15:59:24
USR-0148,CNT-0059,view,281,2025-02-12T16:03:06
USR-0068,CNT-0258,click,1323,2025-02-12T16:24:47
USR-0364,CNT-0009,complete,4930,2025-02-12T16:26:15
USR-0532,CNT-0199,click,93,2025-02-12T16:26:17
USR-0043,CNT-0078,view,3,2025-02-12T16:33:09
USR-0997,CNT-0348,complete,36,2025-02-12T16:50:07
USR-0648,CNT-0023,skip,325,2025-02-12T17:13:25
USR-0177,CNT-0178,complete,524,2025-02-12T17:14:37
USR-0570,CNT-0424,like,408,2025-02-12T17:15:00
USR-0709,CNT-0228,skip,276,2025-02-12T17:52:32
USR-0894,CNT-0386,view,730,2025-02-12T17:54:50
USR-0999,CNT-0286,skip,281,2025-02-12T18:04:55
USR-0476,CNT-0491,complete,2931,2025-02-12T18:14:35
USR-0919,CNT-0303,click,65,2025-02-12T18:17:54
USR-0842,CNT-0496,click,37,2025-02-12T18:21:15
USR-0219,CNT-0363,complete,4457,2025-02-12T18:23:33
USR-0372,CNT-0105,complete,30,2025-02-12T18:38:47
USR-0855,CNT-0293,click,1765,2025-02-12T18:39:02
USR-0653,CNT-0140,view,2028,2025-02-12T18:47:16
USR-0560,CNT-0115,view,190,2025-02-12T18:47:39
USR-0419,CNT-0425,complete,574,2025-02-12T19:12:10
USR-0900,CNT-0266,click,1037,2025-02-12T19:26:04
USR-0493,CNT-0264,complete,1309,2025-02-12T19:26:21
USR-0948,CNT-0442,view,104,2025-02-12T19:31:49
USR-0607,CNT-0202,like,2068,2025-02-12T19:33:12
USR-0532,CNT-0253,view,50,2025-02-12T19:40:10
USR-0952,CNT-0356,view,5072,2025-02-12T19:42:55
USR-0747,CNT-0146,view,238,2025-02-12T19:52:11
USR-0198,CNT-0135,click,3165,2025-02-12T19:52:26
USR-0379,CNT-0100,click,152,2025-02-12T20:03:42
USR-0143,CNT-0475,view,41,2025-02-12T20:09:14
USR-0757,CNT-0039,skip,561,2025-02-12T20:15:34
USR-0822,CNT-0037,click,2126,2025-02-12T20:17:40
USR-0407,CNT-0257,click,27,2025-02-12T20:23:53
USR-0859,CNT-0486,complete,451,2025-02-12T20:32:12
USR-0520,CNT-0412,like,251,2025-02-12T20:40:35
USR-0006,CNT-0443,skip,772,2025-02-12T20:44:17
USR-0938,CNT-0452,view,94,2025-02-12T20:44:44
USR-0130,CNT-0422,like,156,2025-02-12T20:51:45
USR-0073,CNT-0055,like,113,2025-02-12T20:54:17
USR-0142,CNT-0270,skip,157,2025-02-12T21:03:21
USR-0492,CNT-0361,skip,847,2025-02-12T21:04:16
USR-0658,CNT-0379,view,401,2025-02-12T21:08:43
USR-0860,CNT-0151,view,1487,2025-02-12T21:13:40
USR-0167,CNT-0425,complete,595,2025-02-12T21:14:10
USR-0064,CNT-0436,view,248,2025-02-12T21:34:10
USR-0931,CNT-0204,like,366,2025-02-12T21:36:32
USR-0223,CNT-0314,click,3359,2025-02-12T21:38:39
USR-0761,CNT-0475,complete,150,2025-02-12T21:42:38
USR-0535,CNT-0063,skip,9,2025-02-12T21:49:30
USR-0248,CNT-0197,click,584,2025-02-12T21:59:24
USR-0357,CNT-0222,like,25,2025-02-12T22:04:31
USR-0360,CNT-0208,view,1879,2025-02-12T22:06:48
USR-0834,CNT-0229,complete,399,2025-02-12T22:14:41
USR-0273,CNT-0006,skip,79,2025-02-12T22:41:22
USR-0541,CNT-0057,complete,914,2025-02-12T22:44:58
USR-0174,CNT-0395,complete,61,2025-02-12T22:45:29
USR-0525,CNT-0038,like,447,2025-02-12T22:46:16
USR-0295,CNT-0352,like,501,2025-02-12T23:08:16
USR-0690,CNT-0462,view,171,2025-02-12T23:09:26
USR-0584,CNT-0484,view,57,2025-02-12T23:11:01
USR-0454,CNT-0260,complete,795,2025-02-12T23:11:56
USR-0760,CNT-0188,like,542,2025-02-12T23:22:34
USR-0676,CNT-0222,view,64,2025-02-12T23:24:26
USR-0407,CNT-0284,view,1319,2025-02-12T23:27:27
USR-0281,CNT-0073,complete,4160,2025-02-12T23:53:11
USR-0033,CNT-0359,complete,653,2025-02-12T23:53:56
USR-0503,CNT-0443,complete,4119,2025-02-12T23:57:33
USR-0438,CNT-0228,like,450,2025-02-12T23:58:28
USR-0579,CNT-0192,view,2,2025-02-13T00:00:53
USR-0278,CNT-0274,complete,4168,2025-02-13T00:07:37
USR-0820,CNT-0094,complete,1024,2025-02-13T00:12:22
USR-0833,CNT-0400,complete,102,2025-02-13T00:19:55
USR-0610,CNT-0237,view,314,2025-02-13T00:23:28
USR-0636,CNT-0170,complete,114,2025-02-13T00:24:38
USR-0123,CNT-0232,complete,87,2025-02-13T00:24:59
USR-0155,CNT-0048,skip,13,2025-02-13T00:26:37
USR-0227,CNT-0343,view,810,2025-02-13T00:34:04
USR-0571,CNT-0248,like,13,2025-02-13T00:45:46
USR-0453,CNT-0038,view,434,2025-02-13T00:47:00
USR-0975,CNT-0445,view,190,2025-02-13T00:58:01
USR-0884,CNT-0313,view,37,2025-02-13T00:59:44
USR-0235,CNT-0255,complete,2145,2025-02-13T01:12:09
USR-0781,CNT-0029,like,322,2025-02-13T01:12:30
USR-0378,CNT-0157,click,281,2025-02-13T01:13:27
USR-0051,CNT-0468,skip,324,2025-02-13T01:23:12
USR-0549,CNT-0139,view,330,2025-02-13T01:23:29
USR-0753,CNT-0400,complete,98,2025-02-13T01:31:38
USR-0192,CNT-0010,view,3674,2025-02-13T01:31:54
USR-0776,CNT-0440,view,3550,2025-02-13T01:34:35
USR-0715,CNT-0470,complete,1114,2025-02-13T01:45:39
USR-0774,CNT-0041,view,1381,2025-02-13T01:59:40
USR-0699,CNT-0306,complete,56,2025-02-13T02:01:42
USR-0701,CNT-0446,complete,996,2025-02-13T02:02:32
USR-0632,CNT-0310,skip,118,2025-02-13T02:07:50
USR-0264,CNT-0237,view,130,2025-02-13T02:09:34
USR-0210,CNT-0057,view,1035,2025-02-13T02:09:57
USR-0221,CNT-0426,skip,292,2025-02-13T02:11:41
USR-0001,CNT-0389,click,3,2025-02-13T02:26:06
USR-0273,CNT-0221,view,33,2025-02-13T02:28:12
USR-0972,CNT-0140,click,1381,2025-02-13T02:32:00
USR-0540,CNT-0109,click,291,2025-02-13T02:32:48
USR-0421,CNT-0079,view,2473,2025-02-13T02:41:14
USR-0082,CNT-0074,like,91,2025-02-13T02:48:02
USR-0572,CNT-0274,click,4135,2025-02-13T02:53:34
USR-0318,CNT-0295,complete,65,2025-02-13T02:56:50
USR-0832,CNT-0208,skip,819,2025-02-13T02:57:49
USR-0211,CNT-0124,skip,74,2025-02-13T03:07:46
USR-0022,CNT-0309,complete,200,2025-02-13T03:09:47
USR-0058,CNT-0231,click,3035,2025-02-13T03:14:19
USR-0383,CNT-0326,skip,254,2025-02-13T03:14:29
USR-0277,CNT-0051,skip,1,2025-02-13T03:21:58
USR-0941,CNT-0059,skip,30,2025-02-13T03:32:19
USR-0884,CNT-0339,view,518,2025-02-13T03:35:48
USR-0564,CNT-0045,skip,18,2025-02-13T03:46:20
USR-0953,CNT-0363,complete,4349,2025-02-13T03:46:31
USR-0745,CNT-0205,complete,1595,2025-02-13T03:50:12
USR-0574,CNT-0391,like,147,2025-02-13T03:54:04
USR-0611,CNT-0096,click,1564,2025-02-13T03:57:49
USR-0878,CNT-0157,click,175,2025-02-13T04:01:55
USR-0512,CNT-0365,click,651,2025-02-13T04:03:43
USR-0251,CNT-0372,click,705,2025-02-13T04:09:39
USR-0652,CNT-0213,view,1325,2025-02-13T04:13:21
USR-0272,CNT-0170,view,36,2025-02-13T04:16:53
USR-0348,CNT-0310,click,2290,2025-02-13T04:17:42
USR-0490,CNT-0312,complete,285,2025-02-13T04:28:40
USR-0528,CNT-0064,complete,4025,2025-02-13T04:30:28
USR-0325,CNT-0028,click,1763,2025-02-13T04:37:38
USR-0721,CNT-0117,click,474,2025-02-13T04:46:19
USR-0311,CNT-0474,view,154,2025-02-13T04:50:05
USR-0323,CNT-0382,view,987,2025-02-13T04:56:33
USR-0743,CNT-0275,complete,70,2025-02-13T05:13:54
USR-0849,CNT-0392,complete,1048,2025-02-13T05:18:55
USR-0563,CNT-0387,complete,328,2025-02-13T05:19:13
USR-0492,CNT-0081,complete,344,2025-02-13T05:19:52
USR-0608,CNT-0323,like,4493,2025-02-13T05:31:20
USR-0203,CNT-0474,complete,1089,2025-02-13T05:32:00
USR-0518,CNT-0059,view,5,2025-02-13T05:35:22
USR-0423,CNT-0297,like,262,2025-02-13T05:39:16
USR-0476,CNT-0480,view,369,2025-02-13T06:02:35
USR-0733,CNT-0083,click,272,2025-02-13T06:03:54
USR-0991,CNT-0004,complete,4076,2025-02-13T06:11:26
USR-0190,CNT-0007,click,1478,2025-02-13T06:19:16
USR-0715,CNT-0107,view,402,2025-02-13T06:21:39
USR-0470,CNT-0134,view,146,2025-02-13T06:37:47
USR-0258,CNT-0469,view,760,2025-02-13T06:43:17
USR-0456,CNT-0466,skip,74,2025-02-13T06:43:33
USR-0767,CNT-0100,view,292,2025-02-13T06:55:25
USR-0936,CNT-0118,click,2050,2025-02-13T07:00:32
USR-0217,CNT-0147,like,980,2025-02-13T07:02:04
USR-0818,CNT-0411,complete,897,2025-02-13T07:03:33
USR-0749,CNT-0428,like,243,2025-02-13T07:07:32
USR-0027,CNT-0102,complete,2229,2025-02-13T07:07:40
USR-0198,CNT-0478,view,663,2025-02-13T07:11:13
USR-0736,CNT-0443,complete,4339,2025-02-13T07:24:31
USR-0138,CNT-0422,view,166,2025-02-13T07:24:33
USR-0018,CNT-0297,view,1686,2025-02-13T07:26:10
USR-0950,CNT-0308,complete,1392,2025-02-13T07:30:34
USR-0744,CNT-0342,like,1572,2025-02-13T07:33:17
USR-0064,CNT-0199,view,27,2025-02-13T07:38:15
USR-0446,CNT-0301,like,395,2025-02-13T07:38:25
USR-0541,CNT-0326,view,827,2025-02-13T07:41:45
USR-0953,CNT-0399,complete,5908,2025-02-13T07:48:48
USR-0871,CNT-0410,view,4,2025-02-13T07:50:01
USR-0282,CNT-0002,view,67,2025-02-13T08:12:45
USR-0615,CNT-0305,skip,160,2025-02-13T08:19:05
USR-0168,CNT-0280,click,62,2025-02-13T08:36:32
USR-0461,CNT-0473,view,383,2025-02-13T08:39:44
USR-0534,CNT-0105,view,30,2025-02-13T08:47:46
USR-0976,CNT-0364,click,536,2025-02-13T08:49:07
USR-0432,CNT-0043,click,1209,2025-02-13T08:51:06
USR-0417,CNT-0228,view,31,2025-02-13T08:58:08
USR-0274,CNT-0100,click,8,2025-02-13T09:02:59
USR-0762,CNT-0429,view,201,2025-02-13T09:08:53
USR-0886,CNT-0049,view,306,2025-02-13T09:09:52
USR-0676,CNT-0149,view,152,2025-02-13T09:14:44
USR-0407,CNT-0113,like,1027,2025-02-13T09:15:06
USR-0944,CNT-0221,complete,365,2025-02-13T09:17:03
USR-0404,CNT-0011,view,1118,2025-02-13T09:30:17
USR-0402,CNT-0275,click,22,2025-02-13T09:33:57
USR-0625,CNT-0141,like,1360,2025-02-13T09:37:33
USR-0852,CNT-0364,like,43,2025-02-13T09:37:38
USR-0318,CNT-0019,complete,85,2025-02-13T10:00:37
USR-0090,CNT-0134,view,329,2025-02-13T10:01:18
USR-0729,CNT-0401,click,54,2025-02-13T10:08:22
USR-0734,CNT-0248,complete,90,2025-02-13T10:09:40
USR-0714,CNT-0382,complete,3812,2025-02-13T10:11:51
USR-0779,CNT-0460,click,1567,2025-02-13T10:23:34
USR-0203,CNT-0246,complete,635,2025-02-13T10:32:16
USR-0595,CNT-0412,view,502,2025-02-13T10:32:42
USR-0363,CNT-0489,like,1398,2025-02-13T10:34:59
USR-0624,CNT-0323,complete,4837,2025-02-13T10:42:16
USR-0692,CNT-0489,skip,242,2025-02-13T10:50:48
USR-0554,CNT-0460,skip,1082,2025-02-13T10:52:35
USR-0393,CNT-0202,click,469,2025-02-13T11:01:11
USR-0390,CNT-0021,click,63,2025-02-13T11:08:55
USR-0530,CNT-0043,skip,750,2025-02-13T11:21:33
USR-0992,CNT-0344,complete,945,2025-02-13T11:25:27
USR-0757,CNT-0224,like,2056,2025-02-13T11:29:22
USR-0797,CNT-0041,click,883,2025-02-13T11:41:16
USR-0615,CNT-0250,skip,51,2025-02-13T11:45:29
USR-0537,CNT-0124,complete,283,2025-02-13T11:59:15
USR-0576,CNT-0272,complete,836,2025-02-13T12:05:12
USR-0283,CNT-0384,view,3831,2025-02-13T12:18:48
USR-0055,CNT-0432,click,2773,2025-02-13T12:22:50
USR-0357,CNT-0467,view,273,2025-02-13T12:25:40
USR-0924,CNT-0403,view,2985,2025-02-13T12:25:43
USR-0287,CNT-0412,like,1890,2025-02-13T12:36:05
USR-0454,CNT-0176,like,26,2025-02-13T12:45:04
USR-0338,CNT-0312,complete,286,2025-02-13T12:47:23
USR-0195,CNT-0424,click,212,2025-02-13T12:55:39
USR-0159,CNT-0279,view,848,2025-02-13T13:04:35
USR-0633,CNT-0167,complete,994,2025-02-13T13:10:25
USR-0088,CNT-0233,click,11,2025-02-13T13:14:37
USR-0455,CNT-0211,view,145,2025-02-13T13:24:57
USR-0569,CNT-0236,view,2,2025-02-13T13:32:05
USR-0363,CNT-0057,skip,63,2025-02-13T13:37:57
USR-0445,CNT-0234,click,2767,2025-02-13T13:46:25
USR-0235,CNT-0319,click,193,2025-02-13T13:48:09
USR-0254,CNT-0129,complete,604,2025-02-13T13:50:19
USR-0681,CNT-0430,complete,529,2025-02-13T13:50:21
USR-0250,CNT-0078,click,247,2025-02-13T13:51:47
USR-0381,CNT-0497,click,45,2025-02-13T14:01:06
USR-0849,CNT-0499,like,110,2025-02-13T14:22:56
USR-0435,CNT-0467,view,1661,2025-02-13T14:25:43
USR-0605,CNT-0299,click,76,2025-02-13T14:27:49
USR-0436,CNT-0405,complete,30,2025-02-13T14:33:16
USR-0066,CNT-0117,view,799,2025-02-13T14:35:20
USR-0437,CNT-0480,complete,787,2025-02-13T14:38:24
USR-0488,CNT-0328,skip,14,2025-02-13T14:55:35
USR-0601,CNT-0223,view,918,2025-02-13T15:02:42
USR-0743,CNT-0392,complete,1007,2025-02-13T15:10:43
USR-0362,CNT-0175,like,263,2025-02-13T15:11:08
USR-0675,CNT-0481,skip,662,2025-02-13T15:40:20
USR-0018,CNT-0186,like,1259,2025-02-13T15:41:24
USR-0290,CNT-0196,like,107,2025-02-13T15:44:23
USR-0661,CNT-0178,skip,99,2025-02-13T15:48:35
USR-0007,CNT-0385,view,2915,2025-02-13T15:57:00
USR-0992,CNT-0110,complete,824,2025-02-13T15:58:34
USR-0968,CNT-0075,view,10,2025-02-13T16:01:57
USR-0774,CNT-0361,complete,4999,2025-02-13T16:12:05
USR-0062,CNT-0117,view,394,2025-02-13T16:14:15
USR-0298,CNT-0330,like,1836,2025-02-13T16:19:25
USR-0691,CNT-0322,skip,39,2025-02-13T16:22:05
USR-0625,CNT-0004,view,767,2025-02-13T16:23:11
USR-0989,CNT-0156,skip,390,2025-02-13T16:24:07
USR-0204,CNT-0357,view,602,2025-02-13T16:26:13
USR-0477,CNT-0193,click,3290,2025-02-13T16:40:59
USR-0342,CNT-0322,complete,436,2025-02-13T16:42:58
USR-0670,CNT-0346,skip,133,2025-02-13T16:53:07
USR-0994,CNT-0387,skip,12,2025-02-13T17:08:05
USR-0995,CNT-0242,click,298,2025-02-13T17:25:16
USR-0452,CNT-0349,like,4292,2025-02-13T17:30:33
USR-0017,CNT-0006,view,350,2025-02-13T17:34:40
USR-0895,CNT-0303,view,319,2025-02-13T17:35:30
USR-0729,CNT-0046,view,225,2025-02-13T17:38:10
USR-0935,CNT-0165,complete,3604,2025-02-13T17:38:13
USR-0593,CNT-0394,click,7,2025-02-13T17:40:57
USR-0396,CNT-0161,complete,1262,2025-02-13T17:56:09
USR-0554,CNT-0162,skip,66,2025-02-13T18:18:33
USR-0963,CNT-0309,skip,5,2025-02-13T18:19:26
USR-0327,CNT-0055,skip,16,2025-02-13T18:38:58
USR-0108,CNT-0278,skip,52,2025-02-13T18:45:25
USR-0996,CNT-0207,click,4058,2025-02-13T18:45:57
USR-0456,CNT-0049,like,0,2025-02-13T18:46:56
USR-0416,CNT-0465,view,373,2025-02-13T19:00:02
USR-0798,CNT-0274,like,488,2025-02-13T19:08:36
USR-0424,CNT-0397,complete,912,2025-02-13T19:08:51
USR-0165,CNT-0170,view,51,2025-02-13T19:15:50
USR-0802,CNT-0126,click,162,2025-02-13T19:36:35
USR-0717,CNT-0448,complete,54,2025-02-13T19:44:40
USR-0047,CNT-0069,skip,769,2025-02-13T19:54:03
USR-0609,CNT-0326,complete,1051,2025-02-13T20:02:51
USR-0300,CNT-0289,view,26,2025-02-13T20:03:58
USR-0543,CNT-0170,view,40,2025-02-13T20:04:09
USR-0779,CNT-0125,view,4730,2025-02-13T20:07:54
USR-0918,CNT-0078,view,62,2025-02-13T20:11:23
USR-0459,CNT-0160,view,443,2025-02-13T20:21:35
USR-0324,CNT-0455,skip,6,2025-02-13T20:25:38
USR-0223,CNT-0357,click,1939,2025-02-13T20:26:26
USR-0714,CNT-0264,view,696,2025-02-13T20:26:59
USR-0327,CNT-0465,complete,966,2025-02-13T20:27:04
USR-0445,CNT-0389,like,48,2025-02-13T20:32:15
USR-0252,CNT-0259,click,568,2025-02-13T20:38:06
USR-0567,CNT-0134,like,263,2025-02-13T20:39:13
USR-0151,CNT-0052,complete,252,2025-02-13T20:41:56
USR-0225,CNT-0212,click,2423,2025-02-13T20:43:40
USR-0164,CNT-0497,view,54,2025-02-13T20:59:33
USR-0028,CNT-0098,view,4098,2025-02-13T21:00:22
USR-0679,CNT-0242,complete,504,2025-02-13T21:02:42
USR-0447,CNT-0213,view,895,2025-02-13T21:02:43
USR-0599,CNT-0464,click,217,2025-02-13T21:11:28
USR-0009,CNT-0002,click,115,2025-02-13T21:17:20
USR-0666,CNT-0024,view,25,2025-02-13T21:25:22
USR-0521,CNT-0146,complete,500,2025-02-13T21:30:51
USR-0373,CNT-0319,view,2210,2025-02-13T21:32:59
USR-0703,CNT-0466,view,33,2025-02-13T21:48:32
USR-0975,CNT-0171,click,110,2025-02-13T21:51:58
USR-0722,CNT-0044,click,184,2025-02-13T22:04:07
USR-0727,CNT-0431,view,616,2025-02-13T22:08:56
USR-0726,CNT-0476,click,26,2025-02-13T22:13:48
USR-0607,CNT-0382,view,648,2025-02-13T22:20:36
USR-0654,CNT-0011,skip,113,2025-02-13T22:28:35
USR-0493,CNT-0040,view,8,2025-02-13T22:33:54
USR-0639,CNT-0375,click,11,2025-02-13T22:44:09
USR-0130,CNT-0411,like,568,2025-02-13T22:47:13
USR-0445,CNT-0125,complete,4727,2025-02-13T22:59:38
USR-0666,CNT-0304,view,599,2025-02-13T23:03:43
USR-0796,CNT-0176,view,457,2025-02-13T23:06:45
USR-0987,CNT-0306,view,54,2025-02-13T23:09:00
USR-0654,CNT-0357,like,1582,2025-02-13T23:10:34
USR-0439,CNT-0273,like,82,2025-02-13T23:15:41
USR-0574,CNT-0051,skip,11,2025-02-13T23:18:33
USR-0508,CNT-0411,click,146,2025-02-13T23:32:30
USR-0813,CNT-0090,skip,63,2025-02-13T23:40:42
USR-0492,CNT-0459,like,202,2025-02-13T23:56:14
USR-0574,CNT-0272,view,569,2025-02-13T23:58:35
USR-0518,CNT-0406,click,114,2025-02-14T00:03:57
USR-0282,CNT-0385,skip,791,2025-02-14T00:06:53
USR-0105,CNT-0138,view,277,2025-02-14T00:14:12
USR-0760,CNT-0060,skip,82,2025-02-14T00:24:19
USR-0886,CNT-0330,like,86,2025-02-14T00:31:29
USR-0532,CNT-0187,skip,25,2025-02-14T00:35:05
USR-0892,CNT-0305,click,787,2025-02-14T00:35:20
USR-0920,CNT-0167,skip,78,2025-02-14T00:37:12
USR-0720,CNT-0076,skip,23,2025-02-14T00:38:26
USR-0023,CNT-0026,complete,626,2025-02-14T00:51:42
USR-0652,CNT-0218,skip,60,2025-02-14T00:54:12
USR-0140,CNT-0229,skip,74,2025-02-14T00:59:30
USR-0042,CNT-0051,complete,53,2025-02-14T01:10:21
USR-0132,CNT-0005,click,297,2025-02-14T01:12:32
USR-0219,CNT-0293,complete,1747,2025-02-14T01:23:27
USR-0499,CNT-0161,complete,1148,2025-02-14T01:33:58
USR-0504,CNT-0430,click,193,2025-02-14T01:45:05
USR-0513,CNT-0338,view,168,2025-02-14T01:48:10
USR-0339,CNT-0045,like,86,2025-02-14T02:00:22
USR-0693,CNT-0391,click,200,2025-02-14T02:03:21
USR-0846,CNT-0241,view,1403,2025-02-14T02:07:26
USR-0278,CNT-0311,complete,5302,2025-02-14T02:07:37
USR-0355,CNT-0294,like,20,2025-02-14T02:15:32
USR-0652,CNT-0233,complete,1961,2025-02-14T02:25:00
USR-0553,CNT-0022,like,67,2025-02-14T02:30:22
USR-0317,CNT-0026,complete,582,2025-02-14T02:34:47
USR-0053,CNT-0456,complete,566,2025-02-14T02:36:12
USR-0270,CNT-0030,like,878,2025-02-14T02:38:41
USR-0603,CNT-0169,view,22,2025-02-14T02:41:40
USR-0457,CNT-0001,skip,16,2025-02-14T02:41:45
USR-0518,CNT-0274,skip,1042,2025-02-14T02:41:59
USR-0449,CNT-0149,view,156,2025-02-14T02:45:10
USR-0941,CNT-0361,view,605,2025-02-14T02:51:45
USR-0725,CNT-0021,complete,928,2025-02-14T02:52:21
USR-0852,CNT-0300,complete,163,2025-02-14T02:58:27
USR-0846,CNT-0242,click,506,2025-02-14T03:10:57
USR-0759,CNT-0083,view,24,2025-02-14T03:11:13
USR-0218,CNT-0339,click,285,2025-02-14T03:14:42
USR-0700,CNT-0461,view,281,2025-02-14T03:17:41
USR-0905,CNT-0190,like,131,2025-02-14T03:20:54
USR-0211,CNT-0121,like,17,2025-02-14T03:26:35
USR-0198,CNT-0311,complete,5422,2025-02-14T03:27:03
USR-0457,CNT-0174,view,25,2025-02-14T03:27:47
USR-0349,CNT-0477,view,3451,2025-02-14T03:28:26
USR-0259,CNT-0255,view,385,2025-02-14T03:29:44
USR-0645,CNT-0455,skip,4,2025-02-14T03:30:54
USR-0842,CNT-0482,like,182,2025-02-14T03:31:52
USR-0814,CNT-0049,view,400,2025-02-14T03:53:52
USR-0188,CNT-0285,view,861,2025-02-14T04:05:35
USR-0628,CNT-0466,view,20,2025-02-14T04:06:58
USR-0732,CNT-0137,click,267,2025-02-14T04:12:30
USR-0678,CNT-0490,like,223,2025-02-14T04:12:45
USR-0319,CNT-0036,skip,133,2025-02-14T04:24:19
USR-0878,CNT-0050,complete,554,2025-02-14T04:24:23
USR-0651,CNT-0309,view,21,2025-02-14T04:25:45
USR-0751,CNT-0377,view,16,2025-02-14T04:42:34
USR-0830,CNT-0310,skip,311,2025-02-14T04:55:09
USR-0689,CNT-0145,like,363,2025-02-14T05:00:50
USR-0473,CNT-0133,skip,18,2025-02-14T05:04:37
USR-0054,CNT-0143,view,3978,2025-02-14T05:13:58
USR-0224,CNT-0302,view,65,2025-02-14T05:15:15
USR-0216,CNT-0431,skip,33,2025-02-14T05:15:21
USR-0893,CNT-0400,view,26,2025-02-14T05:18:02
USR-0843,CNT-0148,complete,706,2025-02-14T05:18:59
USR-0868,CNT-0011,view,282,2025-02-14T05:33:10
USR-0143,CNT-0182,view,147,2025-02-14T05:36:02
USR-0486,CNT-0089,complete,53,2025-02-14T05:41:20
USR-0962,CNT-0239,view,480,2025-02-14T05:45:23
USR-0173,CNT-0460,complete,4560,2025-02-14T06:04:19
USR-0249,CNT-0406,complete,1135,2025-02-14T06:08:25
USR-0789,CNT-0432,view,1164,2025-02-14T06:23:08
USR-0650,CNT-0232,skip,11,2025-02-14T06:26:35
USR-0781,CNT-0280,like,88,2025-02-14T06:30:09
USR-0906,CNT-0312,complete,315,2025-02-14T06:38:58
USR-0606,CNT-0135,view,374,2025-02-14T06:42:00
USR-0379,CNT-0183,click,504,2025-02-14T06:44:47
USR-0584,CNT-0469,like,66,2025-02-14T06:45:16
USR-0738,CNT-0021,view,97,2025-02-14T06:47:25
USR-0444,CNT-0149,complete,142,2025-02-14T06:48:11
USR-0052,CNT-0453,complete,488,2025-02-14T06:59:13
USR-0752,CNT-0238,skip,151,2025-02-14T07:05:44
USR-0519,CNT-0167,view,628,2025-02-14T07:07:02
USR-0568,CNT-0045,like,13,2025-02-14T07:15:37
USR-0350,CNT-0409,click,2248,2025-02-14T07:17:36
USR-0293,CNT-0053,like,100,2025-02-14T07:21:02
USR-0824,CNT-0135,skip,254,2025-02-14T07:28:04
USR-0626,CNT-0189,complete,2828,2025-02-14T07:55:01
USR-0636,CNT-0140,like,1069,2025-02-14T08:01:02
USR-0800,CNT-0440,like,2820,2025-02-14T08:09:32
USR-0023,CNT-0478,like,735,2025-02-14T08:13:36
USR-0438,CNT-0164,skip,897,2025-02-14T08:17:33
USR-0800,CNT-0027,like,18,2025-02-14T08:18:33
USR-0113,CNT-0215,view,314,2025-02-14T08:18:34
USR-0651,CNT-0400,view,77,2025-02-14T08:27:15
USR-0146,CNT-0432,like,808,2025-02-14T08:38:46
USR-0465,CNT-0162,view,215,2025-02-14T08:39:38
USR-0986,CNT-0076,complete,715,2025-02-14T08:41:35
USR-0813,CNT-0283,complete,258,2025-02-14T08:41:46
USR-0322,CNT-0484,view,124,2025-02-14T08:41:47
USR-0155,CNT-0428,view,273,2025-02-14T08:48:07
USR-0461,CNT-0277,like,33,2025-02-14T08:51:09
USR-0450,CNT-0065,view,97,2025-02-14T08:54:36
USR-0524,CNT-0017,complete,2166,2025-02-14T08:58:08
USR-0885,CNT-0085,skip,105,2025-02-14T08:58:25
USR-0396,CNT-0113,like,2037,2025-02-14T09:02:41
USR-0304,CNT-0469,view,824,2025-02-14T09:04:14
USR-0994,CNT-0171,like,266,2025-02-14T09:29:51
USR-0022,CNT-0337,click,59,2025-02-14T09:30:39
USR-0005,CNT-0251,complete,874,2025-02-14T09:30:39
USR-0352,CNT-0031,view,1246,2025-02-14T09:57:24
USR-0269,CNT-0353,view,4465,2025-02-14T10:04:44
USR-0562,CNT-0048,like,73,2025-02-14T10:04:51
USR-0825,CNT-0029,complete,386,2025-02-14T10:07:40
USR-0865,CNT-0279,view,2937,2025-02-14T10:12:25
USR-0660,CNT-0267,view,966,2025-02-14T10:26:52
USR-0985,CNT-0125,view,2693,2025-02-14T10:35:22
USR-0524,CNT-0423,complete,2985,2025-02-14T10:40:43
USR-0885,CNT-0068,like,73,2025-02-14T10:47:06
USR-0256,CNT-0093,like,110,2025-02-14T10:49:00
USR-0256,CNT-0001,like,174,2025-02-14T10:49:56
USR-0726,CNT-0151,complete,3095,2025-02-14T10:52:56
USR-0216,CNT-0442,click,224,2025-02-14T10:55:50
USR-0475,CNT-0084,complete,121,2025-02-14T10:57:03
USR-0943,CNT-0016,complete,752,2025-02-14T11:18:44
USR-0791,CNT-0328,click,5,2025-02-14T11:36:46
USR-0157,CNT-0352,skip,615,2025-02-14T11:40:46
USR-0679,CNT-0380,click,219,2025-02-14T11:56:51
USR-0157,CNT-0109,complete,580,2025-02-14T12:00:47
USR-0929,CNT-0177,view,5923,2025-02-14T12:01:59
USR-0122,CNT-0102,like,2142,2025-02-14T12:04:49
USR-0058,CNT-0465,like,930,2025-02-14T12:05:03
USR-0282,CNT-0100,complete,416,2025-02-14T12:06:42
USR-0502,CNT-0220,view,106,2025-02-14T12:09:14
USR-0902,CNT-0097,view,4110,2025-02-14T12:11:41
USR-0910,CNT-0155,view,30,2025-02-14T12:11:49
USR-0518,CNT-0053,skip,13,2025-02-14T12:16:16
USR-0573,CNT-0315,complete,5500,2025-02-14T12:21:42
USR-0144,CNT-0357,view,707,2025-02-14T12:27:24
USR-0730,CNT-0264,view,133,2025-02-14T12:28:55
USR-0719,CNT-0108,like,275,2025-02-14T12:36:01
USR-0265,CNT-0116,like,1,2025-02-14T12:44:34
USR-0317,CNT-0409,view,1417,2025-02-14T12:52:47
USR-0699,CNT-0462,skip,330,2025-02-14T12:57:32
USR-0559,CNT-0124,click,186,2025-02-14T12:58:00
USR-0603,CNT-0485,view,53,2025-02-14T13:07:49
USR-0998,CNT-0363,view,1440,2025-02-14T13:08:11
USR-0469,CNT-0294,view,20,2025-02-14T13:08:44
USR-0807,CNT-0371,view,143,2025-02-14T13:10:07
USR-0624,CNT-0345,complete,725,2025-02-14T13:30:50
USR-0541,CNT-0031,view,583,2025-02-14T13:38:38
USR-0989,CNT-0299,view,82,2025-02-14T13:44:07
USR-0498,CNT-0296,click,170,2025-02-14T13:48:17
USR-0193,CNT-0134,view,472,2025-02-14T13:54:53
USR-0221,CNT-0421,like,1478,2025-02-14T14:25:10
USR-0119,CNT-0038,click,418,2025-02-14T14:54:11
USR-0878,CNT-0272,view,752,2025-02-14T15:05:09
USR-0090,CNT-0388,click,1322,2025-02-14T15:37:18
USR-0545,CNT-0222,view,2,2025-02-14T15:50:37
USR-0659,CNT-0168,view,48,2025-02-14T15:51:00
USR-0061,CNT-0327,skip,99,2025-02-14T15:54:43
USR-0350,CNT-0472,view,163,2025-02-14T15:58:12
USR-0021,CNT-0131,skip,4,2025-02-14T16:19:32
USR-0413,CNT-0330,click,4243,2025-02-14T16:23:31
USR-0804,CNT-0432,view,2641,2025-02-14T16:25:28
USR-0230,CNT-0240,click,6,2025-02-14T16:26:03
USR-0731,CNT-0163,click,2686,2025-02-14T16:26:26
USR-0476,CNT-0135,view,2005,2025-02-14T16:27:42
USR-0303,CNT-0352,view,1727,2025-02-14T16:39:06
USR-0062,CNT-0275,view,18,2025-02-14T16:40:52
USR-0901,CNT-0287,complete,93,2025-02-14T16:42:02
USR-0032,CNT-0252,view,14,2025-02-14T16:47:09
USR-0207,CNT-0089,complete,56,2025-02-14T16:47:45
USR-0850,CNT-0444,complete,148,2025-02-14T16:47:46
USR-0346,CNT-0075,view,51,2025-02-14T16:48:16
USR-0565,CNT-0330,skip,854,2025-02-14T17:01:21
USR-0368,CNT-0323,click,3648,2025-02-14T17:13:37
USR-0280,CNT-0305,view,414,2025-02-14T17:14:04
USR-0097,CNT-0342,view,545,2025-02-14T17:17:26
USR-0433,CNT-0350,click,164,2025-02-14T17:58:22
USR-0273,CNT-0370,complete,409,2025-02-14T18:00:35
USR-0347,CNT-0402,complete,2499,2025-02-14T18:03:06
USR-0838,CNT-0500,skip,1278,2025-02-14T18:14:25
USR-0954,CNT-0405,click,22,2025-02-14T18:22:09
USR-0749,CNT-0483,view,765,2025-02-14T18:24:34
USR-0822,CNT-0053,like,50,2025-02-14T18:27:39
USR-0313,CNT-0045,like,160,2025-02-14T18:34:03
USR-0355,CNT-0344,skip,24,2025-02-14T18:41:01
USR-0424,CNT-0058,view,587,2025-02-14T18:49:42
USR-0062,CNT-0378,view,1475,2025-02-14T18:50:13
USR-0957,CNT-0153,like,1320,2025-02-14T18:54:36
USR-0985,CNT-0104,click,1540,2025-02-14T18:55:12
USR-0898,CNT-0346,skip,1051,2025-02-14T18:58:22
USR-0512,CNT-0154,like,82,2025-02-14T19:04:29
USR-0528,CNT-0022,like,643,2025-02-14T19:05:03
USR-0618,CNT-0224,view,724,2025-02-14T19:09:15
USR-0029,CNT-0036,skip,19,2025-02-14T19:12:03
USR-0140,CNT-0391,view,221,2025-02-14T19:18:18
USR-0093,CNT-0469,click,91,2025-02-14T19:23:16
USR-0224,CNT-0292,view,125,2025-02-14T19:53:14
USR-0492,CNT-0420,view,2057,2025-02-14T19:56:45
USR-0837,CNT-0159,view,570,2025-02-14T19:57:59
USR-0853,CNT-0169,like,53,2025-02-14T20:10:37
USR-0962,CNT-0347,complete,1907,2025-02-14T20:12:40
USR-0195,CNT-0059,click,475,2025-02-14T20:14:14
USR-0742,CNT-0034,complete,525,2025-02-14T20:35:34
USR-0481,CNT-0220,view,40,2025-02-14T20:51:57
USR-0070,CNT-0495,like,566,2025-02-14T20:52:54
USR-0748,CNT-0347,view,1994,2025-02-14T20:53:08
USR-0588,CNT-0388,complete,3995,2025-02-14T20:53:21
USR-0936,CNT-0400,skip,14,2025-02-14T20:58:26
USR-0632,CNT-0377,skip,3,2025-02-14T21:01:02
USR-0080,CNT-0185,view,522,2025-02-14T21:17:05
USR-0112,CNT-0101,view,253,2025-02-14T21:20:01
USR-0500,CNT-0028,like,1307,2025-02-14T21:22:39
USR-0553,CNT-0333,skip,21,2025-02-14T21:28:34
USR-0883,CNT-0311,click,2287,2025-02-14T21:28:56
USR-0643,CNT-0210,skip,343,2025-02-14T21:38:00
USR-0745,CNT-0297,like,746,2025-02-14T21:40:19
USR-0591,CNT-0290,click,4147,2025-02-14T21:55:18
USR-0309,CNT-0068,complete,894,2025-02-14T21:56:35
USR-0337,CNT-0445,complete,345,2025-02-14T22:09:30
USR-0911,CNT-0119,complete,2182,2025-02-14T22:10:06
USR-0084,CNT-0390,view,2709,2025-02-14T22:35:10
USR-0241,CNT-0053,like,22,2025-02-14T22:37:22
USR-0303,CNT-0248,view,40,2025-02-14T22:41:48
USR-0850,CNT-0168,complete,338,2025-02-14T22:55:11
USR-0900,CNT-0364,click,625,2025-02-14T22:57:06
USR-0961,CNT-0478,click,513,2025-02-14T23:11:17
USR-0649,CNT-0161,view,173,2025-02-14T23:11:46
USR-0883,CNT-0173,complete,474,2025-02-14T23:15:02
USR-0118,CNT-0394,complete,79,2025-02-14T23:18:04
USR-0646,CNT-0198,like,1073,2025-02-14T23:24:09
USR-0145,CNT-0390,like,2645,2025-02-14T23:29:23
USR-0306,CNT-0353,like,3710,2025-02-14T23:30:30
USR-0778,CNT-0475,view,110,2025-02-14T23:33:26
USR-0988,CNT-0277,view,48,2025-02-14T23:35:36
USR-0046,CNT-0342,click,586,2025-02-14T23:53:34
USR-0874,CNT-0410,click,63,2025-02-15T00:02:32
USR-0942,CNT-0028,click,582,2025-02-15T00:13:02
USR-0180,CNT-0131,skip,15,2025-02-15T00:18:11
USR-0902,CNT-0246,complete,728,2025-02-15T00:19:18
USR-0452,CNT-0349,view,3648,2025-02-15T00:23:03
USR-0103,CNT-0383,skip,16,2025-02-15T00:29:20
USR-0344,CNT-0179,skip,2,2025-02-15T00:30:49
USR-0986,CNT-0076,like,588,2025-02-15T00:36:06
USR-0027,CNT-0342,view,306,2025-02-15T00:38:15
USR-0585,CNT-0356,view,3726,2025-02-15T00:38:26
USR-0348,CNT-0389,view,80,2025-02-15T00:43:05
USR-0504,CNT-0393,like,424,2025-02-15T00:45:56
USR-0020,CNT-0056,click,60,2025-02-15T01:00:28
USR-0064,CNT-0434,like,33,2025-02-15T01:00:33
USR-0236,CNT-0262,complete,2988,2025-02-15T01:06:23
USR-0919,CNT-0310,like,1446,2025-02-15T01:09:17
USR-0171,CNT-0483,complete,2556,2025-02-15T01:10:07
USR-0966,CNT-0445,view,264,2025-02-15T01:10:09
USR-0296,CNT-0003,complete,4241,2025-02-15T01:14:54
USR-0540,CNT-0009,view,346,2025-02-15T01:17:18
USR-0142,CNT-0357,like,75,2025-02-15T01:19:10
USR-0599,CNT-0114,view,44,2025-02-15T01:19:43
USR-0763,CNT-0456,complete,569,2025-02-15T01:29:07
USR-0650,CNT-0273,complete,121,2025-02-15T01:41:59
USR-0229,CNT-0414,view,63,2025-02-15T02:00:29
USR-0841,CNT-0476,complete,52,2025-02-15T02:16:05
USR-0569,CNT-0443,like,4641,2025-02-15T02:30:03
USR-0496,CNT-0254,skip,306,2025-02-15T02:31:41
USR-0814,CNT-0199,like,115,2025-02-15T02:39:36
USR-0728,CNT-0487,like,931,2025-02-15T02:44:03
USR-0508,CNT-0346,view,816,2025-02-15T02:45:50
USR-0818,CNT-0412,click,1925,2025-02-15T02:46:00
USR-0639,CNT-0148,click,591,2025-02-15T02:49:16
USR-0474,CNT-0372,skip,46,2025-02-15T03:09:58
USR-0960,CNT-0255,like,318,2025-02-15T03:12:28
USR-0298,CNT-0490,view,98,2025-02-15T03:15:43
USR-0823,CNT-0155,like,62,2025-02-15T03:19:49
USR-0822,CNT-0329,skip,472,2025-02-15T03:23:12
USR-0602,CNT-0095,skip,104,2025-02-15T03:23:59
USR-0063,CNT-0376,skip,8,2025-02-15T03:24:48
USR-0393,CNT-0199,skip,2,2025-02-15T03:25:10
USR-0853,CNT-0168,view,127,2025-02-15T03:27:51
USR-0747,CNT-0143,click,1823,2025-02-15T03:33:00
USR-0841,CNT-0378,view,545,2025-02-15T03:44:56
USR-0422,CNT-0410,like,70,2025-02-15T04:08:10
USR-0179,CNT-0257,view,412,2025-02-15T04:20:37
USR-0327,CNT-0354,skip,27,2025-02-15T04:24:22
USR-0208,CNT-0251,complete,990,2025-02-15T04:29:09
USR-0845,CNT-0175,skip,439,2025-02-15T04:31:17
USR-0239,CNT-0140,view,3860,2025-02-15T05:05:44
USR-0075,CNT-0387,click,141,2025-02-15T05:11:41
USR-0953,CNT-0212,like,180,2025-02-15T05:18:58
USR-0893,CNT-0342,skip,77,2025-02-15T05:38:43
USR-0537,CNT-0279,view,2728,2025-02-15T05:41:01
USR-0453,CNT-0276,view,76,2025-02-15T06:02:35
USR-0940,CNT-0297,like,534,2025-02-15T06:10:46
USR-0099,CNT-0424,view,425,2025-02-15T06:26:11
USR-0536,CNT-0129,complete,667,2025-02-15T06:27:16
USR-0982,CNT-0298,view,5559,2025-02-15T06:31:31
USR-0259,CNT-0497,click,65,2025-02-15T06:38:43
USR-0233,CNT-0460,view,3270,2025-02-15T06:40:19
USR-0842,CNT-0238,view,731,2025-02-15T06:40:31
USR-0130,CNT-0217,skip,144,2025-02-15T06:44:34
USR-0184,CNT-0215,view,4,2025-02-15T06:52:58
USR-0059,CNT-0123,click,79,2025-02-15T07:03:09
USR-0344,CNT-0150,like,1707,2025-02-15T07:07:41
USR-0790,CNT-0075,complete,414,2025-02-15T07:13:11
USR-0740,CNT-0201,view,3109,2025-02-15T07:14:52
USR-0116,CNT-0162,click,237,2025-02-15T07:18:22
USR-0323,CNT-0062,view,865,2025-02-15T07:18:49
USR-0919,CNT-0150,like,775,2025-02-15T07:44:38
USR-0387,CNT-0363,complete,4749,2025-02-15T07:46:15
USR-0744,CNT-0180,skip,7,2025-02-15T07:46:18
USR-0696,CNT-0003,click,2332,2025-02-15T07:47:40
USR-0024,CNT-0398,view,26,2025-02-15T08:05:42
USR-0984,CNT-0208,like,2161,2025-02-15T08:15:38
USR-0762,CNT-0197,like,531,2025-02-15T08:22:56
USR-0969,CNT-0082,skip,140,2025-02-15T08:42:27
USR-0168,CNT-0045,view,111,2025-02-15T08:56:24
USR-0114,CNT-0073,skip,675,2025-02-15T09:02:48
USR-0729,CNT-0081,complete,311,2025-02-15T09:24:42
USR-0159,CNT-0226,view,319,2025-02-15T09:44:11
USR-0151,CNT-0362,view,2757,2025-02-15T09:49:07
USR-0942,CNT-0137,view,455,2025-02-15T09:52:51
USR-0686,CNT-0148,skip,163,2025-02-15T09:57:18
USR-0678,CNT-0236,view,35,2025-02-15T10:00:17
USR-0558,CNT-0102,skip,320,2025-02-15T10:04:58
USR-0045,CNT-0395,view,30,2025-02-15T10:12:13
USR-0749,CNT-0217,like,494,2025-02-15T10:21:39
USR-0731,CNT-0388,complete,4073,2025-02-15T10:25:50
USR-0138,CNT-0294,click,9,2025-02-15T10:33:53
USR-0008,CNT-0034,view,618,2025-02-15T10:44:29
USR-0228,CNT-0390,view,2499,2025-02-15T10:44:41
USR-0930,CNT-0151,skip,612,2025-02-15T10:47:54
USR-0164,CNT-0199,like,12,2025-02-15T10:48:33
USR-0350,CNT-0405,complete,31,2025-02-15T10:52:57
USR-0274,CNT-0017,complete,2269,2025-02-15T10:53:03
USR-0816,CNT-0468,view,732,2025-02-15T11:02:09
USR-0003,CNT-0203,skip,3,2025-02-15T11:02:36
USR-0626,CNT-0217,skip,17,2025-02-15T11:09:10
USR-0550,CNT-0241,view,1496,2025-02-15T11:12:51
USR-0431,CNT-0074,click,66,2025-02-15T11:13:24
USR-0993,CNT-0042,complete,538,2025-02-15T11:21:06
USR-0166,CNT-0270,view,586,2025-02-15T11:26:58
USR-0638,CNT-0159,like,1002,2025-02-15T11:28:03
USR-0166,CNT-0029,view,305,2025-02-15T11:42:35
USR-0574,CNT-0141,skip,1122,2025-02-15T11:47:41
USR-0976,CNT-0306,click,18,2025-02-15T12:05:00
USR-0674,CNT-0203,complete,31,2025-02-15T12:07:59
USR-0459,CNT-0293,skip,352,2025-02-15T12:10:50
USR-0228,CNT-0074,like,64,2025-02-15T12:13:51
USR-0095,CNT-0492,like,739,2025-02-15T12:14:28
USR-0799,CNT-0225,like,4953,2025-02-15T12:17:53
USR-0393,CNT-0111,view,21,2025-02-15T12:23:12
USR-0595,CNT-0390,click,1887,2025-02-15T12:24:50
USR-0600,CNT-0121,like,146,2025-02-15T12:26:59
USR-0055,CNT-0456,click,11,2025-02-15T12:32:36
USR-0597,CNT-0353,click,84,2025-02-15T12:34:24
USR-0752,CNT-0104,click,1111,2025-02-15T12:47:06
USR-0084,CNT-0466,skip,66,2025-02-15T13:01:25
USR-0851,CNT-0342,like,306,2025-02-15T13:16:15
USR-0838,CNT-0088,complete,295,2025-02-15T13:20:22
USR-0138,CNT-0482,view,697,2025-02-15T13:25:06
USR-0906,CNT-0260,view,328,2025-02-15T13:31:38
USR-0143,CNT-0259,like,126,2025-02-15T13:48:43
USR-0205,CNT-0477,skip,464,2025-02-15T14:02:20
USR-0529,CNT-0295,view,46,2025-02-15T14:10:59
USR-0775,CNT-0145,view,1055,2025-02-15T14:17:11
USR-0456,CNT-0341,skip,10,2025-02-15T14:27:01
USR-0507,CNT-0238,view,736,2025-02-15T14:27:41
USR-0340,CNT-0368,view,197,2025-02-15T14:32:22
USR-0755,CNT-0183,skip,509,2025-02-15T14:57:48
USR-0850,CNT-0222,complete,56,2025-02-15T14:58:41
USR-0287,CNT-0497,click,8,2025-02-15T15:01:49
USR-0601,CNT-0406,view,1220,2025-02-15T15:01:58
USR-0588,CNT-0007,click,3704,2025-02-15T15:27:40
USR-0167,CNT-0014,view,2604,2025-02-15T15:28:44
USR-0986,CNT-0011,view,659,2025-02-15T15:33:37
USR-0944,CNT-0062,complete,2665,2025-02-15T15:39:37
USR-0362,CNT-0149,view,33,2025-02-15T15:56:10
USR-0265,CNT-0104,click,1111,2025-02-15T15:56:44
USR-0416,CNT-0039,view,1716,2025-02-15T15:57:19
USR-0488,CNT-0449,view,714,2025-02-15T16:04:58
USR-0782,CNT-0123,view,51,2025-02-15T16:08:57
USR-0418,CNT-0433,view,243,2025-02-15T16:23:41
USR-0467,CNT-0173,like,476,2025-02-15T16:27:04
USR-1000,CNT-0137,complete,698,2025-02-15T16:27:59
USR-0581,CNT-0294,skip,13,2025-02-15T16:31:49
USR-0740,CNT-0495,view,670,2025-02-15T16:32:14
USR-0247,CNT-0163,complete,5234,2025-02-15T16:38:46
USR-0329,CNT-0421,like,2343,2025-02-15T16:47:44
USR-0338,CNT-0024,view,15,2025-02-15T16:50:42
USR-0830,CNT-0360,view,105,2025-02-15T17:01:23
USR-0388,CNT-0280,complete,99,2025-02-15T17:03:47
USR-0777,CNT-0221,like,149,2025-02-15T17:04:57
USR-0317,CNT-0137,click,444,2025-02-15T17:06:00
USR-0817,CNT-0253,skip,18,2025-02-15T17:14:53
USR-0349,CNT-0208,click,1749,2025-02-15T17:15:20
USR-0559,CNT-0170,click,10,2025-02-15T17:16:14
USR-0098,CNT-0288,view,480,2025-02-15T17:21:07
USR-0451,CNT-0346,view,3314,2025-02-15T17:31:01
USR-0439,CNT-0202,skip,77,2025-02-15T17:31:43
USR-0940,CNT-0342,view,1634,2025-02-15T17:37:01
USR-0332,CNT-0134,view,516,2025-02-15T17:40:13
USR-0035,CNT-0145,view,1006,2025-02-15T17:43:20
USR-0352,CNT-0369,view,1843,2025-02-15T17:57:10
USR-0328,CNT-0111,complete,56,2025-02-15T18:09:15
USR-0479,CNT-0307,skip,14,2025-02-15T18:11:54
USR-0514,CNT-0340,complete,612,2025-02-15T18:13:16
USR-0311,CNT-0411,view,34,2025-02-15T18:28:25
USR-0194,CNT-0388,complete,4751,2025-02-15T18:33:29
USR-0221,CNT-0188,click,714,2025-02-15T18:37:11
USR-0047,CNT-0104,view,1852,2025-02-15T18:39:25
USR-0105,CNT-0017,complete,2279,2025-02-15T18:45:23
USR-0075,CNT-0451,complete,761,2025-02-15T18:53:07
USR-0416,CNT-0381,like,2721,2025-02-15T19:04:09
USR-0243,CNT-0063,complete,73,2025-02-15T19:09:29
USR-0741,CNT-0439,view,139,2025-02-15T19:10:28
USR-0580,CNT-0380,view,137,2025-02-15T19:13:44
USR-0494,CNT-0087,view,338,2025-02-15T19:16:26
USR-0461,CNT-0258,view,619,2025-02-15T19:21:53
USR-0056,CNT-0497,skip,6,2025-02-15T19:28:56
USR-0108,CNT-0005,click,401,2025-02-15T19:46:40
USR-0054,CNT-0312,view,146,2025-02-15T19:58:30
USR-0422,CNT-0265,view,30,2025-02-15T20:00:00
USR-0361,CNT-0431,view,682,2025-02-15T20:12:43
USR-0216,CNT-0057,click,97,2025-02-15T20:14:37
USR-0811,CNT-0099,skip,156,2025-02-15T20:32:58
USR-0009,CNT-0263,complete,198,2025-02-15T20:39:05
USR-0771,CNT-0347,skip,159,2025-02-15T20:56:14
USR-0371,CNT-0021,like,997,2025-02-15T20:56:44
USR-0190,CNT-0074,like,73,2025-02-15T20:57:37
USR-0288,CNT-0413,click,537,2025-02-15T21:14:43
USR-0371,CNT-0135,view,2480,2025-02-15T21:15:47
USR-0615,CNT-0268,like,1794,2025-02-15T21:38:43
USR-0744,CNT-0413,click,153,2025-02-15T21:39:53
USR-0619,CNT-0464,view,157,2025-02-15T21:45:17
USR-0472,CNT-0384,view,1707,2025-02-15T21:45:48
USR-0389,CNT-0453,view,158,2025-02-15T21:48:40
USR-0971,CNT-0500,skip,1072,2025-02-15T21:54:29
USR-0040,CNT-0337,view,574,2025-02-15T22:02:45
USR-0366,CNT-0218,view,843,2025-02-15T22:14:12
USR-0745,CNT-0373,view,5155,2025-02-15T22:32:38
USR-0250,CNT-0249,view,288,2025-02-15T22:50:43
USR-0273,CNT-0245,view,45,2025-02-15T22:57:26
USR-0135,CNT-0165,view,2872,2025-02-15T23:00:40
USR-0345,CNT-0362,skip,670,2025-02-15T23:06:01
USR-0390,CNT-0029,complete,403,2025-02-15T23:07:27
USR-0535,CNT-0242,complete,517,2025-02-15T23:18:33
USR-0254,CNT-0244,click,686,2025-02-15T23:27:34
USR-0050,CNT-0070,like,578,2025-02-15T23:27:50
USR-0210,CNT-0021,skip,34,2025-02-15T23:31:52
USR-0051,CNT-0303,skip,119,2025-02-15T23:35:02
USR-0320,CNT-0151,view,3497,2025-02-15T23:44:54
USR-0320,CNT-0189,complete,2501,2025-02-15T23:45:30
USR-0443,CNT-0073,view,1303,2025-02-15T23:52:15
USR-0230,CNT-0084,click,119,2025-02-15T23:53:08
USR-0539,CNT-0354,skip,63,2025-02-15T23:56:11
USR-0162,CNT-0321,view,4230,2025-02-15T23:58:34
USR-0640,CNT-0337,complete,611,2025-02-16T00:02:08
USR-0533,CNT-0140,skip,570,2025-02-16T00:11:32
USR-0862,CNT-0072,view,91,2025-02-16T00:12:37
USR-0172,CNT-0258,complete,2714,2025-02-16T00:24:32
USR-0163,CNT-0262,view,992,2025-02-16T00:36:15
USR-0399,CNT-0167,click,520,2025-02-16T00:45:40
USR-0091,CNT-0476,skip,4,2025-02-16T00:48:52
USR-0656,CNT-0452,view,45,2025-02-16T00:57:27
USR-0036,CNT-0464,click,619,2025-02-16T01:09:32
USR-0832,CNT-0010,click,3430,2025-02-16T01:13:00
USR-0667,CNT-0167,view,1125,2025-02-16T01:21:56
USR-0494,CNT-0367,complete,886,2025-02-16T01:31:28
USR-0292,CNT-0157,click,64,2025-02-16T01:42:21
USR-0619,CNT-0383,complete,310,2025-02-16T01:49:19
USR-0922,CNT-0224,complete,2292,2025-02-16T01:53:59
USR-0475,CNT-0180,view,104,2025-02-16T01:58:01
USR-0670,CNT-0205,click,1048,2025-02-16T01:58:40
USR-0439,CNT-0011,like,509,2025-02-16T02:00:43
USR-0245,CNT-0020,view,53,2025-02-16T02:04:51
USR-0962,CNT-0469,skip,125,2025-02-16T02:09:59
USR-0714,CNT-0465,complete,848,2025-02-16T02:10:28
USR-0541,CNT-0333,skip,9,2025-02-16T02:22:13
USR-0117,CNT-0151,view,3721,2025-02-16T02:22:34
USR-0946,CNT-0305,view,346,2025-02-16T02:24:47
USR-0384,CNT-0330,view,3471,2025-02-16T02:29:25
USR-0158,CNT-0221,view,219,2025-02-16T02:29:26
USR-0391,CNT-0243,view,88,2025-02-16T02:31:50
USR-0390,CNT-0018,click,11,2025-02-16T02:31:53
USR-0442,CNT-0051,click,6,2025-02-16T02:34:35
USR-0019,CNT-0240,complete,53,2025-02-16T02:56:57
USR-0639,CNT-0446,click,914,2025-02-16T03:02:01
USR-0739,CNT-0167,like,700,2025-02-16T03:02:07
USR-0111,CNT-0441,view,14,2025-02-16T03:16:51
USR-0033,CNT-0455,click,23,2025-02-16T03:19:08
USR-0382,CNT-0413,skip,27,2025-02-16T03:20:30
USR-0089,CNT-0271,view,345,2025-02-16T03:32:44
USR-0402,CNT-0081,like,138,2025-02-16T03:35:19
USR-0039,CNT-0049,skip,73,2025-02-16T03:45:44
USR-0952,CNT-0400,view,21,2025-02-16T03:54:41
USR-0368,CNT-0434,view,26,2025-02-16T03:59:08
USR-0431,CNT-0328,click,49,2025-02-16T04:14:06
USR-0580,CNT-0380,click,129,2025-02-16T04:16:14
USR-0317,CNT-0310,click,2454,2025-02-16T04:16:57
USR-0229,CNT-0050,complete,560,2025-02-16T04:26:11
USR-0729,CNT-0160,skip,28,2025-02-16T04:37:14
USR-0271,CNT-0230,complete,75,2025-02-16T04:41:36
USR-0101,CNT-0213,view,723,2025-02-16T04:43:11
USR-0730,CNT-0346,view,1989,2025-02-16T04:46:02
USR-0946,CNT-0244,click,503,2025-02-16T04:49:09
USR-0531,CNT-0089,complete,47,2025-02-16T04:49:27
USR-0676,CNT-0273,like,120,2025-02-16T04:57:11
USR-0082,CNT-0180,like,24,2025-02-16T05:15:47
USR-0232,CNT-0298,click,57,2025-02-16T05:16:26
USR-0483,CNT-0347,like,748,2025-02-16T05:25:04
USR-0160,CNT-0154,view,21,2025-02-16T05:32:17
USR-0900,CNT-0410,view,30,2025-02-16T05:37:20
USR-0232,CNT-0117,complete,1848,2025-02-16T05:42:54
USR-0746,CNT-0011,click,735,2025-02-16T05:45:19
USR-0948,CNT-0042,view,443,2025-02-16T05:54:48
USR-0656,CNT-0382,click,2728,2025-02-16T05:55:42
USR-0224,CNT-0266,complete,2996,2025-02-16T05:59:39
USR-0183,CNT-0409,view,1530,2025-02-16T06:03:41
USR-0896,CNT-0258,click,1460,2025-02-16T06:05:55
USR-0376,CNT-0013,click,32,2025-02-16T06:07:04
USR-0077,CNT-0393,like,446,2025-02-16T06:10:42
USR-0377,CNT-0264,click,794,2025-02-16T06:11:05
USR-0156,CNT-0148,view,679,2025-02-16T06:24:34
USR-0400,CNT-0454,complete,604,2025-02-16T06:25:56
USR-0919,CNT-0370,view,176,2025-02-16T06:45:31
USR-0454,CNT-0366,complete,219,2025-02-16T06:48:39
USR-0343,CNT-0372,click,584,2025-02-16T06:50:51
USR-0539,CNT-0400,click,56,2025-02-16T06:58:11
USR-0228,CNT-0206,like,22,2025-02-16T06:58:21
USR-0164,CNT-0290,skip,657,2025-02-16T07:00:05
USR-0340,CNT-0410,view,17,2025-02-16T07:07:38
USR-0852,CNT-0380,view,92,2025-02-16T07:09:25
USR-0755,CNT-0295,complete,80,2025-02-16T07:11:21
USR-0138,CNT-0130,click,31,2025-02-16T07:14:29
USR-0320,CNT-0290,view,1151,2025-02-16T07:17:30
USR-0079,CNT-0030,click,838,2025-02-16T07:25:23
USR-0705,CNT-0148,complete,652,2025-02-16T07:37:56
USR-0461,CNT-0355,click,1551,2025-02-16T07:44:15
USR-0613,CNT-0164,complete,3622,2025-02-16T07:44:32
USR-0343,CNT-0482,complete,1057,2025-02-16T08:01:05
USR-0838,CNT-0469,view,712,2025-02-16T08:15:24
USR-0702,CNT-0287,skip,0,2025-02-16T08:17:32
USR-0450,CNT-0410,view,7,2025-02-16T08:21:22
USR-0127,CNT-0384,view,4153,2025-02-16T08:41:00
USR-0906,CNT-0256,view,626,2025-02-16T08:55:15
USR-0684,CNT-0057,like,139,2025-02-16T09:05:40
USR-0395,CNT-0471,skip,248,2025-02-16T09:10:52
USR-0960,CNT-0431,view,0,2025-02-16T09:15:31
USR-0673,CNT-0269,complete,567,2025-02-16T09:19:51
USR-0055,CNT-0482,complete,1245,2025-02-16T09:30:28
USR-0862,CNT-0424,complete,444,2025-02-16T09:31:44
USR-0068,CNT-0193,view,1868,2025-02-16T09:32:46
USR-0128,CNT-0147,view,961,2025-02-16T09:34:51
USR-0272,CNT-0019,view,27,2025-02-16T09:49:18
USR-0004,CNT-0253,complete,99,2025-02-16T10:08:44
USR-0404,CNT-0486,click,313,2025-02-16T10:09:19
USR-0071,CNT-0462,view,379,2025-02-16T10:11:06
USR-0306,CNT-0074,click,69,2025-02-16T10:14:39
USR-0591,CNT-0070,like,433,2025-02-16T10:33:59
USR-0033,CNT-0454,view,97,2025-02-16T10:40:36
USR-0477,CNT-0381,like,1409,2025-02-16T10:45:21
USR-0226,CNT-0162,view,106,2025-02-16T10:52:56
USR-0480,CNT-0214,skip,416,2025-02-16T11:00:47
USR-0724,CNT-0319,click,494,2025-02-16T11:00:55
USR-0900,CNT-0180,like,1,2025-02-16T11:19:57
USR-0167,CNT-0064,view,1590,2025-02-16T11:25:45
USR-0506,CNT-0337,like,724,2025-02-16T11:25:49
USR-0133,CNT-0031,view,1762,2025-02-16T11:32:18
USR-0217,CNT-0027,click,237,2025-02-16T11:34:10
USR-0838,CNT-0335,click,2968,2025-02-16T11:56:10
USR-0401,CNT-0310,view,3137,2025-02-16T11:59:09
USR-0191,CNT-0395,complete,69,2025-02-16T12:00:15
USR-0622,CNT-0412,complete,1794,2025-02-16T12:04:47
USR-0450,CNT-0236,view,15,2025-02-16T12:06:32
USR-0210,CNT-0081,complete,299,2025-02-16T12:07:38
USR-0665,CNT-0216,click,460,2025-02-16T12:09:27
USR-0510,CNT-0164,view,428,2025-02-16T12:19:03
USR-0649,CNT-0487,view,1745,2025-02-16T12:36:21
USR-0068,CNT-0355,like,309,2025-02-16T12:38:20
USR-0788,CNT-0238,click,403,2025-02-16T12:46:42
USR-0980,CNT-0220,like,99,2025-02-16T12:56:55
USR-0266,CNT-0066,view,289,2025-02-16T13:00:29
USR-0079,CNT-0157,complete,424,2025-02-16T13:01:02
USR-0625,CNT-0322,click,525,2025-02-16T13:06:07
USR-0737,CNT-0470,view,784,2025-02-16T13:10:34
USR-0939,CNT-0046,complete,470,2025-02-16T13:21:30
USR-0894,CNT-0444,click,10,2025-02-16T13:24:19
USR-0096,CNT-0121,view,14,2025-02-16T13:39:47
USR-0220,CNT-0110,view,546,2025-02-16T14:03:08
USR-0030,CNT-0043,skip,1350,2025-02-16T14:08:36
USR-0222,CNT-0237,complete,906,2025-02-16T14:13:44
USR-0039,CNT-0240,skip,7,2025-02-16T14:18:00
USR-0290,CNT-0285,click,290,2025-02-16T14:20:11
USR-0409,CNT-0409,complete,3325,2025-02-16T14:30:19
USR-0995,CNT-0172,like,50,2025-02-16T14:33:10
USR-0963,CNT-0079,like,892,2025-02-16T14:35:08
USR-0763,CNT-0305,view,298,2025-02-16T14:38:37
USR-0467,CNT-0102,view,1433,2025-02-16T14:39:59
USR-0078,CNT-0398,view,71,2025-02-16T14:43:49
USR-0449,CNT-0072,view,58,2025-02-16T14:45:58
USR-0235,CNT-0224,skip,311,2025-02-16T14:51:25
USR-0079,CNT-0373,click,931,2025-02-16T14:52:33
USR-0407,CNT-0417,click,151,2025-02-16T15:10:21
USR-0306,CNT-0403,click,36,2025-02-16T15:16:46
USR-0076,CNT-0169,like,7,2025-02-16T15:18:57
USR-0451,CNT-0406,view,629,2025-02-16T15:24:49
USR-0160,CNT-0442,view,331,2025-02-16T15:38:13
USR-0755,CNT-0196,complete,201,2025-02-16T15:46:02
USR-0249,CNT-0382,skip,343,2025-02-16T16:04:53
USR-0683,CNT-0213,complete,1619,2025-02-16T16:13:33
USR-0592,CNT-0070,view,17,2025-02-16T16:22:43
USR-0015,CNT-0481,view,2627,2025-02-16T16:23:00
USR-0613,CNT-0319,click,649,2025-02-16T16:28:38
USR-0978,CNT-0227,click,63,2025-02-16T16:30:06
USR-0465,CNT-0269,click,50,2025-02-16T16:32:40
USR-0215,CNT-0398,view,66,2025-02-16T16:42:15
USR-0816,CNT-0312,like,278,2025-02-16T16:42:56
USR-0249,CNT-0444,complete,134,2025-02-16T16:44:49
USR-0480,CNT-0491,complete,2768,2025-02-16T16:48:49
USR-0510,CNT-0125,like,2248,2025-02-16T16:52:28
USR-0205,CNT-0056,click,71,2025-02-16T16:53:03
USR-0873,CNT-0478,complete,802,2025-02-16T16:56:55
USR-0208,CNT-0205,complete,1655,2025-02-16T17:09:32
USR-0460,CNT-0480,view,800,2025-02-16T17:12:32
USR-0215,CNT-0375,skip,40,2025-02-16T17:14:29
USR-0111,CNT-0236,like,25,2025-02-16T17:16:41
USR-0491,CNT-0410,view,7,2025-02-16T17:21:49
USR-0856,CNT-0388,click,1000,2025-02-16T17:22:29
USR-0649,CNT-0238,skip,4,2025-02-16T17:25:05
USR-0053,CNT-0107,skip,14,2025-02-16T17:28:01
USR-0311,CNT-0442,skip,61,2025-02-16T17:33:11
USR-0963,CNT-0331,click,144,2025-02-16T17:40:18
USR-0097,CNT-0078,like,61,2025-02-16T17:44:01
USR-0648,CNT-0186,complete,2820,2025-02-16T17:44:48
USR-0868,CNT-0071,skip,15,2025-02-16T17:44:59
USR-0560,CNT-0454,click,152,2025-02-16T17:45:12
USR-0359,CNT-0187,view,9,2025-02-16T17:45:49
USR-0737,CNT-0456,like,312,2025-02-16T17:47:50
USR-0295,CNT-0041,view,1380,2025-02-16T18:05:04
USR-0552,CNT-0080,complete,59,2025-02-16T18:13:35
USR-0513,CNT-0442,like,160,2025-02-16T18:27:46
USR-0627,CNT-0044,click,233,2025-02-16T18:43:28
USR-0935,CNT-0460,complete,4826,2025-02-16T18:44:53
USR-0069,CNT-0021,click,200,2025-02-16T18:50:15
USR-0634,CNT-0004,view,3066,2025-02-16T18:57:38
USR-0293,CNT-0091,click,3,2025-02-16T19:00:56
USR-0443,CNT-0175,complete,3394,2025-02-16T19:12:03
USR-0066,CNT-0034,view,32,2025-02-16T19:27:11
USR-0428,CNT-0008,click,2170,2025-02-16T19:32:52
USR-0928,CNT-0416,skip,13,2025-02-16T19:55:29
USR-0671,CNT-0070,view,712,2025-02-16T20:10:14
USR-0015,CNT-0132,view,10,2025-02-16T20:14:35
USR-0891,CNT-0434,complete,30,2025-02-16T20:15:12
USR-0407,CNT-0193,complete,4118,2025-02-16T20:15:23
USR-0331,CNT-0202,complete,2068,2025-02-16T20:19:04
USR-0989,CNT-0225,like,5937,2025-02-16T20:20:36
USR-0119,CNT-0299,complete,107,2025-02-16T20:22:59
USR-0229,CNT-0323,view,5084,2025-02-16T20:25:48
USR-0324,CNT-0020,view,25,2025-02-16T20:27:58
USR-0180,CNT-0107,like,112,2025-02-16T20:30:25
USR-0870,CNT-0076,view,449,2025-02-16T20:32:12
USR-0170,CNT-0237,view,260,2025-02-16T20:40:02
USR-0791,CNT-0381,skip,172,2025-02-16T20:43:56
USR-0301,CNT-0019,view,3,2025-02-16T20:49:53
USR-0647,CNT-0134,click,163,2025-02-16T20:50:38
USR-0107,CNT-0091,view,20,2025-02-16T20:57:18
USR-0213,CNT-0137,skip,170,2025-02-16T21:12:52
USR-0452,CNT-0086,complete,4443,2025-02-16T21:18:09
USR-0853,CNT-0107,view,519,2025-02-16T21:30:28
USR-0401,CNT-0269,skip,133,2025-02-16T21:30:54
USR-0950,CNT-0486,view,277,2025-02-16T21:42:37
USR-0940,CNT-0315,skip,845,2025-02-16T21:44:37
USR-0386,CNT-0164,like,2094,2025-02-16T22:04:33
USR-0118,CNT-0448,complete,53,2025-02-16T22:07:47
USR-0500,CNT-0087,view,53,2025-02-16T22:10:35
USR-0546,CNT-0396,skip,238,2025-02-16T22:10:38
USR-0949,CNT-0335,click,402,2025-02-16T22:23:26
USR-0398,CNT-0076,view,444,2025-02-16T22:25:45
USR-0620,CNT-0424,skip,58,2025-02-16T22:31:55
USR-0343,CNT-0229,click,338,2025-02-16T22:32:02
USR-0604,CNT-0443,like,4688,2025-02-16T22:37:07
USR-0440,CNT-0467,view,1449,2025-02-16T22:40:35
USR-0751,CNT-0334,click,0,2025-02-16T22:55:54
USR-0877,CNT-0080,complete,74,2025-02-16T22:58:21
USR-0586,CNT-0371,like,22,2025-02-16T23:00:59
USR-0401,CNT-0036,view,414,2025-02-16T23:08:53
USR-0415,CNT-0447,click,1672,2025-02-16T23:10:45
USR-0416,CNT-0213,like,3,2025-02-16T23:18:54
USR-0950,CNT-0019,like,89,2025-02-16T23:22:35
USR-0253,CNT-0333,view,24,2025-02-16T23:36:02
USR-0275,CNT-0275,skip,3,2025-02-16T23:39:36
USR-0135,CNT-0284,complete,2177,2025-02-16T23:40:49
USR-0377,CNT-0074,view,107,2025-02-16T23:47:17
USR-0794,CNT-0436,complete,1104,2025-02-16T23:51:28
USR-0950,CNT-0474,complete,1056,2025-02-16T23:52:25
USR-0147,CNT-0182,complete,142,2025-02-16T23:57:41
USR-0234,CNT-0436,complete,1102,2025-02-17T00:01:30
USR-0503,CNT-0010,view,4597,2025-02-17T00:02:42
USR-0629,CNT-0417,click,166,2025-02-17T00:29:02
USR-0345,CNT-0069,click,4828,2025-02-17T00:33:10
USR-0664,CNT-0397,click,802,2025-02-17T00:36:06
USR-0663,CNT-0463,skip,399,2025-02-17T00:40:48
USR-0497,CNT-0441,complete,72,2025-02-17T00:43:42
USR-0419,CNT-0200,skip,234,2025-02-17T00:54:10
USR-0287,CNT-0499,view,245,2025-02-17T01:01:50
USR-0133,CNT-0201,click,3344,2025-02-17T01:12:15
USR-0489,CNT-0347,view,1105,2025-02-17T01:21:32
USR-0118,CNT-0302,view,38,2025-02-17T01:24:29
USR-0576,CNT-0076,view,327,2025-02-17T01:25:39
USR-0072,CNT-0450,view,1459,2025-02-17T01:26:19
USR-0657,CNT-0355,complete,1476,2025-02-17T01:39:13
USR-0352,CNT-0218,skip,216,2025-02-17T02:02:06
USR-0647,CNT-0026,view,224,2025-02-17T02:03:53
USR-0005,CNT-0300,view,42,2025-02-17T02:12:41
USR-0171,CNT-0448,skip,7,2025-02-17T02:14:27
USR-0054,CNT-0453,view,29,2025-02-17T02:16:29
USR-0683,CNT-0437,click,3617,2025-02-17T02:23:55
USR-0112,CNT-0464,complete,560,2025-02-17T02:28:25
USR-0852,CNT-0463,view,1229,2025-02-17T02:29:11
USR-0760,CNT-0457,click,371,2025-02-17T02:44:39
USR-0484,CNT-0259,skip,164,2025-02-17T02:49:10
USR-0860,CNT-0259,view,472,2025-02-17T02:55:36
USR-0520,CNT-0385,view,2026,2025-02-17T03:13:18
USR-0267,CNT-0163,click,3104,2025-02-17T03:18:57
USR-0870,CNT-0021,view,152,2025-02-17T03:30:42
USR-0326,CNT-0032,skip,108,2025-02-17T04:06:31
USR-0122,CNT-0242,skip,102,2025-02-17T04:13:35
USR-0648,CNT-0302,click,15,2025-02-17T04:23:29
USR-0372,CNT-0493,like,115,2025-02-17T04:24:36
USR-0248,CNT-0475,view,99,2025-02-17T04:34:07
USR-0469,CNT-0453,click,411,2025-02-17T04:37:00
USR-0344,CNT-0204,view,1336,2025-02-17T04:48:28
USR-0138,CNT-0411,complete,916,2025-02-17T04:49:57
USR-0480,CNT-0450,click,3714,2025-02-17T04:51:26
USR-0910,CNT-0003,complete,4029,2025-02-17T04:51:44
USR-0344,CNT-0122,view,175,2025-02-17T05:08:53
USR-0337,CNT-0036,view,618,2025-02-17T05:08:58
USR-0173,CNT-0177,skip,344,2025-02-17T05:15:48
USR-0701,CNT-0172,view,99,2025-02-17T05:30:22
USR-0658,CNT-0274,like,3444,2025-02-17T05:35:05
USR-0540,CNT-0276,click,136,2025-02-17T05:46:28
USR-0503,CNT-0491,view,584,2025-02-17T05:52:30
USR-0295,CNT-0499,view,163,2025-02-17T05:53:10
USR-0107,CNT-0451,like,439,2025-02-17T05:55:12
USR-0035,CNT-0465,view,814,2025-02-17T06:03:07
USR-0480,CNT-0136,skip,97,2025-02-17T06:03:29
USR-0921,CNT-0157,skip,49,2025-02-17T06:10:25
USR-0938,CNT-0468,click,1380,2025-02-17T06:14:26
USR-0054,CNT-0480,skip,127,2025-02-17T06:18:51
USR-0610,CNT-0038,click,601,2025-02-17T06:21:15
USR-0744,CNT-0004,click,440,2025-02-17T06:30:19
USR-0865,CNT-0454,complete,602,2025-02-17T06:44:33
USR-0558,CNT-0165,view,2568,2025-02-17T06:55:23
USR-0392,CNT-0186,view,1288,2025-02-17T07:18:30
USR-0301,CNT-0306,click,7,2025-02-17T07:32:33
USR-0090,CNT-0324,click,506,2025-02-17T07:45:39
USR-0255,CNT-0413,view,29,2025-02-17T07:53:45
USR-0137,CNT-0316,view,205,2025-02-17T07:55:24
USR-0516,CNT-0148,click,186,2025-02-17T08:08:41
USR-0609,CNT-0134,complete,672,2025-02-17T08:17:11
USR-0977,CNT-0480,complete,865,2025-02-17T08:37:36
USR-0351,CNT-0150,complete,1942,2025-02-17T08:39:06
USR-0834,CNT-0162,complete,241,2025-02-17T08:56:53
USR-0570,CNT-0006,skip,71,2025-02-17T09:10:01
USR-0995,CNT-0413,complete,684,2025-02-17T09:13:43
USR-0708,CNT-0443,skip,837,2025-02-17T09:18:46
USR-0063,CNT-0152,view,42,2025-02-17T09:19:10
USR-0495,CNT-0238,view,438,2025-02-17T09:21:53
USR-0496,CNT-0044,like,354,2025-02-17T09:22:44
USR-0492,CNT-0212,like,2526,2025-02-17T09:26:29
USR-0069,CNT-0155,view,209,2025-02-17T09:34:41
USR-0449,CNT-0485,like,53,2025-02-17T09:38:24
USR-0080,CNT-0357,skip,177,2025-02-17T09:45:59
USR-0298,CNT-0340,like,141,2025-02-17T09:46:10
USR-0522,CNT-0021,click,780,2025-02-17T09:49:04
USR-0504,CNT-0158,view,113,2025-02-17T09:54:10
USR-0955,CNT-0144,click,828,2025-02-17T09:55:20
USR-0924,CNT-0462,complete,2084,2025-02-17T10:01:09
USR-0398,CNT-0340,view,235,2025-02-17T10:24:55
USR-0416,CNT-0417,view,542,2025-02-17T10:26:05
USR-0608,CNT-0297,complete,1657,2025-02-17T10:29:32
USR-0997,CNT-0109,like,514,2025-02-17T10:45:47
USR-0080,CNT-0125,click,2496,2025-02-17T10:49:13
USR-0657,CNT-0487,complete,2675,2025-02-17T10:51:59
USR-0472,CNT-0292,like,8,2025-02-17T11:10:32
USR-0882,CNT-0194,view,443,2025-02-17T11:25:13
USR-0702,CNT-0319,like,1423,2025-02-17T11:36:18
USR-0558,CNT-0098,view,3841,2025-02-17T11:36:36
USR-0601,CNT-0182,click,6,2025-02-17T11:41:38
USR-0758,CNT-0121,skip,21,2025-02-17T11:52:19
USR-0597,CNT-0413,skip,136,2025-02-17T11:53:12
USR-0144,CNT-0013,view,976,2025-02-17T11:59:40
USR-0429,CNT-0103,view,975,2025-02-17T12:05:33
USR-0450,CNT-0225,view,889,2025-02-17T12:09:13
USR-0874,CNT-0331,like,1211,2025-02-17T12:09:30
USR-0625,CNT-0123,skip,45,2025-02-17T12:10:49
USR-0076,CNT-0043,like,4431,2025-02-17T12:16:26
USR-0121,CNT-0303,complete,522,2025-02-17T12:19:35
USR-0509,CNT-0073,like,2888,2025-02-17T12:33:58
USR-0910,CNT-0381,complete,3054,2025-02-17T12:42:54
USR-0370,CNT-0422,skip,52,2025-02-17T12:54:14
USR-0401,CNT-0181,view,5290,2025-02-17T12:55:31
USR-0588,CNT-0075,view,354,2025-02-17T13:01:36
USR-0943,CNT-0252,click,2900,2025-02-17T13:08:35
USR-0029,CNT-0054,skip,24,2025-02-17T13:19:12
USR-0515,CNT-0182,view,21,2025-02-17T13:24:27
USR-0579,CNT-0037,view,1284,2025-02-17T13:32:28
USR-0695,CNT-0379,complete,434,2025-02-17T13:36:48
USR-0182,CNT-0451,complete,788,2025-02-17T13:38:58
USR-0579,CNT-0006,view,126,2025-02-17T13:45:17
USR-0223,CNT-0352,like,2974,2025-02-17T13:48:00
USR-0317,CNT-0429,like,2321,2025-02-17T13:50:18
USR-0674,CNT-0201,view,3187,2025-02-17T13:50:57
USR-0799,CNT-0024,view,35,2025-02-17T13:57:21
USR-0346,CNT-0389,view,31,2025-02-17T13:57:22
USR-0886,CNT-0027,click,134,2025-02-17T14:01:38
USR-0015,CNT-0027,like,1964,2025-02-17T14:08:14
USR-0327,CNT-0097,skip,22,2025-02-17T14:13:48
USR-0308,CNT-0426,skip,496,2025-02-17T14:17:59
USR-0471,CNT-0166,view,190,2025-02-17T14:19:57
USR-0186,CNT-0136,skip,55,2025-02-17T14:24:01
USR-0032,CNT-0431,complete,663,2025-02-17T14:28:58
USR-0328,CNT-0489,view,3640,2025-02-17T14:35:09
USR-0211,CNT-0221,like,151,2025-02-17T14:36:08
USR-0432,CNT-0088,view,192,2025-02-17T14:39:27
USR-0433,CNT-0298,like,2173,2025-02-17T14:44:18
USR-0977,CNT-0177,complete,5695,2025-02-17T14:48:54
USR-0399,CNT-0246,view,691,2025-02-17T15:04:22
USR-0741,CNT-0390,view,275,2025-02-17T15:23:35
USR-0897,CNT-0436,view,0,2025-02-17T15:30:32
USR-0867,CNT-0003,view,2517,2025-02-17T15:32:10
USR-0622,CNT-0286,like,435,2025-02-17T15:52:35
USR-0775,CNT-0098,like,2872,2025-02-17T15:53:54
USR-0521,CNT-0278,view,181,2025-02-17T16:00:29
USR-0056,CNT-0156,like,1327,2025-02-17T16:06:09
USR-0414,CNT-0224,view,1842,2025-02-17T16:07:04
USR-0371,CNT-0448,view,6,2025-02-17T16:11:56
USR-0148,CNT-0097,click,2123,2025-02-17T16:22:44
USR-0927,CNT-0432,complete,3021,2025-02-17T16:33:40
USR-0318,CNT-0149,view,79,2025-02-17T16:46:56
USR-0012,CNT-0180,skip,27,2025-02-17T17:00:21
USR-0762,CNT-0357,like,1056,2025-02-17T17:02:35
USR-0727,CNT-0081,view,191,2025-02-17T17:06:20
USR-0730,CNT-0335,view,3174,2025-02-17T17:09:04
USR-0061,CNT-0238,complete,831,2025-02-17T17:28:42
USR-0075,CNT-0486,click,320,2025-02-17T17:31:34
USR-0785,CNT-0282,click,1121,2025-02-17T17:44:08
USR-0542,CNT-0270,complete,668,2025-02-17T17:46:54
USR-0315,CNT-0317,view,18,2025-02-17T17:47:14
USR-0029,CNT-0454,view,70,2025-02-17T17:56:43
USR-0670,CNT-0347,view,367,2025-02-17T18:10:43
USR-0503,CNT-0409,view,3623,2025-02-17T18:20:45
USR-0686,CNT-0458,click,264,2025-02-17T18:24:22
USR-0685,CNT-0145,skip,275,2025-02-17T18:26:30
USR-0909,CNT-0058,view,538,2025-02-17T18:28:57
USR-0295,CNT-0180,click,35,2025-02-17T18:31:13
USR-0842,CNT-0222,complete,54,2025-02-17T18:37:09
USR-0826,CNT-0465,skip,143,2025-02-17T18:48:13
USR-0187,CNT-0489,like,2385,2025-02-17T18:50:19
USR-0888,CNT-0036,click,404,2025-02-17T18:56:50
USR-0678,CNT-0412,like,1440,2025-02-17T19:05:15
USR-0033,CNT-0212,view,3419,2025-02-17T19:10:18
USR-0082,CNT-0455,complete,64,2025-02-17T19:28:35
USR-0373,CNT-0233,like,2252,2025-02-17T19:28:51
USR-0347,CNT-0047,view,71,2025-02-17T19:30:17
USR-0247,CNT-0289,like,12,2025-02-17T19:47:49
USR-0707,CNT-0222,like,28,2025-02-17T19:48:06
USR-0773,CNT-0314,complete,4218,2025-02-17T20:10:31
USR-0113,CNT-0066,view,604,2025-02-17T20:23:51
USR-0590,CNT-0024,skip,17,2025-02-17T20:25:29
USR-0510,CNT-0390,complete,2832,2025-02-17T20:30:29
USR-0770,CNT-0383,skip,69,2025-02-17T20:37:39
USR-0350,CNT-0473,view,1470,2025-02-17T20:38:20
USR-0698,CNT-0487,view,1728,2025-02-17T20:42:39
USR-0088,CNT-0039,skip,474,2025-02-17T20:46:56
USR-0670,CNT-0268,like,1307,2025-02-17T21:14:11
USR-0714,CNT-0062,click,664,2025-02-17T21:42:32
USR-0660,CNT-0258,complete,2680,2025-02-17T21:43:23
USR-0110,CNT-0097,view,1454,2025-02-17T21:51:18
USR-0480,CNT-0457,view,344,2025-02-17T21:53:49
USR-0373,CNT-0051,click,11,2025-02-17T22:04:31
USR-0940,CNT-0115,view,366,2025-02-17T22:10:20
USR-0511,CNT-0466,click,60,2025-02-17T22:13:35
USR-0746,CNT-0023,view,1778,2025-02-17T22:13:36
USR-0296,CNT-0283,view,167,2025-02-17T22:26:03
USR-0822,CNT-0160,complete,490,2025-02-17T22:35:44
USR-0709,CNT-0125,complete,4323,2025-02-17T22:38:20
USR-0208,CNT-0429,skip,397,2025-02-17T22:45:48
USR-0855,CNT-0071,click,25,2025-02-17T22:53:13
USR-0289,CNT-0378,view,128,2025-02-17T22:55:26
USR-0833,CNT-0164,view,3287,2025-02-17T22:57:00
USR-0364,CNT-0086,view,896,2025-02-17T23:05:03
USR-0654,CNT-0179,skip,8,2025-02-17T23:07:47
USR-0127,CNT-0268,view,3305,2025-02-17T23:08:51
USR-0033,CNT-0464,click,276,2025-02-17T23:13:02
USR-0943,CNT-0025,view,1449,2025-02-17T23:18:22
USR-0715,CNT-0319,click,1080,2025-02-17T23:20:10
USR-0843,CNT-0411,complete,873,2025-02-17T23:20:15
USR-0458,CNT-0433,like,379,2025-02-17T23:24:31
USR-0005,CNT-0404,view,530,2025-02-17T23:30:54
USR-0419,CNT-0208,complete,3404,2025-02-17T23:34:12
USR-0489,CNT-0333,view,132,2025-02-17T23:38:35
USR-0494,CNT-0479,click,935,2025-02-17T23:46:32
USR-0575,CNT-0389,like,60,2025-02-17T23:54:29
USR-0941,CNT-0111,view,11,2025-02-17T23:58:55
USR-0360,CNT-0039,like,3265,2025-02-18T00:01:48
USR-0328,CNT-0216,view,3444,2025-02-18T00:08:28
USR-0842,CNT-0487,like,1507,2025-02-18T00:13:25
USR-0927,CNT-0154,skip,24,2025-02-18T00:30:57
USR-0798,CNT-0316,like,948,2025-02-18T00:37:34
USR-0436,CNT-0464,view,165,2025-02-18T00:38:34
USR-0260,CNT-0265,view,36,2025-02-18T01:08:13
USR-0370,CNT-0114,complete,802,2025-02-18T01:11:23
USR-0371,CNT-0006,skip,78,2025-02-18T01:22:02
USR-0323,CNT-0350,view,299,2025-02-18T01:25:02
USR-0461,CNT-0465,view,788,2025-02-18T01:50:00
USR-0449,CNT-0434,view,27,2025-02-18T01:51:48
USR-0001,CNT-0445,complete,300,2025-02-18T01:54:23
USR-0206,CNT-0032,view,224,2025-02-18T02:03:44
USR-0914,CNT-0107,click,208,2025-02-18T02:04:29
USR-0830,CNT-0397,complete,967,2025-02-18T02:05:52
USR-0496,CNT-0452,view,81,2025-02-18T02:06:08
USR-0498,CNT-0359,view,16,2025-02-18T02:12:17
USR-0880,CNT-0216,view,5047,2025-02-18T02:13:33
USR-0046,CNT-0043,complete,5577,2025-02-18T02:17:36
USR-0793,CNT-0111,skip,7,2025-02-18T02:29:28
USR-0440,CNT-0309,view,141,2025-02-18T02:32:00
USR-0482,CNT-0311,complete,5620,2025-02-18T02:32:52
USR-0823,CNT-0456,view,425,2025-02-18T02:37:00
USR-0847,CNT-0164,complete,3104,2025-02-18T02:49:14
USR-0836,CNT-0305,view,202,2025-02-18T02:56:43
USR-0028,CNT-0293,skip,78,2025-02-18T02:58:10
USR-0101,CNT-0018,view,17,2025-02-18T03:08:01
USR-0838,CNT-0269,click,430,2025-02-18T03:09:48
USR-0156,CNT-0119,view,1934,2025-02-18T03:12:54
USR-0309,CNT-0350,complete,326,2025-02-18T03:14:00
USR-0007,CNT-0173,complete,490,2025-02-18T03:16:10
USR-0565,CNT-0310,click,3313,2025-02-18T03:18:06
USR-0415,CNT-0053,view,62,2025-02-18T03:27:22
USR-0684,CNT-0157,skip,93,2025-02-18T03:33:16
USR-0687,CNT-0298,click,399,2025-02-18T03:44:18
USR-0175,CNT-0196,view,8,2025-02-18T03:45:30
USR-0894,CNT-0326,complete,1090,2025-02-18T03:49:33
USR-0365,CNT-0189,click,1728,2025-02-18T03:50:35
USR-0842,CNT-0487,view,998,2025-02-18T03:57:44
USR-0175,CNT-0463,click,638,2025-02-18T04:16:06
USR-0664,CNT-0499,click,8,2025-02-18T04:18:27
USR-0369,CNT-0436,complete,1072,2025-02-18T04:27:55
USR-0836,CNT-0494,complete,365,2025-02-18T04:29:00
USR-0899,CNT-0084,complete,132,2025-02-18T04:34:54
USR-0004,CNT-0372,click,190,2025-02-18T04:38:53
USR-0940,CNT-0003,click,2813,2025-02-18T04:42:22
USR-0476,CNT-0190,view,1782,2025-02-18T04:43:24
USR-0888,CNT-0244,like,595,2025-02-18T04:44:27
USR-0715,CNT-0252,like,1221,2025-02-18T04:55:16
USR-0726,CNT-0254,skip,643,2025-02-18T04:55:35
USR-0546,CNT-0352,click,19,2025-02-18T04:56:35
USR-0703,CNT-0225,view,3125,2025-02-18T05:04:40
USR-0524,CNT-0036,skip,33,2025-02-18T05:20:25
USR-0454,CNT-0239,view,48,2025-02-18T05:23:47
USR-0395,CNT-0064,like,2326,2025-02-18T05:27:47
USR-0311,CNT-0005,view,533,2025-02-18T05:36:27
USR-0408,CNT-0159,complete,987,2025-02-18T05:42:51
USR-0172,CNT-0500,view,5373,2025-02-18T05:44:24
USR-0059,CNT-0477,complete,3860,2025-02-18T05:57:48
USR-0003,CNT-0430,view,375,2025-02-18T05:57:56
USR-0509,CNT-0259,skip,160,2025-02-18T06:02:41
USR-0072,CNT-0101,view,204,2025-02-18T06:05:57
USR-0696,CNT-0368,complete,206,2025-02-18T06:12:41
USR-0949,CNT-0391,view,223,2025-02-18T06:16:01
USR-0731,CNT-0450,view,2834,2025-02-18T06:35:19
USR-0917,CNT-0391,complete,202,2025-02-18T06:46:31
USR-0071,CNT-0254,click,2366,2025-02-18T06:57:54
USR-0121,CNT-0199,complete,115,2025-02-18T07:10:23
USR-0253,CNT-0285,view,676,2025-02-18T07:12:32
USR-0199,CNT-0051,view,60,2025-02-18T07:17:36
USR-0901,CNT-0452,skip,0,2025-02-18T07:23:17
USR-0185,CNT-0303,view,102,2025-02-18T07:36:39
USR-0630,CNT-0278,like,161,2025-02-18T07:49:15
USR-0898,CNT-0087,view,94,2025-02-18T08:00:11
USR-0091,CNT-0006,complete,449,2025-02-18T08:08:20
USR-0913,CNT-0438,view,38,2025-02-18T08:19:43
USR-0376,CNT-0132,skip,21,2025-02-18T08:20:58
USR-0399,CNT-0295,like,71,2025-02-18T08:22:35
USR-0329,CNT-0121,view,99,2025-02-18T08:25:32
USR-0554,CNT-0378,complete,1842,2025-02-18T08:27:10
USR-0156,CNT-0143,like,3868,2025-02-18T08:39:06
USR-0214,CNT-0439,view,1935,2025-02-18T08:56:07
USR-0354,CNT-0351,view,77,2025-02-18T09:01:26
USR-0522,CNT-0486,view,164,2025-02-18T09:02:32
USR-0049,CNT-0350,click,189,2025-02-18T09:04:03
USR-0237,CNT-0496,skip,24,2025-02-18T09:07:02
USR-0312,CNT-0380,view,333,2025-02-18T09:14:41
USR-0309,CNT-0289,click,5,2025-02-18T09:17:58
USR-0551,CNT-0221,complete,352,2025-02-18T09:19:35
USR-0515,CNT-0054,complete,442,2025-02-18T09:23:01
USR-0430,CNT-0378,view,595,2025-02-18T09:28:13
USR-0357,CNT-0410,click,25,2025-02-18T09:29:07
USR-0335,CNT-0200,view,1266,2025-02-18T09:30:19
USR-0367,CNT-0166,complete,265,2025-02-18T09:48:12
USR-0757,CNT-0395,view,1,2025-02-18T09:54:30
USR-0327,CNT-0429,view,2451,2025-02-18T09:58:19
USR-0595,CNT-0121,click,105,2025-02-18T09:59:13
USR-0908,CNT-0190,view,75,2025-02-18T10:00:53
USR-0332,CNT-0356,click,3466,2025-02-18T10:00:58
USR-0701,CNT-0168,like,271,2025-02-18T10:03:18
USR-0250,CNT-0297,view,767,2025-02-18T10:07:00
USR-0224,CNT-0249,view,654,2025-02-18T10:08:26
USR-0862,CNT-0444,view,102,2025-02-18T10:12:08
USR-0522,CNT-0082,complete,622,2025-02-18T10:12:26
USR-0483,CNT-0478,view,188,2025-02-18T10:13:06
USR-0030,CNT-0334,view,64,2025-02-18T10:17:09
USR-0444,CNT-0283,like,258,2025-02-18T10:17:20
USR-0239,CNT-0153,view,1735,2025-02-18T10:19:40
USR-0532,CNT-0388,skip,1196,2025-02-18T10:21:06
USR-0495,CNT-0128,complete,343,2025-02-18T10:27:41
USR-0154,CNT-0327,click,51,2025-02-18T10:31:21
USR-0889,CNT-0490,complete,1935,2025-02-18T10:32:59
USR-0812,CNT-0189,view,34,2025-02-18T10:35:03
USR-0843,CNT-0221,click,380,2025-02-18T10:41:42
USR-0916,CNT-0274,view,1557,2025-02-18T10:45:09
USR-0590,CNT-0027,click,365,2025-02-18T10:48:00
USR-0469,CNT-0348,complete,33,2025-02-18T10:55:43
USR-0116,CNT-0450,like,1157,2025-02-18T10:59:36
USR-0196,CNT-0140,view,3163,2025-02-18T11:09:24
USR-0146,CNT-0126,view,130,2025-02-18T11:14:42
USR-0637,CNT-0049,view,187,2025-02-18T11:16:05
USR-0292,CNT-0200,view,2254,2025-02-18T11:31:42
USR-0325,CNT-0010,complete,5435,2025-02-18T11:47:33
USR-0688,CNT-0475,view,110,2025-02-18T11:49:42
USR-0170,CNT-0210,click,2500,2025-02-18T11:57:50
USR-0878,CNT-0399,view,6012,2025-02-18T11:58:52
USR-0609,CNT-0222,complete,55,2025-02-18T12:01:54
USR-0907,CNT-0120,view,1226,2025-02-18T12:05:47
USR-0919,CNT-0196,like,68,2025-02-18T12:06:01
USR-0601,CNT-0308,skip,73,2025-02-18T12:06:58
USR-0775,CNT-0364,like,262,2025-02-18T12:11:51
USR-0955,CNT-0125,view,2021,2025-02-18T12:14:49
USR-0950,CNT-0066,click,809,2025-02-18T12:17:17
USR-0660,CNT-0339,view,6,2025-02-18T12:19:30
USR-0399,CNT-0032,like,157,2025-02-18T12:20:54
USR-0198,CNT-0473,view,1855,2025-02-18T12:23:55
USR-1000,CNT-0058,like,1125,2025-02-18T13:00:45
USR-0465,CNT-0473,click,1201,2025-02-18T13:07:33
USR-0099,CNT-0175,view,3876,2025-02-18T13:18:04
USR-0449,CNT-0459,complete,517,2025-02-18T13:19:11
USR-0995,CNT-0116,skip,5,2025-02-18T13:20:40
USR-0009,CNT-0487,skip,407,2025-02-18T13:35:16
USR-0048,CNT-0291,view,160,2025-02-18T13:51:25
USR-0315,CNT-0125,like,2355,2025-02-18T14:06:58
USR-0863,CNT-0293,view,1277,2025-02-18T14:19:33
USR-0703,CNT-0395,complete,70,2025-02-18T14:22:17
USR-0285,CNT-0100,view,85,2025-02-18T14:26:01
USR-0225,CNT-0380,complete,286,2025-02-18T14:26:41
USR-0673,CNT-0246,like,498,2025-02-18T14:26:53
USR-0985,CNT-0156,view,1891,2025-02-18T14:40:37
USR-0509,CNT-0094,view,970,2025-02-18T15:03:56
USR-0704,CNT-0270,view,3,2025-02-18T15:05:20
USR-0145,CNT-0331,click,2732,2025-02-18T15:15:56
USR-0743,CNT-0476,skip,8,2025-02-18T15:19:50
USR-0276,CNT-0176,skip,402,2025-02-18T15:22:31
USR-0161,CNT-0285,complete,819,2025-02-18T15:34:47
USR-0216,CNT-0046,complete,543,2025-02-18T15:36:46
USR-0466,CNT-0414,click,177,2025-02-18T15:44:37
USR-0613,CNT-0382,view,2031,2025-02-18T15:48:32
USR-0431,CNT-0334,like,78,2025-02-18T15:57:04
USR-0701,CNT-0202,like,967,2025-02-18T16:00:02
USR-0645,CNT-0397,view,32,2025-02-18T16:02:57
USR-0558,CNT-0382,view,2650,2025-02-18T16:21:59
USR-0682,CNT-0440,view,2995,2025-02-18T16:22:00
USR-0787,CNT-0042,view,295,2025-02-18T16:22:57
USR-0210,CNT-0057,view,1008,2025-02-18T16:42:47
USR-0055,CNT-0081,skip,31,2025-02-18T17:02:08
USR-0948,CNT-0062,click,2927,2025-02-18T17:09:41
USR-0798,CNT-0049,view,157,2025-02-18T17:13:52
USR-0131,CNT-0160,complete,452,2025-02-18T17:24:54
USR-0578,CNT-0500,view,36,2025-02-18T17:27:39
USR-0813,CNT-0431,like,174,2025-02-18T17:44:29
USR-0236,CNT-0468,complete,1476,2025-02-18T17:50:10
USR-0760,CNT-0311,like,3688,2025-02-18T17:53:17
USR-0339,CNT-0130,skip,1,2025-02-18T17:59:34
USR-0712,CNT-0037,view,3009,2025-02-18T18:01:07
USR-0625,CNT-0014,complete,4601,2025-02-18T18:05:43
USR-0614,CNT-0174,complete,35,2025-02-18T18:11:16
USR-0945,CNT-0210,complete,2606,2025-02-18T18:13:49
USR-0887,CNT-0338,skip,5,2025-02-18T18:19:23
USR-0131,CNT-0212,skip,307,2025-02-18T18:22:14
USR-0823,CNT-0055,view,206,2025-02-18T18:24:04
USR-0409,CNT-0102,like,1764,2025-02-18T18:27:27
USR-0801,CNT-0497,complete,62,2025-02-18T18:32:29
USR-0730,CNT-0437,view,947,2025-02-18T18:34:36
USR-0043,CNT-0180,like,41,2025-02-18T18:40:50
USR-0004,CNT-0292,view,65,2025-02-18T18:43:17
USR-0093,CNT-0302,complete,88,2025-02-18T18:48:33
USR-0191,CNT-0339,view,186,2025-02-18T19:10:29
USR-0011,CNT-0251,view,975,2025-02-18T19:14:30
USR-0533,CNT-0010,view,3293,2025-02-18T19:35:11
USR-0883,CNT-0484,skip,15,2025-02-18T19:41:01
USR-0822,CNT-0239,click,363,2025-02-18T19:56:08
USR-0045,CNT-0234,view,722,2025-02-18T20:03:11
USR-0288,CNT-0026,click,471,2025-02-18T20:09:36
USR-0740,CNT-0026,click,432,2025-02-18T20:13:12
USR-0240,CNT-0320,view,618,2025-02-18T20:20:19
USR-0191,CNT-0206,complete,205,2025-02-18T20:20:26
USR-0697,CNT-0497,complete,61,2025-02-18T20:24:58
USR-0946,CNT-0044,view,212,2025-02-18T20:25:49
USR-0765,CNT-0021,click,345,2025-02-18T20:27:03
USR-0497,CNT-0302,complete,83,2025-02-18T20:35:50
USR-0319,CNT-0148,click,176,2025-02-18T20:38:34
USR-0062,CNT-0427,view,177,2025-02-18T20:45:48
USR-0619,CNT-0428,complete,346,2025-02-18T20:50:02
USR-0030,CNT-0295,view,79,2025-02-18T20:55:00
USR-0944,CNT-0456,view,158,2025-02-18T20:58:01
USR-0600,CNT-0226,like,238,2025-02-18T21:03:13
USR-0282,CNT-0026,click,651,2025-02-18T21:08:16
USR-0893,CNT-0452,like,11,2025-02-18T21:11:29
USR-0768,CNT-0139,click,681,2025-02-18T21:17:29
USR-0720,CNT-0360,view,759,2025-02-18T21:25:21
USR-0429,CNT-0125,view,888,2025-02-18T21:30:01
USR-0065,CNT-0210,like,1000,2025-02-18T21:36:28
USR-0062,CNT-0221,skip,3,2025-02-18T21:53:55
USR-0322,CNT-0023,click,2579,2025-02-18T22:08:46
USR-0427,CNT-0020,view,33,2025-02-18T22:18:53
USR-0155,CNT-0486,view,46,2025-02-18T22:24:49
USR-0343,CNT-0436,view,209,2025-02-18T22:38:44
USR-0963,CNT-0115,view,537,2025-02-18T22:45:34
USR-0448,CNT-0132,complete,132,2025-02-18T22:48:01
USR-0866,CNT-0356,view,167,2025-02-18T22:48:23
USR-0795,CNT-0274,click,3932,2025-02-18T22:49:35
USR-0874,CNT-0108,click,204,2025-02-18T23:10:03
USR-0601,CNT-0291,click,676,2025-02-18T23:12:20
USR-0135,CNT-0275,skip,3,2025-02-18T23:26:16
USR-0031,CNT-0309,click,138,2025-02-18T23:45:58
USR-0862,CNT-0133,like,151,2025-02-18T23:51:57
USR-0850,CNT-0364,complete,931,2025-02-18T23:52:54
USR-0356,CNT-0404,like,309,2025-02-18T23:53:43
USR-0660,CNT-0357,click,47,2025-02-18T23:57:23
USR-0170,CNT-0285,click,925,2025-02-19T00:00:18
USR-0002,CNT-0136,like,192,2025-02-19T00:24:49
USR-0113,CNT-0203,view,6,2025-02-19T00:30:10
USR-0252,CNT-0404,like,293,2025-02-19T00:47:17
USR-0231,CNT-0019,complete,82,2025-02-19T00:56:11
USR-0591,CNT-0306,complete,64,2025-02-19T01:00:02
USR-0071,CNT-0370,view,242,2025-02-19T01:05:59
USR-0585,CNT-0205,click,402,2025-02-19T01:09:30
USR-0298,CNT-0243,complete,369,2025-02-19T01:14:21
USR-0176,CNT-0436,skip,75,2025-02-19T01:27:26
USR-0003,CNT-0236,click,34,2025-02-19T01:35:04
USR-0774,CNT-0375,skip,31,2025-02-19T01:50:12
USR-0730,CNT-0321,view,1721,2025-02-19T01:57:55
USR-0845,CNT-0354,skip,42,2025-02-19T02:04:37
USR-0835,CNT-0260,complete,701,2025-02-19T02:16:08
USR-0128,CNT-0023,complete,2168,2025-02-19T02:16:48
USR-0877,CNT-0299,view,30,2025-02-19T02:17:23
USR-0388,CNT-0479,click,324,2025-02-19T02:18:24
USR-0808,CNT-0342,like,1390,2025-02-19T02:34:27
USR-0798,CNT-0061,view,139,2025-02-19T02:42:43
USR-0671,CNT-0319,view,985,2025-02-19T02:55:00
USR-0430,CNT-0261,skip,110,2025-02-19T03:07:01
USR-0872,CNT-0392,view,255,2025-02-19T03:24:39
USR-0037,CNT-0251,complete,935,2025-02-19T03:29:17
USR-0391,CNT-0446,view,407,2025-02-19T03:33:34
USR-0445,CNT-0099,click,172,2025-02-19T03:37:41
USR-0259,CNT-0183,click,400,2025-02-19T03:37:49
USR-0982,CNT-0151,click,977,2025-02-19T03:41:00
USR-0721,CNT-0406,complete,1203,2025-02-19T03:43:17
USR-0301,CNT-0083,click,493,2025-02-19T03:45:23
USR-0365,CNT-0409,view,2962,2025-02-19T03:49:04
USR-0285,CNT-0323,click,3159,2025-02-19T04:16:41
USR-0338,CNT-0379,skip,40,2025-02-19T04:19:45
USR-0424,CNT-0321,skip,1072,2025-02-19T04:26:10
USR-0286,CNT-0252,complete,3360,2025-02-19T04:26:54
USR-0995,CNT-0228,view,6,2025-02-19T04:34:34
USR-0950,CNT-0442,view,137,2025-02-19T04:38:30
USR-0289,CNT-0126,view,307,2025-02-19T04:40:20
USR-0101,CNT-0073,like,4077,2025-02-19T04:40:20
USR-0387,CNT-0007,like,1985,2025-02-19T05:02:28
USR-0526,CNT-0364,view,901,2025-02-19T05:02:29
USR-0426,CNT-0090,complete,1212,2025-02-19T05:11:10
USR-0696,CNT-0409,like,919,2025-02-19T05:15:35
USR-0763,CNT-0137,view,40,2025-02-19T05:17:45
USR-0976,CNT-0212,view,3303,2025-02-19T05:27:41
USR-0813,CNT-0103,view,641,2025-02-19T05:32:09
USR-0469,CNT-0453,view,183,2025-02-19T05:33:54
USR-0737,CNT-0053,complete,99,2025-02-19T05:37:33
USR-0128,CNT-0152,like,121,2025-02-19T05:38:03
USR-0162,CNT-0286,click,1173,2025-02-19T05:41:38
USR-0468,CNT-0100,like,412,2025-02-19T05:54:04
USR-0007,CNT-0349,like,1805,2025-02-19T05:54:13
USR-0172,CNT-0315,view,2959,2025-02-19T05:58:18
USR-0605,CNT-0249,like,66,2025-02-19T05:59:41
USR-0572,CNT-0474,view,376,2025-02-19T06:04:20
USR-0797,CNT-0105,view,26,2025-02-19T06:07:31
USR-0303,CNT-0412,click,238,2025-02-19T06:08:28
USR-0676,CNT-0191,click,660,2025-02-19T06:19:42
USR-0583,CNT-0163,skip,832,2025-02-19T06:20:26
USR-0422,CNT-0332,view,548,2025-02-19T06:31:52
USR-0750,CNT-0032,view,321,2025-02-19T06:33:33
USR-0087,CNT-0134,click,558,2025-02-19T06:38:31
USR-0530,CNT-0114,click,469,2025-02-19T06:47:27
USR-0433,CNT-0010,view,624,2025-02-19T06:55:28
USR-0819,CNT-0351,complete,490,2025-02-19T06:58:35
USR-0194,CNT-0113,like,1525,2025-02-19T07:00:00
USR-0447,CNT-0439,view,76,2025-02-19T07:05:50
USR-0228,CNT-0009,skip,967,2025-02-19T07:08:55
USR-0417,CNT-0173,complete,537,2025-02-19T07:11:50
USR-0882,CNT-0190,click,253,2025-02-19T07:14:07
USR-0674,CNT-0011,like,1007,2025-02-19T07:24:07
USR-0006,CNT-0239,view,57,2025-02-19T07:37:56
USR-0931,CNT-0004,view,2509,2025-02-19T07:49:55
USR-0054,CNT-0210,complete,3062,2025-02-19T07:56:10
USR-0624,CNT-0075,like,434,2025-02-19T07:57:46
USR-0420,CNT-0422,like,6,2025-02-19T08:01:37
USR-0252,CNT-0084,view,42,2025-02-19T08:15:30
USR-0024,CNT-0115,complete,509,2025-02-19T08:17:52
USR-0301,CNT-0339,click,498,2025-02-19T08:18:09
USR-0695,CNT-0386,view,70,2025-02-19T08:19:15
USR-0561,CNT-0490,like,633,2025-02-19T08:56:17
USR-0715,CNT-0415,skip,1160,2025-02-19T09:03:03
USR-0736,CNT-0258,view,1891,2025-02-19T09:09:09
USR-0246,CNT-0372,like,504,2025-02-19T09:10:24
USR-0832,CNT-0015,complete,154,2025-02-19T09:23:29
USR-0794,CNT-0178,click,58,2025-02-19T09:23:55
USR-0577,CNT-0040,skip,4,2025-02-19T09:26:12
USR-0395,CNT-0278,skip,34,2025-02-19T09:28:03
USR-0575,CNT-0187,like,69,2025-02-19T09:30:35
USR-0955,CNT-0252,click,104,2025-02-19T09:31:40
USR-0863,CNT-0477,complete,4033,2025-02-19T09:31:51
USR-0811,CNT-0091,click,28,2025-02-19T09:43:59
USR-0167,CNT-0343,complete,996,2025-02-19T09:46:00
USR-0604,CNT-0220,skip,26,2025-02-19T09:56:11
USR-0247,CNT-0286,skip,435,2025-02-19T10:07:43
USR-0786,CNT-0478,complete,823,2025-02-19T10:10:44
USR-0931,CNT-0321,complete,4378,2025-02-19T10:12:22
USR-0920,CNT-0171,view,440,2025-02-19T10:13:57
USR-0832,CNT-0266,click,402,2025-02-19T10:15:32
USR-0358,CNT-0358,like,376,2025-02-19T10:24:08
USR-0066,CNT-0458,view,662,2025-02-19T10:36:01
USR-0978,CNT-0215,complete,357,2025-02-19T10:42:21
USR-0256,CNT-0438,like,406,2025-02-19T10:55:21
USR-0619,CNT-0473,like,1861,2025-02-19T11:01:22
USR-0028,CNT-0119,complete,2177,2025-02-19T11:03:39
USR-0488,CNT-0118,skip,475,2025-02-19T11:10:05
USR-0334,CNT-0486,view,137,2025-02-19T12:03:48
USR-0842,CNT-0205,like,1798,2025-02-19T12:12:36
USR-0280,CNT-0346,complete,4019,2025-02-19T12:14:20
USR-0352,CNT-0225,view,5671,2025-02-19T12:42:28
USR-0386,CNT-0307,skip,23,2025-02-19T13:00:16
USR-0788,CNT-0355,view,1077,2025-02-19T13:10:58
USR-0142,CNT-0271,skip,323,2025-02-19T13:29:35
USR-0964,CNT-0027,click,687,2025-02-19T13:32:37
USR-0412,CNT-0457,click,31,2025-02-19T13:40:34
USR-0141,CNT-0274,view,3769,2025-02-19T13:58:41
USR-0382,CNT-0436,view,476,2025-02-19T13:59:52
USR-0314,CNT-0242,click,95,2025-02-19T14:04:46
USR-0397,CNT-0437,complete,3913,2025-02-19T14:07:07
USR-0403,CNT-0168,view,337,2025-02-19T14:24:11
USR-0926,CNT-0492,skip,738,2025-02-19T14:24:58
USR-0996,CNT-0259,view,906,2025-02-19T14:29:38
USR-0041,CNT-0098,complete,5805,2025-02-19T14:30:08
USR-0585,CNT-0462,view,369,2025-02-19T14:32:56
USR-0143,CNT-0063,like,62,2025-02-19T14:42:41
USR-0603,CNT-0103,like,899,2025-02-19T14:48:07
USR-0255,CNT-0024,view,71,2025-02-19T14:49:04
USR-0453,CNT-0135,like,816,2025-02-19T14:58:41
USR-0978,CNT-0215,like,148,2025-02-19T15:06:34
USR-0206,CNT-0390,skip,483,2025-02-19T15:17:10
USR-0410,CNT-0015,complete,161,2025-02-19T15:30:20
USR-0488,CNT-0353,complete,6010,2025-02-19T15:40:55
USR-0371,CNT-0227,skip,6,2025-02-19T15:41:11
USR-0209,CNT-0095,like,567,2025-02-19T15:44:45
USR-0855,CNT-0216,view,1966,2025-02-19T15:44:50
USR-0903,CNT-0160,view,158,2025-02-19T15:54:55
USR-0845,CNT-0025,like,420,2025-02-19T15:58:48
USR-0645,CNT-0102,view,2361,2025-02-19T16:00:22
USR-0404,CNT-0095,view,619,2025-02-19T16:00:41
USR-0122,CNT-0042,complete,572,2025-02-19T16:07:04
USR-0049,CNT-0130,complete,45,2025-02-19T16:14:09
USR-0584,CNT-0141,skip,348,2025-02-19T16:26:39
USR-0153,CNT-0329,complete,2268,2025-02-19T16:26:46
USR-0870,CNT-0205,like,178,2025-02-19T16:33:04
USR-0130,CNT-0271,skip,72,2025-02-19T16:47:13
USR-0954,CNT-0160,view,132,2025-02-19T16:58:13
USR-0983,CNT-0238,complete,721,2025-02-19T17:07:51
USR-0033,CNT-0379,click,38,2025-02-19T17:11:51
USR-0660,CNT-0330,like,507,2025-02-19T17:15:25
USR-0670,CNT-0177,complete,4941,2025-02-19T17:15:29
USR-0532,CNT-0172,like,119,2025-02-19T17:39:25
USR-0661,CNT-0141,like,2202,2025-02-19T17:43:22
USR-0347,CNT-0009,skip,602,2025-02-19T18:12:31
USR-0093,CNT-0325,click,19,2025-02-19T18:13:44
USR-0417,CNT-0462,complete,1783,2025-02-19T18:20:53
USR-0918,CNT-0312,like,239,2025-02-19T18:24:27
USR-0500,CNT-0120,view,247,2025-02-19T18:25:39
USR-0445,CNT-0116,click,8,2025-02-19T18:27:27
USR-0992,CNT-0258,complete,3028,2025-02-19T18:28:35
USR-0409,CNT-0251,skip,34,2025-02-19T18:33:35
USR-0936,CNT-0051,complete,53,2025-02-19T18:33:48
USR-0831,CNT-0299,click,17,2025-02-19T18:47:53
USR-0927,CNT-0465,complete,963,2025-02-19T18:58:59
USR-0163,CNT-0108,view,193,2025-02-19T19:03:34
USR-0678,CNT-0228,click,748,2025-02-19T19:11:37
USR-0616,CNT-0487,click,153,2025-02-19T19:19:46
USR-0633,CNT-0220,click,119,2025-02-19T19:32:41
USR-0817,CNT-0025,view,1785,2025-02-19T19:40:10
USR-0845,CNT-0306,like,4,2025-02-19T19:41:44
USR-0970,CNT-0107,view,454,2025-02-19T19:55:42
USR-0009,CNT-0181,view,2230,2025-02-19T19:56:58
USR-0040,CNT-0288,view,925,2025-02-19T20:07:21
USR-0976,CNT-0292,view,41,2025-02-19T20:07:46
USR-0520,CNT-0070,view,227,2025-02-19T20:09:59
USR-0998,CNT-0029,skip,29,2025-02-19T20:14:28
USR-0107,CNT-0243,view,42,2025-02-19T20:15:30
USR-0583,CNT-0024,view,5,2025-02-19T20:20:33
USR-0219,CNT-0341,view,29,2025-02-19T20:22:12
USR-0669,CNT-0204,view,238,2025-02-19T20:39:10
USR-0177,CNT-0276,like,51,2025-02-19T20:46:06
USR-0725,CNT-0133,skip,42,2025-02-19T21:07:02
USR-0222,CNT-0112,like,390,2025-02-19T21:11:07
USR-0289,CNT-0344,complete,876,2025-02-19T21:13:42
USR-0122,CNT-0158,view,129,2025-02-19T21:15:10
USR-0297,CNT-0151,like,314,2025-02-19T21:23:44
USR-0450,CNT-0061,view,604,2025-02-19T21:33:01
USR-0728,CNT-0346,click,2460,2025-02-19T21:34:52
USR-0152,CNT-0387,click,280,2025-02-19T21:37:59
USR-0518,CNT-0339,view,363,2025-02-19T21:58:43
USR-0394,CNT-0227,like,91,2025-02-19T21:59:51
USR-0177,CNT-0377,complete,36,2025-02-19T22:05:05
USR-0252,CNT-0184,view,261,2025-02-19T22:15:51
USR-0855,CNT-0177,click,1755,2025-02-19T22:17:30
USR-0806,CNT-0316,complete,1075,2025-02-19T22:24:45
USR-0262,CNT-0204,view,1145,2025-02-19T22:46:44
USR-0434,CNT-0094,complete,980,2025-02-19T22:49:22
USR-0451,CNT-0055,view,196,2025-02-19T22:51:02
USR-0299,CNT-0407,view,8,2025-02-19T22:58:20
USR-0930,CNT-0158,complete,121,2025-02-19T23:05:05
USR-0110,CNT-0261,click,392,2025-02-19T23:05:38
USR-0127,CNT-0324,like,830,2025-02-19T23:11:40
USR-0357,CNT-0398,like,94,2025-02-19T23:15:56
USR-0037,CNT-0425,complete,567,2025-02-19T23:20:35
USR-0507,CNT-0443,view,2262,2025-02-19T23:21:02
USR-0895,CNT-0430,like,173,2025-02-19T23:36:29
USR-0350,CNT-0428,view,285,2025-02-19T23:41:31
USR-0679,CNT-0483,click,1540,2025-02-19T23:47:29
USR-0971,CNT-0479,like,202,2025-02-19T23:47:43
USR-0624,CNT-0006,complete,436,2025-02-19T23:48:08
USR-0463,CNT-0330,like,3892,2025-02-19T23:50:11
USR-0955,CNT-0189,skip,177,2025-02-19T23:52:35
USR-0157,CNT-0124,click,159,2025-02-19T23:56:16
USR-0746,CNT-0005,complete,1977,2025-02-20T00:00:07
USR-0521,CNT-0464,view,509,2025-02-20T00:03:49
USR-0204,CNT-0364,view,243,2025-02-20T00:07:11
USR-0024,CNT-0449,complete,3048,2025-02-20T00:09:12
USR-0196,CNT-0274,like,2248,2025-02-20T00:09:25
USR-0495,CNT-0403,skip,771,2025-02-20T00:26:16
USR-0903,CNT-0067,view,1645,2025-02-20T00:47:51
USR-0331,CNT-0237,view,705,2025-02-20T00:56:28
USR-0516,CNT-0430,view,87,2025-02-20T00:58:31
USR-0999,CNT-0342,view,1715,2025-02-20T01:03:02
USR-0218,CNT-0358,view,188,2025-02-20T01:10:55
USR-0822,CNT-0429,view,3247,2025-02-20T01:18:14
USR-0451,CNT-0378,view,1270,2025-02-20T01:20:34
USR-0436,CNT-0471,view,254,2025-02-20T01:28:11
USR-0805,CNT-0218,click,1045,2025-02-20T01:28:31
USR-0972,CNT-0230,skip,7,2025-02-20T01:34:57
USR-0269,CNT-0036,view,71,2025-02-20T01:35:42
USR-0641,CNT-0261,click,357,2025-02-20T01:36:29
USR-0665,CNT-0319,view,1781,2025-02-20T01:43:07
USR-0696,CNT-0423,view,1323,2025-02-20T01:57:20
USR-0233,CNT-0357,view,957,2025-02-20T01:57:36
USR-0719,CNT-0058,view,749,2025-02-20T02:16:00
USR-0650,CNT-0435,like,111,2025-02-20T02:33:19
USR-0246,CNT-0286,like,6,2025-02-20T02:44:06
USR-0941,CNT-0231,complete,3766,2025-02-20T02:47:14
USR-0070,CNT-0376,skip,3,2025-02-20T03:09:04
USR-0174,CNT-0455,like,46,2025-02-20T03:09:37
USR-0602,CNT-0079,skip,378,2025-02-20T03:10:41
USR-0044,CNT-0393,skip,127,2025-02-20T03:15:58
USR-0332,CNT-0234,view,863,2025-02-20T03:18:39
USR-0387,CNT-0256,view,335,2025-02-20T03:25:11
USR-0744,CNT-0278,click,234,2025-02-20T03:30:27
USR-0236,CNT-0399,click,2892,2025-02-20T03:32:31
USR-0517,CNT-0219,skip,40,2025-02-20T03:36:16
USR-0156,CNT-0040,view,6,2025-02-20T03:40:11
USR-0490,CNT-0306,like,28,2025-02-20T03:42:52
USR-0572,CNT-0049,view,223,2025-02-20T04:08:00
USR-0520,CNT-0218,skip,57,2025-02-20T04:18:41
USR-0676,CNT-0038,click,511,2025-02-20T04:25:52
USR-0195,CNT-0194,click,657,2025-02-20T04:49:54
USR-0267,CNT-0346,like,4308,2025-02-20T04:50:02
USR-0557,CNT-0091,click,9,2025-02-20T05:03:12
USR-0717,CNT-0019,complete,89,2025-02-20T05:06:50
USR-0965,CNT-0181,click,5771,2025-02-20T05:12:02
USR-0125,CNT-0337,click,370,2025-02-20T05:17:45
USR-0809,CNT-0033,click,63,2025-02-20T05:24:02
USR-0545,CNT-0279,click,577,2025-02-20T05:30:45
USR-0993,CNT-0105,view,8,2025-02-20T05:57:58
USR-0082,CNT-0025,view,19,2025-02-20T06:22:28
USR-0696,CNT-0075,like,356,2025-02-20T06:23:03
USR-0033,CNT-0091,complete,33,2025-02-20T06:23:10
USR-0785,CNT-0375,complete,404,2025-02-20T06:35:55
USR-0090,CNT-0181,complete,5619,2025-02-20T07:00:17
USR-0207,CNT-0300,view,0,2025-02-20T07:18:29
USR-0007,CNT-0344,complete,1019,2025-02-20T07:28:16
USR-0121,CNT-0089,view,19,2025-02-20T07:41:09
USR-0578,CNT-0096,view,473,2025-02-20T07:49:07
USR-0440,CNT-0082,like,477,2025-02-20T07:50:12
USR-0363,CNT-0076,like,206,2025-02-20T07:50:56
USR-0669,CNT-0068,view,536,2025-02-20T07:52:06
USR-0181,CNT-0039,skip,735,2025-02-20T08:01:44
USR-0408,CNT-0360,complete,739,2025-02-20T08:16:43
USR-0402,CNT-0420,view,2192,2025-02-20T08:55:17
USR-0744,CNT-0247,view,686,2025-02-20T08:57:49
USR-0051,CNT-0436,skip,3,2025-02-20T09:02:49
USR-0761,CNT-0208,skip,74,2025-02-20T09:16:56
USR-0421,CNT-0226,view,469,2025-02-20T09:19:43
USR-0617,CNT-0372,skip,176,2025-02-20T09:30:41
USR-0680,CNT-0041,skip,390,2025-02-20T09:31:39
USR-0511,CNT-0080,view,27,2025-02-20T09:35:53
USR-0187,CNT-0145,skip,208,2025-02-20T09:42:48
USR-0816,CNT-0360,skip,169,2025-02-20T09:42:59
USR-0906,CNT-0312,view,113,2025-02-20T09:45:29
USR-0540,CNT-0487,like,1800,2025-02-20T09:46:32
USR-0013,CNT-0181,skip,491,2025-02-20T10:02:32
USR-1000,CNT-0432,complete,3028,2025-02-20T10:06:26
USR-0439,CNT-0210,skip,47,2025-02-20T10:08:53
USR-0196,CNT-0262,view,13,2025-02-20T10:12:30
USR-0972,CNT-0057,click,1006,2025-02-20T10:12:38
USR-0827,CNT-0027,like,417,2025-02-20T10:14:03
USR-0145,CNT-0162,skip,47,2025-02-20T10:14:33
USR-0127,CNT-0009,view,4495,2025-02-20T10:17:00
USR-0154,CNT-0277,click,74,2025-02-20T10:18:45
USR-0649,CNT-0011,skip,119,2025-02-20T10:22:34
USR-0189,CNT-0293,complete,1974,2025-02-20T10:23:45
USR-0568,CNT-0436,view,999,2025-02-20T10:44:14
USR-0148,CNT-0304,complete,983,2025-02-20T10:44:31
USR-0557,CNT-0354,view,189,2025-02-20T10:53:41
USR-0328,CNT-0222,click,24,2025-02-20T10:58:20
USR-0630,CNT-0113,view,1842,2025-02-20T11:03:57
USR-0374,CNT-0393,complete,544,2025-02-20T11:06:30
USR-0600,CNT-0241,view,458,2025-02-20T11:09:23
USR-0985,CNT-0454,skip,20,2025-02-20T11:13:38
USR-0183,CNT-0435,complete,144,2025-02-20T11:13:48
USR-0759,CNT-0251,like,778,2025-02-20T11:14:44
USR-0456,CNT-0306,like,8,2025-02-20T11:15:45
USR-0690,CNT-0350,complete,354,2025-02-20T11:18:25
USR-0468,CNT-0088,skip,56,2025-02-20T11:45:24
USR-0217,CNT-0280,view,77,2025-02-20T11:51:37
USR-0788,CNT-0401,view,34,2025-02-20T12:03:38
USR-0244,CNT-0314,click,3972,2025-02-20T12:03:51
USR-0398,CNT-0291,skip,214,2025-02-20T12:04:20
USR-0870,CNT-0270,click,554,2025-02-20T12:33:54
USR-0867,CNT-0255,like,970,2025-02-20T12:41:09
USR-0374,CNT-0428,view,143,2025-02-20T12:41:36
USR-0343,CNT-0178,skip,32,2025-02-20T12:46:56
USR-0475,CNT-0046,complete,544,2025-02-20T12:53:09
USR-0510,CNT-0110,view,355,2025-02-20T12:58:58
USR-0315,CNT-0228,complete,1040,2025-02-20T13:01:14
USR-0771,CNT-0177,like,4926,2025-02-20T13:03:10
USR-0550,CNT-0266,skip,39,2025-02-20T13:12:01
USR-0518,CNT-0411,view,301,2025-02-20T13:13:55
USR-0541,CNT-0168,view,225,2025-02-20T13:40:36
USR-0935,CNT-0371,skip,13,2025-02-20T13:42:59
USR-0617,CNT-0129,like,628,2025-02-20T13:48:36
USR-0645,CNT-0385,complete,3925,2025-02-20T13:50:46
USR-0848,CNT-0370,complete,408,2025-02-20T14:00:55
USR-0670,CNT-0455,view,43,2025-02-20T14:08:13
USR-0562,CNT-0308,skip,156,2025-02-20T14:16:50
USR-0843,CNT-0120,click,10,2025-02-20T14:16:52
USR-0183,CNT-0344,click,801,2025-02-20T14:19:54
USR-0249,CNT-0488,view,2783,2025-02-20T14:36:02
USR-0917,CNT-0384,click,3276,2025-02-20T14:45:19
USR-0934,CNT-0124,view,22,2025-02-20T14:48:49
USR-0460,CNT-0178,view,308,2025-02-20T15:00:48
USR-0030,CNT-0404,view,33,2025-02-20T15:03:48
USR-0704,CNT-0362,view,1562,2025-02-20T15:07:03
USR-0114,CNT-0016,click,733,2025-02-20T15:39:17
USR-0714,CNT-0228,skip,87,2025-02-20T15:42:13
USR-0396,CNT-0362,skip,712,2025-02-20T15:49:47
USR-0233,CNT-0411,view,581,2025-02-20T16:07:19
USR-0322,CNT-0442,view,135,2025-02-20T16:09:38
USR-0924,CNT-0498,view,1427,2025-02-20T16:11:31
USR-0213,CNT-0134,view,529,2025-02-20T16:11:46
USR-0165,CNT-0362,click,1458,2025-02-20T16:13:22
USR-0719,CNT-0371,click,161,2025-02-20T16:17:37
USR-0525,CNT-0106,skip,204,2025-02-20T16:21:25
USR-0446,CNT-0007,view,2444,2025-02-20T16:33:56
USR-0256,CNT-0155,like,354,2025-02-20T17:03:01
USR-0916,CNT-0171,like,713,2025-02-20T17:03:33
USR-0742,CNT-0020,click,55,2025-02-20T17:09:06
USR-0650,CNT-0295,complete,77,2025-02-20T17:23:34
USR-0446,CNT-0497,skip,8,2025-02-20T17:28:00
USR-0618,CNT-0435,click,21,2025-02-20T17:30:59
USR-0360,CNT-0090,click,799,2025-02-20T17:40:39
USR-0484,CNT-0453,like,454,2025-02-20T17:42:51
USR-0596,CNT-0072,like,137,2025-02-20T17:51:18
USR-0141,CNT-0065,skip,14,2025-02-20T17:53:04
USR-0744,CNT-0018,click,82,2025-02-20T17:56:23
USR-0610,CNT-0250,click,53,2025-02-20T18:01:21
USR-0319,CNT-0388,like,4469,2025-02-20T18:01:41
USR-0538,CNT-0019,view,3,2025-02-20T18:03:54
USR-0066,CNT-0464,view,104,2025-02-20T18:10:01
USR-0990,CNT-0135,click,2691,2025-02-20T18:18:27
USR-0082,CNT-0487,view,2321,2025-02-20T18:33:32
USR-0202,CNT-0330,view,3168,2025-02-20T18:36:46
USR-0184,CNT-0454,click,345,2025-02-20T18:42:12
USR-0813,CNT-0258,click,794,2025-02-20T18:47:50
USR-0381,CNT-0046,complete,479,2025-02-20T19:00:29
USR-0421,CNT-0168,skip,54,2025-02-20T19:04:26
USR-0972,CNT-0495,like,23,2025-02-20T19:05:10
USR-0950,CNT-0345,click,153,2025-02-20T19:06:43
USR-0859,CNT-0493,like,141,2025-02-20T19:13:17
USR-0509,CNT-0402,view,1602,2025-02-20T19:32:26
USR-0256,CNT-0047,click,484,2025-02-20T19:37:24
USR-0170,CNT-0310,skip,570,2025-02-20T19:41:36
USR-0303,CNT-0383,skip,24,2025-02-20T19:50:54
USR-0493,CNT-0420,click,2591,2025-02-20T19:51:24
USR-0460,CNT-0478,skip,195,2025-02-20T19:52:53
USR-0723,CNT-0338,skip,36,2025-02-20T20:16:31
USR-0139,CNT-0138,complete,626,2025-02-20T20:20:09
USR-0613,CNT-0021,skip,217,2025-02-20T20:21:06
USR-0117,CNT-0377,like,5,2025-02-20T20:34:58
USR-0624,CNT-0345,view,122,2025-02-20T20:36:53
USR-0231,CNT-0178,view,482,2025-02-20T21:07:01
USR-0788,CNT-0496,click,105,2025-02-20T21:08:08
USR-0603,CNT-0340,view,274,2025-02-20T21:19:18
USR-0271,CNT-0442,view,229,2025-02-20T21:24:37
USR-0570,CNT-0492,like,3804,2025-02-20T21:27:11
USR-0478,CNT-0492,skip,942,2025-02-20T21:28:34
USR-0336,CNT-0004,view,2549,2025-02-20T21:34:11
USR-0738,CNT-0500,complete,4839,2025-02-20T21:53:25
USR-0650,CNT-0393,click,312,2025-02-20T21:54:06
USR-0767,CNT-0034,view,619,2025-02-20T22:01:18
USR-0422,CNT-0240,view,21,2025-02-20T22:05:47
USR-0765,CNT-0125,like,4569,2025-02-20T22:06:08
USR-0879,CNT-0199,like,110,2025-02-20T22:06:47
USR-0263,CNT-0313,complete,46,2025-02-20T22:33:16
USR-0657,CNT-0302,click,78,2025-02-20T22:44:56
USR-0693,CNT-0459,click,95,2025-02-20T22:52:01
USR-0336,CNT-0163,skip,609,2025-02-20T23:05:24
USR-0292,CNT-0153,skip,281,2025-02-20T23:13:56
USR-0882,CNT-0266,click,2892,2025-02-20T23:28:06
USR-0270,CNT-0286,click,420,2025-02-20T23:37:36
USR-0182,CNT-0303,view,492,2025-02-20T23:45:53
USR-0266,CNT-0448,click,39,2025-02-20T23:51:13
USR-0745,CNT-0494,like,397,2025-02-20T23:55:28
USR-0631,CNT-0345,view,81,2025-02-20T23:55:48
USR-0535,CNT-0313,like,49,2025-02-20T23:56:41
USR-0890,CNT-0123,complete,587,2025-02-20T23:58:12
USR-0054,CNT-0108,complete,232,2025-02-20T23:58:30
USR-0748,CNT-0374,click,0,2025-02-21T00:08:52
USR-0085,CNT-0148,like,142,2025-02-21T00:10:45
USR-0977,CNT-0125,complete,4233,2025-02-21T00:23:50
USR-0637,CNT-0046,like,387,2025-02-21T00:26:13
USR-0232,CNT-0438,view,205,2025-02-21T00:38:22
USR-0570,CNT-0370,view,415,2025-02-21T00:45:31
USR-0099,CNT-0476,like,57,2025-02-21T00:51:53
USR-0994,CNT-0355,like,1384,2025-02-21T00:57:58
USR-0712,CNT-0114,view,140,2025-02-21T01:03:48
USR-0246,CNT-0244,click,64,2025-02-21T01:14:23
USR-0585,CNT-0303,click,501,2025-02-21T01:15:09
USR-0378,CNT-0143,complete,4328,2025-02-21T01:16:02
USR-0637,CNT-0035,view,97,2025-02-21T01:17:49
USR-0066,CNT-0420,like,2022,2025-02-21T01:20:04
USR-0721,CNT-0126,view,322,2025-02-21T01:23:44
USR-0917,CNT-0272,click,558,2025-02-21T01:32:03
USR-0394,CNT-0082,like,587,2025-02-21T01:33:08
USR-0810,CNT-0268,skip,956,2025-02-21T01:33:33
USR-0680,CNT-0291,click,4,2025-02-21T01:42:17
USR-0009,CNT-0393,click,20,2025-02-21T01:57:44
USR-0550,CNT-0229,like,330,2025-02-21T02:06:12
USR-0245,CNT-0385,view,2265,2025-02-21T02:09:43
USR-0277,CNT-0469,view,772,2025-02-21T02:22:29
USR-0696,CNT-0327,view,289,2025-02-21T02:32:40
USR-0065,CNT-0450,view,1560,2025-02-21T02:33:20
USR-0369,CNT-0405,like,2,2025-02-21T02:35:20
USR-0634,CNT-0094,complete,939,2025-02-21T02:46:20
USR-0523,CNT-0439,like,220,2025-02-21T02:48:59
USR-0907,CNT-0128,click,340,2025-02-21T02:49:55
USR-0829,CNT-0043,click,2841,2025-02-21T02:58:19
USR-0103,CNT-0164,complete,3527,2025-02-21T02:59:24
USR-0592,CNT-0421,skip,490,2025-02-21T03:09:33
USR-0065,CNT-0190,click,2053,2025-02-21T03:15:33
USR-0113,CNT-0403,complete,3892,2025-02-21T03:24:25
USR-0766,CNT-0186,view,3137,2025-02-21T03:44:16
USR-0624,CNT-0305,click,266,2025-02-21T03:50:44
USR-0842,CNT-0113,view,1727,2025-02-21T03:52:22
USR-0499,CNT-0022,view,618,2025-02-21T04:07:17
USR-0138,CNT-0069,complete,4397,2025-02-21T04:07:18
USR-0055,CNT-0375,click,428,2025-02-21T04:30:36
USR-0724,CNT-0210,click,630,2025-02-21T04:52:57
USR-0667,CNT-0454,complete,535,2025-02-21T05:33:39
USR-0228,CNT-0347,view,1321,2025-02-21T05:38:21
USR-0713,CNT-0356,like,123,2025-02-21T05:41:05
USR-0048,CNT-0405,like,3,2025-02-21T05:41:58
USR-0703,CNT-0106,view,1002,2025-02-21T05:55:12
USR-0902,CNT-0101,skip,57,2025-02-21T05:55:41
USR-0916,CNT-0164,complete,3672,2025-02-21T06:08:06
USR-0842,CNT-0091,click,38,2025-02-21T06:11:16
USR-0143,CNT-0448,view,48,2025-02-21T06:20:12
USR-0253,CNT-0335,click,2835,2025-02-21T06:33:08
USR-0883,CNT-0330,view,3875,2025-02-21T06:34:25
USR-0833,CNT-0488,complete,3181,2025-02-21T06:38:58
USR-0560,CNT-0428,click,328,2025-02-21T06:41:21
USR-0467,CNT-0455,click,6,2025-02-21T07:00:29
USR-0237,CNT-0282,view,875,2025-02-21T07:04:39
USR-0406,CNT-0409,skip,851,2025-02-21T07:15:18
USR-0890,CNT-0055,like,128,2025-02-21T07:30:28
USR-0832,CNT-0100,click,187,2025-02-21T07:36:09
USR-0528,CNT-0446,click,158,2025-02-21T07:37:30
USR-0973,CNT-0110,skip,211,2025-02-21T07:41:58
USR-0314,CNT-0226,skip,26,2025-02-21T07:47:28
USR-0098,CNT-0219,click,118,2025-02-21T07:54:19
USR-0779,CNT-0283,view,175,2025-02-21T07:58:50
USR-0218,CNT-0494,view,254,2025-02-21T08:13:14
USR-0366,CNT-0391,view,223,2025-02-21T08:28:59
USR-0081,CNT-0354,click,342,2025-02-21T08:39:50
USR-0084,CNT-0246,complete,773,2025-02-21T08:56:27
USR-0241,CNT-0287,view,6,2025-02-21T08:58:43
USR-0517,CNT-0406,view,177,2025-02-21T08:59:16
USR-0795,CNT-0174,click,39,2025-02-21T09:09:12
USR-0503,CNT-0187,view,126,2025-02-21T09:10:16
USR-0955,CNT-0109,view,268,2025-02-21T09:11:03
USR-0641,CNT-0101,skip,61,2025-02-21T09:15:01
USR-0148,CNT-0415,complete,4652,2025-02-21T09:19:13
USR-0171,CNT-0170,complete,98,2025-02-21T09:36:30
USR-0604,CNT-0053,complete,108,2025-02-21T09:36:53
USR-0962,CNT-0328,click,16,2025-02-21T09:37:36
USR-0215,CNT-0449,view,2506,2025-02-21T09:57:40
USR-0065,CNT-0210,click,2738,2025-02-21T10:04:21
USR-0704,CNT-0466,view,106,2025-02-21T10:07:44
USR-0588,CNT-0132,like,75,2025-02-21T10:12:47
USR-0020,CNT-0438,like,125,2025-02-21T10:13:21
USR-0270,CNT-0241,view,2682,2025-02-21T10:26:53
USR-0123,CNT-0386,view,65,2025-02-21T10:27:29
USR-0875,CNT-0434,complete,32,2025-02-21T10:28:09
USR-0917,CNT-0389,skip,26,2025-02-21T10:43:00
USR-0350,CNT-0039,skip,281,2025-02-21T11:04:17
USR-0101,CNT-0252,view,934,2025-02-21T11:10:02
USR-0316,CNT-0421,like,3164,2025-02-21T11:14:58
USR-0135,CNT-0135,like,465,2025-02-21T11:21:55
USR-0429,CNT-0003,view,962,2025-02-21T11:27:11
USR-0349,CNT-0460,skip,368,2025-02-21T11:32:18
USR-0324,CNT-0218,view,394,2025-02-21T11:47:30
USR-0912,CNT-0330,complete,3680,2025-02-21T12:01:48
USR-0067,CNT-0002,complete,113,2025-02-21T12:02:32
USR-0420,CNT-0140,skip,660,2025-02-21T12:09:01
USR-0977,CNT-0362,view,2748,2025-02-21T12:11:59
USR-0674,CNT-0029,click,167,2025-02-21T12:21:19
USR-0235,CNT-0432,like,2277,2025-02-21T12:22:13
USR-0399,CNT-0001,click,182,2025-02-21T12:24:13
USR-0784,CNT-0088,click,136,2025-02-21T12:27:34
USR-0991,CNT-0028,complete,2600,2025-02-21T12:35:22
USR-0927,CNT-0308,click,8,2025-02-21T12:43:13
USR-0015,CNT-0224,click,1027,2025-02-21T12:44:47
USR-0521,CNT-0173,click,450,2025-02-21T12:44:54
USR-0017,CNT-0447,click,1630,2025-02-21T12:49:41
USR-0720,CNT-0231,view,2312,2025-02-21T12:51:25
USR-0628,CNT-0007,view,2687,2025-02-21T12:54:58
USR-0547,CNT-0333,skip,31,2025-02-21T12:55:26
USR-0916,CNT-0003,skip,224,2025-02-21T12:56:34
USR-0825,CNT-0071,click,62,2025-02-21T12:57:14
USR-0775,CNT-0064,complete,3724,2025-02-21T13:05:42
USR-0882,CNT-0333,click,85,2025-02-21T13:08:02
USR-0928,CNT-0175,skip,805,2025-02-21T13:09:20
USR-0225,CNT-0433,like,306,2025-02-21T13:10:18
USR-0460,CNT-0220,like,3,2025-02-21T13:11:48
USR-0658,CNT-0165,complete,3631,2025-02-21T13:15:39
USR-0232,CNT-0476,view,0,2025-02-21T13:16:05
USR-0336,CNT-0355,click,1444,2025-02-21T13:26:34
USR-0805,CNT-0211,complete,160,2025-02-21T13:27:55
USR-0305,CNT-0118,like,2082,2025-02-21T13:42:04
USR-0505,CNT-0375,like,41,2025-02-21T13:46:38
USR-0001,CNT-0379,like,231,2025-02-21T13:54:56
USR-0602,CNT-0417,skip,58,2025-02-21T13:55:16
USR-0215,CNT-0124,click,47,2025-02-21T13:57:06
USR-0582,CNT-0481,complete,3960,2025-02-21T14:23:30
USR-0777,CNT-0315,like,4715,2025-02-21T14:31:28
USR-0735,CNT-0265,complete,248,2025-02-21T14:34:32
USR-0638,CNT-0483,view,1632,2025-02-21T14:43:25
USR-0514,CNT-0330,click,384,2025-02-21T14:49:34
USR-0434,CNT-0295,click,5,2025-02-21T14:53:40
USR-0186,CNT-0185,skip,201,2025-02-21T14:54:33
USR-0685,CNT-0016,click,513,2025-02-21T15:07:49
USR-0868,CNT-0071,view,26,2025-02-21T15:23:00
USR-0992,CNT-0256,view,235,2025-02-21T15:52:22
USR-0122,CNT-0163,like,546,2025-02-21T16:09:16
USR-0810,CNT-0013,view,197,2025-02-21T16:16:10
USR-0967,CNT-0338,complete,223,2025-02-21T16:20:20
USR-0071,CNT-0167,view,541,2025-02-21T16:28:08
USR-0266,CNT-0425,like,334,2025-02-21T16:29:55
USR-0172,CNT-0324,view,942,2025-02-21T16:30:38
USR-0482,CNT-0157,complete,437,2025-02-21T16:38:10
USR-0209,CNT-0364,click,49,2025-02-21T16:50:43
USR-0779,CNT-0148,click,475,2025-02-21T16:52:20
USR-0389,CNT-0199,complete,107,2025-02-21T16:58:58
USR-0986,CNT-0017,view,189,2025-02-21T17:09:17
USR-0317,CNT-0223,view,2352,2025-02-21T17:18:28
USR-0730,CNT-0113,like,308,2025-02-21T17:27:15
USR-0255,CNT-0329,complete,2040,2025-02-21T17:30:07
USR-0720,CNT-0418,view,1755,2025-02-21T17:39:05
USR-0734,CNT-0378,skip,100,2025-02-21T17:40:33
USR-0886,CNT-0473,complete,1884,2025-02-21T17:44:36
USR-0430,CNT-0254,view,627,2025-02-21T18:06:11
USR-0677,CNT-0135,like,3406,2025-02-21T18:07:41
USR-0790,CNT-0265,click,26,2025-02-21T18:18:54
USR-0795,CNT-0236,skip,8,2025-02-21T18:28:38
USR-0992,CNT-0061,click,416,2025-02-21T18:41:19
USR-0106,CNT-0134,skip,138,2025-02-21T18:49:36
USR-0419,CNT-0128,like,251,2025-02-21T19:04:30
USR-0789,CNT-0284,click,1393,2025-02-21T19:04:43
USR-0818,CNT-0015,skip,30,2025-02-21T19:26:57
USR-0820,CNT-0263,skip,18,2025-02-21T19:38:49
USR-0155,CNT-0054,click,40,2025-02-21T19:50:46
USR-0090,CNT-0365,view,27,2025-02-21T19:52:48
USR-0822,CNT-0357,click,1178,2025-02-21T19:53:23
USR-0133,CNT-0484,click,98,2025-02-21T19:55:06
USR-0920,CNT-0097,click,2101,2025-02-21T19:56:00
USR-0889,CNT-0123,like,451,2025-02-21T19:59:04
USR-0401,CNT-0187,skip,25,2025-02-21T19:59:57
USR-0505,CNT-0479,view,903,2025-02-21T20:09:46
USR-0792,CNT-0057,skip,91,2025-02-21T20:12:05
USR-0010,CNT-0086,click,4235,2025-02-21T20:16:10
USR-0189,CNT-0242,view,38,2025-02-21T20:19:00
USR-0387,CNT-0106,view,353,2025-02-21T20:31:24
USR-0301,CNT-0187,view,27,2025-02-21T20:33:57
USR-0587,CNT-0143,view,746,2025-02-21T20:39:22
USR-0658,CNT-0018,view,98,2025-02-21T20:40:04
USR-0402,CNT-0294,view,51,2025-02-21T20:40:46
USR-0948,CNT-0316,skip,134,2025-02-21T20:46:20
USR-0861,CNT-0014,complete,4708,2025-02-21T20:56:48
USR-0726,CNT-0050,complete,615,2025-02-21T21:03:32
USR-0335,CNT-0350,complete,348,2025-02-21T21:09:41
USR-0696,CNT-0329,view,1988,2025-02-21T21:11:11
USR-0801,CNT-0417,skip,118,2025-02-21T21:24:51
USR-0019,CNT-0302,view,15,2025-02-21T21:50:01
USR-0793,CNT-0142,view,2864,2025-02-21T21:56:44
USR-0975,CNT-0084,click,124,2025-02-21T22:01:32
USR-0572,CNT-0478,view,419,2025-02-21T22:04:35
USR-0600,CNT-0166,click,213,2025-02-21T22:16:28
USR-0926,CNT-0018,like,47,2025-02-21T22:30:07
USR-0421,CNT-0439,view,844,2025-02-21T22:35:43
USR-0032,CNT-0323,complete,5101,2025-02-21T22:36:44
USR-0894,CNT-0397,click,474,2025-02-21T22:49:30
USR-0811,CNT-0445,view,294,2025-02-21T22:58:54
USR-0824,CNT-0262,complete,2922,2025-02-21T23:02:18
USR-0847,CNT-0198,view,1297,2025-02-21T23:22:28
USR-0980,CNT-0085,complete,4640,2025-02-21T23:22:41
USR-0628,CNT-0102,complete,2386,2025-02-21T23:30:31
USR-0088,CNT-0289,view,32,2025-02-21T23:31:38
USR-0246,CNT-0312,view,99,2025-02-21T23:36:45
USR-0394,CNT-0124,like,61,2025-02-21T23:44:40
USR-0355,CNT-0497,skip,13,2025-02-21T23:48:13
USR-0613,CNT-0427,view,495,2025-02-21T23:52:20
USR-0591,CNT-0360,view,604,2025-02-22T00:02:43
USR-0588,CNT-0097,view,3921,2025-02-22T00:03:09
USR-0514,CNT-0073,view,72,2025-02-22T00:19:28
USR-0988,CNT-0157,view,75,2025-02-22T00:19:30
USR-0854,CNT-0306,skip,6,2025-02-22T00:22:40
USR-0813,CNT-0148,view,410,2025-02-22T00:23:51
USR-0539,CNT-0417,click,86,2025-02-22T00:28:02
USR-0370,CNT-0134,click,376,2025-02-22T00:37:44
USR-0374,CNT-0446,click,654,2025-02-22T00:49:22
USR-0760,CNT-0254,view,1589,2025-02-22T00:57:20
USR-0316,CNT-0217,view,170,2025-02-22T01:00:03
USR-0521,CNT-0163,click,5634,2025-02-22T01:03:55
USR-0405,CNT-0032,complete,472,2025-02-22T01:06:01
USR-0764,CNT-0443,view,4257,2025-02-22T01:12:54
USR-0563,CNT-0245,like,136,2025-02-22T01:27:56
USR-0921,CNT-0417,click,155,2025-02-22T01:30:23
USR-0584,CNT-0365,view,513,2025-02-22T01:32:27
USR-0391,CNT-0192,click,35,2025-02-22T01:40:34
USR-0864,CNT-0066,click,438,2025-02-22T01:44:14
USR-0122,CNT-0226,like,569,2025-02-22T01:47:16
USR-0996,CNT-0403,click,666,2025-02-22T01:50:19
USR-0420,CNT-0075,view,208,2025-02-22T01:53:20
USR-0638,CNT-0410,complete,64,2025-02-22T01:56:03
USR-0821,CNT-0475,click,83,2025-02-22T02:03:50
USR-0707,CNT-0227,click,17,2025-02-22T02:03:52
USR-0908,CNT-0084,complete,142,2025-02-22T02:11:07
USR-0709,CNT-0016,view,182,2025-02-22T02:29:13
USR-0541,CNT-0274,click,3438,2025-02-22T02:55:43
USR-0561,CNT-0052,click,222,2025-02-22T03:05:10
USR-0596,CNT-0023,like,350,2025-02-22T03:08:15
USR-0703,CNT-0282,view,912,2025-02-22T03:31:52
USR-0733,CNT-0250,like,128,2025-02-22T03:41:27
USR-0921,CNT-0194,view,470,2025-02-22T03:51:26
USR-0970,CNT-0411,like,772,2025-02-22T03:55:27
USR-0323,CNT-0207,view,403,2025-02-22T04:07:50
USR-0749,CNT-0480,view,16,2025-02-22T04:12:23
USR-0776,CNT-0325,skip,72,2025-02-22T04:16:18
USR-0795,CNT-0089,view,2,2025-02-22T04:18:38
USR-0107,CNT-0053,like,71,2025-02-22T04:19:08
USR-0735,CNT-0426,complete,1999,2025-02-22T04:25:48
USR-0530,CNT-0114,view,343,2025-02-22T04:27:27
USR-0467,CNT-0317,click,533,2025-02-22T04:38:27
USR-0006,CNT-0368,complete,181,2025-02-22T04:39:27
USR-0504,CNT-0162,complete,253,2025-02-22T04:39:55
USR-0877,CNT-0346,skip,673,2025-02-22T04:47:10
USR-0044,CNT-0279,complete,3398,2025-02-22T04:48:17
USR-0049,CNT-0485,view,45,2025-02-22T05:04:48
USR-0872,CNT-0236,complete,32,2025-02-22T05:06:06
USR-0382,CNT-0369,click,1985,2025-02-22T05:13:36
USR-0909,CNT-0230,view,25,2025-02-22T05:16:01
USR-0341,CNT-0185,like,684,2025-02-22T05:19:11
USR-0173,CNT-0018,complete,101,2025-02-22T05:26:05
USR-0751,CNT-0301,click,435,2025-02-22T05:28:14
USR-0852,CNT-0245,click,25,2025-02-22T05:30:26
USR-0459,CNT-0316,like,921,2025-02-22T05:34:21
USR-0268,CNT-0193,complete,4164,2025-02-22T05:35:42
USR-0472,CNT-0185,like,220,2025-02-22T05:43:00
USR-0512,CNT-0435,view,157,2025-02-22T06:10:40
USR-0052,CNT-0354,like,447,2025-02-22T06:14:59
USR-0501,CNT-0034,view,546,2025-02-22T06:24:06
USR-0014,CNT-0077,view,449,2025-02-22T06:25:49
USR-0920,CNT-0345,view,0,2025-02-22T06:34:00
USR-0959,CNT-0406,view,171,2025-02-22T06:35:29
USR-0220,CNT-0019,view,43,2025-02-22T06:41:56
USR-0058,CNT-0473,complete,1842,2025-02-22T06:50:07
USR-0771,CNT-0325,click,142,2025-02-22T07:09:50
USR-0910,CNT-0264,like,976,2025-02-22T07:40:02
USR-0502,CNT-0074,view,142,2025-02-22T07:43:06
USR-0735,CNT-0278,view,5,2025-02-22T07:44:57
USR-0058,CNT-0491,skip,246,2025-02-22T07:46:05
USR-0508,CNT-0126,complete,566,2025-02-22T07:48:17
USR-0995,CNT-0347,view,1675,2025-02-22T07:52:27
USR-0516,CNT-0500,like,3424,2025-02-22T07:53:06
USR-0696,CNT-0442,click,171,2025-02-22T08:08:04
USR-0198,CNT-0123,complete,597,2025-02-22T08:23:41
USR-0751,CNT-0245,click,8,2025-02-22T08:25:21
USR-0635,CNT-0363,click,383,2025-02-22T08:34:24
USR-0168,CNT-0285,view,524,2025-02-22T08:45:29
USR-0654,CNT-0433,click,169,2025-02-22T08:46:55
USR-0290,CNT-0374,click,109,2025-02-22T08:49:35
USR-0149,CNT-0427,complete,491,2025-02-22T08:56:19
USR-0217,CNT-0156,view,1778,2025-02-22T08:58:45
USR-0358,CNT-0289,skip,4,2025-02-22T09:00:10
USR-0943,CNT-0490,view,1697,2025-02-22T09:22:31
USR-0325,CNT-0198,click,1984,2025-02-22T09:47:53
USR-0910,CNT-0393,like,83,2025-02-22T09:53:56
USR-0584,CNT-0228,skip,15,2025-02-22T10:09:24
USR-0945,CNT-0115,like,134,2025-02-22T10:09:51
USR-0971,CNT-0176,like,4786,2025-02-22T10:24:26
USR-0799,CNT-0244,view,752,2025-02-22T10:26:42
USR-0211,CNT-0138,complete,611,2025-02-22T10:29:26
USR-0809,CNT-0476,view,7,2025-02-22T10:41:09
USR-0183,CNT-0257,complete,354,2025-02-22T10:42:10
USR-0184,CNT-0411,complete,965,2025-02-22T10:46:31
USR-0204,CNT-0041,click,1133,2025-02-22T10:57:38
USR-0566,CNT-0342,like,1278,2025-02-22T10:58:40
USR-0277,CNT-0359,like,252,2025-02-22T11:01:07
USR-0489,CNT-0479,click,394,2025-02-22T11:06:55
USR-0085,CNT-0042,skip,38,2025-02-22T11:09:15
USR-0916,CNT-0154,view,77,2025-02-22T11:09:31
USR-0430,CNT-0147,click,360,2025-02-22T11:12:34
USR-0017,CNT-0350,complete,330,2025-02-22T11:19:10
USR-0208,CNT-0326,complete,1169,2025-02-22T11:24:35
USR-0945,CNT-0426,view,1760,2025-02-22T11:26:20
USR-0812,CNT-0010,skip,770,2025-02-22T11:44:14
USR-0403,CNT-0094,click,294,2025-02-22T11:45:51
USR-0045,CNT-0402,view,1069,2025-02-22T12:00:10
USR-0931,CNT-0471,complete,2664,2025-02-22T12:27:27
USR-0754,CNT-0261,view,590,2025-02-22T12:29:17
USR-0476,CNT-0203,complete,34,2025-02-22T12:31:19
USR-0273,CNT-0270,complete,797,2025-02-22T12:33:06
USR-0278,CNT-0490,skip,340,2025-02-22T12:34:10
USR-0139,CNT-0495,complete,711,2025-02-22T12:34:18
USR-0848,CNT-0424,click,74,2025-02-22T12:36:32
USR-0953,CNT-0242,view,501,2025-02-22T12:45:03
USR-0816,CNT-0410,complete,70,2025-02-22T12:53:24
USR-0682,CNT-0199,skip,4,2025-02-22T12:57:13
USR-0718,CNT-0389,view,87,2025-02-22T13:06:36
USR-0483,CNT-0105,click,29,2025-02-22T13:08:15
USR-0466,CNT-0001,like,146,2025-02-22T13:09:58
USR-0028,CNT-0499,skip,32,2025-02-22T13:15:49
USR-0284,CNT-0151,skip,772,2025-02-22T13:20:06
USR-0505,CNT-0342,click,1145,2025-02-22T13:26:08
USR-0842,CNT-0271,complete,1877,2025-02-22T13:26:51
USR-0268,CNT-0364,view,897,2025-02-22T13:27:56
USR-0335,CNT-0361,complete,4393,2025-02-22T13:38:05
USR-0265,CNT-0112,view,229,2025-02-22T13:39:50
USR-0442,CNT-0272,like,32,2025-02-22T13:54:03
USR-0767,CNT-0244,click,437,2025-02-22T13:58:10
USR-0544,CNT-0066,view,269,2025-02-22T14:02:00
USR-0731,CNT-0418,click,1263,2025-02-22T14:09:48
USR-0587,CNT-0212,skip,355,2025-02-22T14:13:24
USR-0331,CNT-0285,view,212,2025-02-22T14:15:31
USR-0729,CNT-0359,view,434,2025-02-22T14:15:38
USR-0233,CNT-0184,skip,0,2025-02-22T14:21:14
USR-0493,CNT-0034,complete,584,2025-02-22T14:22:21
USR-0516,CNT-0246,like,603,2025-02-22T14:23:16
USR-0127,CNT-0328,view,79,2025-02-22T14:33:55
USR-0699,CNT-0152,click,155,2025-02-22T14:37:11
USR-0973,CNT-0338,view,157,2025-02-22T14:41:21
USR-0039,CNT-0431,like,605,2025-02-22T14:48:12
USR-0084,CNT-0144,click,1110,2025-02-22T14:49:12
USR-0019,CNT-0456,complete,641,2025-02-22T15:01:44
USR-0412,CNT-0020,skip,4,2025-02-22T15:07:19
USR-0070,CNT-0364,click,478,2025-02-22T15:16:37
USR-0439,CNT-0155,view,365,2025-02-22T15:18:27
USR-0012,CNT-0419,view,2098,2025-02-22T15:19:38
USR-0960,CNT-0426,complete,2068,2025-02-22T15:25:32
USR-0615,CNT-0012,complete,176,2025-02-22T15:48:50
USR-0650,CNT-0170,skip,7,2025-02-22T15:54:14
USR-0301,CNT-0333,click,66,2025-02-22T15:58:20
USR-0567,CNT-0322,view,139,2025-02-22T15:58:32
USR-0088,CNT-0491,view,1398,2025-02-22T16:04:57
USR-0708,CNT-0323,view,1551,2025-02-22T16:25:51
USR-0170,CNT-0382,view,2030,2025-02-22T16:29:30
USR-0029,CNT-0078,complete,384,2025-02-22T16:36:33
USR-0792,CNT-0190,click,1737,2025-02-22T16:41:22
USR-0436,CNT-0179,view,1,2025-02-22T16:41:44
USR-0439,CNT-0184,click,83,2025-02-22T16:43:45
USR-0970,CNT-0039,complete,3556,2025-02-22T16:47:07
USR-0861,CNT-0006,skip,21,2025-02-22T16:49:20
USR-0033,CNT-0087,skip,126,2025-02-22T16:53:44
USR-0425,CNT-0457,complete,324,2025-02-22T16:54:57
USR-0552,CNT-0109,view,17,2025-02-22T17:06:15
USR-0198,CNT-0346,skip,529,2025-02-22T17:06:37
USR-0472,CNT-0241,view,1149,2025-02-22T17:11:55
USR-0871,CNT-0068,view,29,2025-02-22T17:22:33
USR-0676,CNT-0481,view,2237,2025-02-22T17:28:10
USR-0800,CNT-0167,like,408,2025-02-22T17:29:14
USR-0780,CNT-0478,complete,676,2025-02-22T17:41:06
USR-0224,CNT-0080,like,11,2025-02-22T17:41:56
USR-0622,CNT-0224,like,2415,2025-02-22T17:44:51
USR-0249,CNT-0289,click,39,2025-02-22T17:54:35
USR-0131,CNT-0445,complete,352,2025-02-22T17:58:57
USR-0108,CNT-0393,view,508,2025-02-22T18:01:54
USR-0581,CNT-0240,like,48,2025-02-22T18:20:05
USR-0272,CNT-0141,skip,164,2025-02-22T18:23:02
USR-0644,CNT-0190,view,922,2025-02-22T18:40:54
USR-0247,CNT-0461,click,2485,2025-02-22T18:50:38
USR-0139,CNT-0033,click,104,2025-02-22T18:54:57
USR-0376,CNT-0074,skip,1,2025-02-22T18:55:53
USR-0792,CNT-0347,like,1842,2025-02-22T19:41:10
USR-0114,CNT-0451,skip,74,2025-02-22T20:02:06
USR-0268,CNT-0379,skip,79,2025-02-22T20:13:24
USR-0527,CNT-0391,like,209,2025-02-22T20:22:55
USR-0869,CNT-0033,skip,18,2025-02-22T20:27:28
USR-0794,CNT-0323,view,2496,2025-02-22T20:28:52
USR-0180,CNT-0097,click,2961,2025-02-22T20:29:07
USR-0373,CNT-0254,click,801,2025-02-22T20:42:30
USR-0570,CNT-0276,click,55,2025-02-22T20:43:13
USR-0997,CNT-0265,view,111,2025-02-22T20:45:14
USR-0171,CNT-0152,view,105,2025-02-22T20:48:05
USR-0506,CNT-0466,view,213,2025-02-22T20:49:00
USR-0752,CNT-0151,skip,96,2025-02-22T20:52:36
USR-0091,CNT-0285,click,483,2025-02-22T20:59:18
USR-0814,CNT-0172,view,88,2025-02-22T21:01:51
USR-0749,CNT-0339,like,41,2025-02-22T21:04:04
USR-0924,CNT-0492,view,1232,2025-02-22T21:23:18
USR-0734,CNT-0221,click,148,2025-02-22T21:24:09
USR-0809,CNT-0052,view,20,2025-02-22T21:28:11
USR-0306,CNT-0101,view,108,2025-02-22T21:31:30
USR-0143,CNT-0197,complete,2240,2025-02-22T21:35:19
USR-0727,CNT-0409,skip,910,2025-02-22T21:42:08
USR-0269,CNT-0329,like,318,2025-02-22T22:05:36
USR-0684,CNT-0055,skip,4,2025-02-22T22:06:44
USR-0001,CNT-0355,view,1241,2025-02-22T22:10:18
USR-0468,CNT-0464,view,162,2025-02-22T22:15:02
USR-0790,CNT-0354,click,45,2025-02-22T22:35:56
USR-0095,CNT-0185,click,193,2025-02-22T22:39:05
USR-0410,CNT-0045,skip,20,2025-02-22T22:44:32
USR-0357,CNT-0209,click,38,2025-02-22T22:56:58
USR-0691,CNT-0119,click,828,2025-02-22T22:59:40
USR-0123,CNT-0339,view,404,2025-02-22T23:02:22
USR-0429,CNT-0337,complete,659,2025-02-22T23:08:15
USR-0161,CNT-0239,view,657,2025-02-22T23:17:18
USR-0893,CNT-0003,skip,1000,2025-02-22T23:18:50
USR-0694,CNT-0276,complete,161,2025-02-22T23:20:20
USR-0548,CNT-0245,view,57,2025-02-22T23:23:46
USR-0423,CNT-0417,view,45,2025-02-22T23:26:02
USR-0929,CNT-0089,view,53,2025-02-22T23:34:28
USR-0761,CNT-0152,view,130,2025-02-22T23:37:15
USR-0008,CNT-0212,view,130,2025-02-22T23:40:01
USR-0461,CNT-0008,view,1647,2025-02-22T23:55:43
USR-0463,CNT-0497,click,33,2025-02-22T23:59:28
USR-0388,CNT-0360,like,553,2025-02-23T00:13:48
USR-0761,CNT-0050,click,191,2025-02-23T00:14:52
USR-0929,CNT-0362,view,436,2025-02-23T00:21:43
USR-0851,CNT-0433,complete,328,2025-02-23T00:41:47
USR-0772,CNT-0400,click,93,2025-02-23T00:42:27
USR-0751,CNT-0059,view,709,2025-02-23T00:58:44
USR-0972,CNT-0165,skip,538,2025-02-23T01:02:35
USR-0394,CNT-0392,skip,226,2025-02-23T01:07:24
USR-0191,CNT-0469,like,293,2025-02-23T01:08:50
USR-0185,CNT-0391,complete,232,2025-02-23T01:13:15
USR-0456,CNT-0144,complete,1970,2025-02-23T01:26:10
USR-0874,CNT-0322,complete,432,2025-02-23T01:27:04
USR-0022,CNT-0185,view,537,2025-02-23T01:33:17
USR-0885,CNT-0147,click,2184,2025-02-23T01:36:17
USR-0265,CNT-0493,complete,129,2025-02-23T01:37:40
USR-0951,CNT-0337,view,72,2025-02-23T01:42:45
USR-0924,CNT-0040,skip,8,2025-02-23T01:47:28
USR-0416,CNT-0243,skip,59,2025-02-23T02:03:59
USR-0895,CNT-0197,skip,522,2025-02-23T02:05:59
USR-0656,CNT-0155,like,196,2025-02-23T02:07:57
USR-0340,CNT-0088,view,154,2025-02-23T02:12:28
USR-0982,CNT-0187,skip,15,2025-02-23T02:12:56
USR-0950,CNT-0043,like,4439,2025-02-23T02:12:58
USR-0200,CNT-0004,like,1211,2025-02-23T02:27:28
USR-0130,CNT-0494,skip,67,2025-02-23T02:29:12
USR-0721,CNT-0424,complete,390,2025-02-23T02:42:52
USR-0257,CNT-0128,complete,321,2025-02-23T02:43:06
USR-0761,CNT-0151,like,2129,2025-02-23T02:44:42
USR-0825,CNT-0009,skip,633,2025-02-23T02:55:09
USR-0821,CNT-0015,skip,19,2025-02-23T02:55:56
USR-0133,CNT-0264,click,637,2025-02-23T02:57:21
USR-0801,CNT-0340,click,63,2025-02-23T03:02:27
USR-0226,CNT-0301,skip,158,2025-02-23T03:07:34
USR-0082,CNT-0289,view,56,2025-02-23T03:23:54
USR-0550,CNT-0335,view,3163,2025-02-23T03:32:05
USR-0116,CNT-0077,click,826,2025-02-23T03:33:59
USR-0339,CNT-0439,like,582,2025-02-23T03:34:44
USR-0751,CNT-0126,complete,567,2025-02-23T03:42:55
USR-0522,CNT-0385,complete,3986,2025-02-23T03:47:09
USR-0744,CNT-0341,skip,17,2025-02-23T03:48:15
USR-0510,CNT-0243,complete,315,2025-02-23T03:52:14
USR-0989,CNT-0431,view,613,2025-02-23T03:53:10
USR-0814,CNT-0369,skip,504,2025-02-23T03:54:57
USR-0090,CNT-0238,view,258,2025-02-23T03:55:11
USR-0765,CNT-0500,view,2688,2025-02-23T04:05:00
USR-0055,CNT-0149,click,96,2025-02-23T04:11:44
USR-0359,CNT-0096,like,1101,2025-02-23T04:15:43
USR-0813,CNT-0166,skip,6,2025-02-23T04:53:05
USR-0771,CNT-0315,skip,1054,2025-02-23T05:02:00
USR-0794,CNT-0431,complete,597,2025-02-23T05:04:12
USR-0241,CNT-0312,view,175,2025-02-23T05:17:23
USR-0467,CNT-0142,view,4523,2025-02-23T05:23:07
USR-0676,CNT-0379,click,237,2025-02-23T05:24:41
USR-0792,CNT-0313,view,26,2025-02-23T05:28:46
USR-0396,CNT-0219,skip,35,2025-02-23T05:41:23
USR-0134,CNT-0300,view,104,2025-02-23T05:41:44
USR-0120,CNT-0172,skip,23,2025-02-23T05:58:57
USR-0610,CNT-0492,view,1126,2025-02-23T06:05:33
USR-0576,CNT-0106,click,583,2025-02-23T06:05:42
USR-0079,CNT-0029,complete,406,2025-02-23T06:06:14
USR-0278,CNT-0106,like,841,2025-02-23T06:09:52
USR-0780,CNT-0099,view,18,2025-02-23T06:11:58
USR-0657,CNT-0122,complete,208,2025-02-23T06:23:17
USR-0588,CNT-0027,view,1606,2025-02-23T06:27:34
USR-0664,CNT-0178,click,164,2025-02-23T06:29:12
USR-0049,CNT-0434,view,11,2025-02-23T06:47:35
USR-0891,CNT-0253,view,104,2025-02-23T07:01:25
USR-0538,CNT-0278,view,85,2025-02-23T07:02:49
USR-0289,CNT-0217,click,461,2025-02-23T07:03:51
USR-0597,CNT-0244,click,47,2025-02-23T07:07:04
USR-0582,CNT-0298,complete,6190,2025-02-23T07:31:08
USR-0395,CNT-0161,click,327,2025-02-23T07:46:03
USR-0197,CNT-0484,like,117,2025-02-23T07:55:00
USR-0441,CNT-0211,skip,13,2025-02-23T07:59:38
USR-0063,CNT-0295,view,20,2025-02-23T08:40:39
USR-0108,CNT-0490,view,711,2025-02-23T08:41:11
USR-0091,CNT-0166,like,233,2025-02-23T08:44:26
USR-0134,CNT-0021,complete,847,2025-02-23T08:54:50
USR-0193,CNT-0058,like,135,2025-02-23T09:07:07
USR-0387,CNT-0345,view,38,2025-02-23T09:13:11
USR-0691,CNT-0111,view,9,2025-02-23T09:14:00
USR-0767,CNT-0421,complete,3071,2025-02-23T09:15:52
USR-0174,CNT-0126,click,125,2025-02-23T09:16:34
USR-0049,CNT-0214,complete,2863,2025-02-23T09:21:40
USR-0726,CNT-0210,click,2804,2025-02-23T09:28:20
USR-0359,CNT-0236,view,7,2025-02-23T09:30:16
USR-0093,CNT-0171,view,590,2025-02-23T09:47:30
USR-0374,CNT-0495,like,78,2025-02-23T09:49:06
USR-0218,CNT-0269,complete,663,2025-02-23T09:51:24
USR-0507,CNT-0067,skip,396,2025-02-23T09:53:30
USR-0958,CNT-0136,like,46,2025-02-23T09:58:16
USR-0666,CNT-0489,like,3983,2025-02-23T10:19:34
USR-0554,CNT-0496,like,71,2025-02-23T10:22:58
USR-0453,CNT-0074,view,14,2025-02-23T10:50:34
USR-0458,CNT-0325,view,878,2025-02-23T11:01:02
USR-0533,CNT-0138,skip,31,2025-02-23T11:03:22
USR-0832,CNT-0471,complete,2690,2025-02-23T11:05:38
USR-0885,CNT-0417,view,191,2025-02-23T11:06:40
USR-0030,CNT-0133,skip,42,2025-02-23T11:14:17
USR-0312,CNT-0081,skip,20,2025-02-23T11:28:54
USR-0168,CNT-0198,complete,2081,2025-02-23T11:58:44
USR-0993,CNT-0387,like,312,2025-02-23T12:00:11
USR-0886,CNT-0164,like,3769,2025-02-23T12:12:51
USR-0984,CNT-0097,view,2,2025-02-23T12:13:11
USR-0996,CNT-0013,click,200,2025-02-23T12:27:07
USR-0068,CNT-0322,skip,85,2025-02-23T12:39:39
USR-0190,CNT-0448,complete,46,2025-02-23T12:45:48
USR-0631,CNT-0156,view,383,2025-02-23T12:52:50
USR-0914,CNT-0479,click,494,2025-02-23T12:56:20
USR-0809,CNT-0500,like,3132,2025-02-23T13:03:20
USR-0508,CNT-0235,view,571,2025-02-23T13:16:16
USR-0097,CNT-0497,like,17,2025-02-23T13:27:43
USR-0212,CNT-0358,view,377,2025-02-23T13:44:04
USR-0189,CNT-0172,skip,10,2025-02-23T13:47:08
USR-0040,CNT-0032,complete,445,2025-02-23T13:57:57
USR-0772,CNT-0114,view,722,2025-02-23T13:59:26
USR-0098,CNT-0475,view,79,2025-02-23T14:08:27
USR-0947,CNT-0168,like,36,2025-02-23T14:09:27
USR-0529,CNT-0054,like,412,2025-02-23T14:12:37
USR-0094,CNT-0476,view,49,2025-02-23T14:23:12
USR-0877,CNT-0412,complete,1972,2025-02-23T14:25:04
USR-0533,CNT-0234,click,4749,2025-02-23T14:38:28
USR-0669,CNT-0091,view,31,2025-02-23T14:42:25
USR-0868,CNT-0427,click,152,2025-02-23T14:47:44
USR-0206,CNT-0164,complete,3089,2025-02-23T14:52:23
USR-0985,CNT-0293,like,252,2025-02-23T14:58:43
USR-0703,CNT-0268,view,2713,2025-02-23T14:59:47
USR-0980,CNT-0012,view,83,2025-02-23T15:35:36
USR-0441,CNT-0142,view,2185,2025-02-23T15:41:17
USR-0872,CNT-0440,complete,3945,2025-02-23T15:45:32
USR-0892,CNT-0253,skip,5,2025-02-23T15:52:35
USR-0421,CNT-0375,complete,461,2025-02-23T16:03:44
USR-0958,CNT-0468,skip,144,2025-02-23T16:08:18
USR-0344,CNT-0498,click,1439,2025-02-23T16:09:29
USR-0668,CNT-0187,like,51,2025-02-23T16:15:58
USR-0985,CNT-0225,click,2374,2025-02-23T16:17:47
USR-0882,CNT-0368,skip,12,2025-02-23T16:23:45
USR-0994,CNT-0054,complete,462,2025-02-23T16:28:01
USR-0741,CNT-0024,complete,109,2025-02-23T16:28:45
USR-0340,CNT-0404,click,170,2025-02-23T16:30:04
USR-0979,CNT-0472,click,107,2025-02-23T16:39:58
USR-0886,CNT-0477,view,3345,2025-02-23T16:40:11
USR-0694,CNT-0173,skip,19,2025-02-23T16:45:18
USR-0241,CNT-0269,view,363,2025-02-23T16:56:04
USR-0205,CNT-0477,click,3527,2025-02-23T16:58:48
USR-0486,CNT-0127,complete,159,2025-02-23T17:21:27
USR-0055,CNT-0398,skip,16,2025-02-23T17:29:29
USR-0793,CNT-0064,click,629,2025-02-23T17:34:18
USR-0316,CNT-0397,complete,1018,2025-02-23T17:36:51
USR-0696,CNT-0444,skip,25,2025-02-23T17:38:17
USR-0296,CNT-0124,like,295,2025-02-23T17:39:10
USR-0514,CNT-0452,complete,84,2025-02-23T17:47:19
USR-0207,CNT-0079,view,1670,2025-02-23T17:51:13
USR-0007,CNT-0003,click,3876,2025-02-23T17:58:28
USR-0199,CNT-0068,view,937,2025-02-23T17:59:55
USR-0297,CNT-0080,like,24,2025-02-23T18:00:08
USR-0081,CNT-0149,view,126,2025-02-23T18:02:30
USR-0108,CNT-0319,complete,2706,2025-02-23T18:11:11
USR-0747,CNT-0383,view,281,2025-02-23T18:15:07
USR-0320,CNT-0168,view,328,2025-02-23T18:17:10
USR-0089,CNT-0189,click,616,2025-02-23T18:28:35
USR-0028,CNT-0401,skip,13,2025-02-23T18:32:54
USR-0982,CNT-0006,complete,499,2025-02-23T18:36:58
USR-0281,CNT-0287,click,61,2025-02-23T18:39:29
USR-0421,CNT-0352,complete,4647,2025-02-23T18:41:15
USR-0201,CNT-0358,click,439,2025-02-23T18:43:01
USR-0300,CNT-0419,complete,2123,2025-02-23T19:03:41
USR-0791,CNT-0148,view,334,2025-02-23T19:04:46
USR-0320,CNT-0115,click,168,2025-02-23T19:12:51
USR-0293,CNT-0080,like,32,2025-02-23T19:15:56
USR-0869,CNT-0243,like,374,2025-02-23T19:37:23
USR-0753,CNT-0460,like,4476,2025-02-23T19:42:14
USR-0718,CNT-0313,click,16,2025-02-23T19:48:07
USR-0578,CNT-0051,click,35,2025-02-23T19:53:41
USR-0079,CNT-0093,skip,17,2025-02-23T19:56:17
USR-0434,CNT-0398,complete,134,2025-02-23T20:29:26
USR-0041,CNT-0118,click,2228,2025-02-23T20:30:17
USR-0863,CNT-0072,complete,158,2025-02-23T20:42:15
USR-0013,CNT-0407,view,88,2025-02-23T20:45:09
USR-0368,CNT-0428,like,293,2025-02-23T20:45:58
USR-0846,CNT-0414,like,187,2025-02-23T20:46:12
USR-0593,CNT-0249,complete,648,2025-02-23T20:55:56
USR-0833,CNT-0076,skip,182,2025-02-23T21:14:15
USR-0308,CNT-0408,view,37,2025-02-23T21:16:35
USR-0499,CNT-0066,click,333,2025-02-23T21:26:53
USR-0282,CNT-0012,click,162,2025-02-23T21:36:47
USR-0188,CNT-0399,view,2845,2025-02-23T21:37:03
USR-0534,CNT-0153,skip,646,2025-02-23T21:39:23
USR-0139,CNT-0428,view,78,2025-02-23T21:47:59
USR-0233,CNT-0424,like,394,2025-02-23T21:48:05
USR-0256,CNT-0109,skip,110,2025-02-23T21:51:50
USR-0693,CNT-0241,skip,508,2025-02-23T21:52:00
USR-0216,CNT-0312,view,312,2025-02-23T22:16:38
USR-0383,CNT-0035,like,43,2025-02-23T22:17:25
USR-0863,CNT-0004,click,1833,2025-02-23T22:34:17
USR-0245,CNT-0234,view,3414,2025-02-23T22:37:34
USR-0286,CNT-0039,view,3290,2025-02-23T22:51:34
USR-0292,CNT-0466,skip,23,2025-02-23T22:59:00
USR-0042,CNT-0488,complete,3716,2025-02-23T23:07:58
USR-0061,CNT-0428,click,270,2025-02-23T23:11:11
USR-0927,CNT-0118,complete,2764,2025-02-23T23:13:18
USR-0300,CNT-0439,like,643,2025-02-23T23:18:51
USR-0938,CNT-0444,view,45,2025-02-23T23:19:22
USR-0033,CNT-0124,complete,266,2025-02-23T23:24:53
USR-0592,CNT-0421,like,1311,2025-02-23T23:26:37
USR-0492,CNT-0389,complete,98,2025-02-23T23:29:07
USR-0036,CNT-0093,like,12,2025-02-23T23:42:32
USR-0235,CNT-0082,view,179,2025-02-23T23:43:43
USR-0368,CNT-0431,view,303,2025-02-23T23:52:32
USR-0416,CNT-0418,complete,1940,2025-02-23T23:55:23
USR-0338,CNT-0461,view,612,2025-02-23T23:56:40
USR-0048,CNT-0024,click,59,2025-02-24T00:00:23
USR-0407,CNT-0272,like,892,2025-02-24T00:14:16
USR-0789,CNT-0039,like,3586,2025-02-24T00:18:38
USR-0130,CNT-0440,view,3872,2025-02-24T00:21:01
USR-0371,CNT-0436,like,661,2025-02-24T00:26:27
USR-0242,CNT-0376,skip,15,2025-02-24T00:26:58
USR-0085,CNT-0474,like,1057,2025-02-24T00:34:31
USR-0506,CNT-0367,view,195,2025-02-24T00:44:29
USR-0771,CNT-0466,like,229,2025-02-24T00:49:52
USR-0674,CNT-0354,click,413,2025-02-24T00:57:22
USR-0617,CNT-0431,view,351,2025-02-24T00:59:26
USR-0038,CNT-0488,click,3458,2025-02-24T00:59:29
USR-0390,CNT-0235,like,102,2025-02-24T01:00:10
USR-0421,CNT-0327,complete,402,2025-02-24T01:01:49
USR-0336,CNT-0305,skip,66,2025-02-24T01:08:43
USR-0009,CNT-0124,skip,69,2025-02-24T01:13:24
USR-0886,CNT-0162,complete,279,2025-02-24T01:19:37
USR-0265,CNT-0475,complete,155,2025-02-24T01:27:47
USR-0643,CNT-0037,skip,979,2025-02-24T01:27:52
USR-0283,CNT-0237,like,597,2025-02-24T01:36:36
USR-0454,CNT-0088,view,204,2025-02-24T01:41:57
USR-0967,CNT-0464,like,136,2025-02-24T01:53:06
USR-0038,CNT-0190,click,1207,2025-02-24T01:53:22
USR-0740,CNT-0430,skip,55,2025-02-24T02:05:49
USR-0860,CNT-0275,view,53,2025-02-24T02:23:07
USR-0635,CNT-0012,click,171,2025-02-24T02:30:54
USR-0459,CNT-0208,view,3096,2025-02-24T02:43:31
USR-0366,CNT-0168,view,211,2025-02-24T02:56:59
USR-0233,CNT-0425,complete,667,2025-02-24T02:58:14
USR-0820,CNT-0231,view,63,2025-02-24T02:59:51
USR-0025,CNT-0258,view,2692,2025-02-24T03:02:47
USR-0095,CNT-0292,view,76,2025-02-24T03:08:29
USR-0782,CNT-0216,like,3336,2025-02-24T03:13:15
USR-0620,CNT-0208,view,169,2025-02-24T03:19:28
USR-0905,CNT-0051,view,59,2025-02-24T03:32:47
USR-0113,CNT-0003,complete,4108,2025-02-24T03:38:10
USR-0039,CNT-0251,click,805,2025-02-24T03:48:24
USR-0598,CNT-0031,like,118,2025-02-24T03:49:46
USR-0229,CNT-0202,complete,2462,2025-02-24T04:03:10
USR-0992,CNT-0474,click,198,2025-02-24T04:08:12
USR-0902,CNT-0185,view,534,2025-02-24T04:14:17
USR-0618,CNT-0007,click,2195,2025-02-24T04:23:14
USR-0255,CNT-0084,view,141,2025-02-24T04:40:17
USR-0567,CNT-0411,view,43,2025-02-24T04:45:02
USR-0235,CNT-0308,like,1092,2025-02-24T04:58:31
USR-0943,CNT-0215,click,58,2025-02-24T05:01:18
USR-0198,CNT-0481,view,601,2025-02-24T05:02:12
USR-0640,CNT-0172,view,19,2025-02-24T05:09:32
USR-0964,CNT-0493,view,46,2025-02-24T05:29:20
USR-0531,CNT-0382,view,674,2025-02-24T05:30:54
USR-0464,CNT-0241,like,2723,2025-02-24T05:49:30
USR-0966,CNT-0407,like,66,2025-02-24T05:51:49
USR-0282,CNT-0421,view,2655,2025-02-24T06:06:38
USR-0216,CNT-0421,complete,3074,2025-02-24T06:20:38
USR-0080,CNT-0176,click,4818,2025-02-24T06:29:27
USR-0257,CNT-0444,click,112,2025-02-24T06:37:19
USR-0580,CNT-0052,like,112,2025-02-24T06:38:19
USR-0091,CNT-0219,skip,19,2025-02-24T06:49:24
USR-0463,CNT-0324,view,7,2025-02-24T06:52:23
USR-0731,CNT-0147,view,217,2025-02-24T06:55:20
USR-0779,CNT-0451,complete,698,2025-02-24T07:01:01
USR-0039,CNT-0070,complete,672,2025-02-24T07:03:18
USR-0005,CNT-0230,view,39,2025-02-24T07:07:28
USR-0536,CNT-0389,click,97,2025-02-24T07:16:07
USR-0231,CNT-0183,skip,856,2025-02-24T07:31:27
USR-0088,CNT-0180,view,101,2025-02-24T07:32:52
USR-0598,CNT-0079,complete,3656,2025-02-24T07:36:11
USR-0006,CNT-0136,skip,38,2025-02-24T07:40:49
USR-0242,CNT-0197,view,2397,2025-02-24T08:01:23
USR-0273,CNT-0007,like,671,2025-02-24T08:03:47
USR-0585,CNT-0321,view,1646,2025-02-24T08:12:31
USR-0229,CNT-0315,complete,5498,2025-02-24T08:15:10
USR-0990,CNT-0145,skip,58,2025-02-24T08:18:13
USR-0838,CNT-0411,like,843,2025-02-24T08:53:36
USR-0691,CNT-0323,view,79,2025-02-24T09:01:58
USR-0056,CNT-0116,skip,3,2025-02-24T09:02:44
USR-0772,CNT-0048,view,63,2025-02-24T09:03:10
USR-0015,CNT-0330,like,3418,2025-02-24T09:06:08
USR-0738,CNT-0189,complete,2902,2025-02-24T09:06:57
USR-0817,CNT-0496,view,62,2025-02-24T09:10:22
USR-0918,CNT-0107,complete,610,2025-02-24T09:11:57
USR-0869,CNT-0159,click,345,2025-02-24T09:14:45
USR-0750,CNT-0157,view,394,2025-02-24T09:19:10
USR-0113,CNT-0314,like,4410,2025-02-24T09:43:19
USR-0682,CNT-0413,skip,71,2025-02-24T09:50:13
USR-0662,CNT-0210,skip,249,2025-02-24T09:58:10
USR-0230,CNT-0023,view,1250,2025-02-24T10:01:16
USR-0456,CNT-0390,view,2512,2025-02-24T10:03:19
USR-0839,CNT-0291,like,506,2025-02-24T10:08:21
USR-0864,CNT-0251,skip,244,2025-02-24T10:10:18
USR-0569,CNT-0018,view,101,2025-02-24T10:26:00
USR-0445,CNT-0323,view,3996,2025-02-24T10:27:27
USR-0418,CNT-0353,skip,1075,2025-02-24T10:33:24
USR-0373,CNT-0409,click,1494,2025-02-24T10:34:18
USR-0509,CNT-0252,view,481,2025-02-24T10:36:39
USR-0849,CNT-0076,click,658,2025-02-24T10:48:31
USR-0163,CNT-0380,like,312,2025-02-24T10:52:53
USR-0262,CNT-0278,skip,25,2025-02-24T10:54:33
USR-0031,CNT-0246,view,278,2025-02-24T11:08:21
USR-0299,CNT-0234,view,3328,2025-02-24T11:12:57
USR-0357,CNT-0053,view,35,2025-02-24T11:31:29
USR-0257,CNT-0298,complete,5479,2025-02-24T11:34:59
USR-0674,CNT-0474,like,995,2025-02-24T11:46:23
USR-0008,CNT-0350,view,215,2025-02-24T11:50:10
USR-0889,CNT-0279,view,2776,2025-02-24T11:50:26
USR-0356,CNT-0489,like,621,2025-02-24T12:13:02
USR-0637,CNT-0198,click,1934,2025-02-24T12:17:01
USR-0753,CNT-0091,complete,34,2025-02-24T12:22:36
USR-0343,CNT-0362,complete,2545,2025-02-24T12:29:29
USR-0122,CNT-0263,like,40,2025-02-24T12:46:19
USR-0874,CNT-0094,view,711,2025-02-24T12:53:45
USR-0619,CNT-0247,skip,199,2025-02-24T13:02:51
USR-0032,CNT-0134,click,471,2025-02-24T13:04:30
USR-0634,CNT-0206,click,51,2025-02-24T13:23:11
USR-0662,CNT-0063,complete,74,2025-02-24T13:27:38
USR-0476,CNT-0155,skip,46,2025-02-24T13:39:04
USR-0321,CNT-0248,view,46,2025-02-24T13:45:47
USR-0738,CNT-0147,click,1027,2025-02-24T13:52:39
USR-0786,CNT-0362,complete,2422,2025-02-24T14:00:33
USR-0221,CNT-0449,skip,62,2025-02-24T14:09:16
USR-0529,CNT-0394,like,77,2025-02-24T14:09:37
USR-0295,CNT-0293,view,1519,2025-02-24T14:25:41
USR-0270,CNT-0459,view,72,2025-02-24T14:32:37
USR-0546,CNT-0171,view,980,2025-02-24T14:34:09
USR-0013,CNT-0336,view,308,2025-02-24T14:36:49
USR-0642,CNT-0301,view,335,2025-02-24T15:00:15
USR-0471,CNT-0335,click,1327,2025-02-24T15:00:19
USR-0835,CNT-0017,complete,1979,2025-02-24T15:14:24
USR-0092,CNT-0489,complete,3253,2025-02-24T15:31:13
USR-0714,CNT-0119,click,1108,2025-02-24T15:34:32
USR-0752,CNT-0356,like,1243,2025-02-24T15:36:44
USR-0319,CNT-0124,like,262,2025-02-24T15:43:28
USR-0099,CNT-0190,like,1068,2025-02-24T15:49:37
USR-0863,CNT-0381,complete,3160,2025-02-24T15:52:33
USR-0533,CNT-0050,like,539,2025-02-24T15:52:38
USR-0438,CNT-0347,click,382,2025-02-24T15:54:17
USR-0665,CNT-0128,like,68,2025-02-24T16:13:22
USR-0053,CNT-0358,view,217,2025-02-24T16:16:16
USR-0530,CNT-0150,click,1739,2025-02-24T16:19:00
USR-0861,CNT-0420,view,2572,2025-02-24T16:19:14
USR-0712,CNT-0262,view,2878,2025-02-24T16:25:21
USR-0335,CNT-0203,view,36,2025-02-24T16:44:05
USR-0901,CNT-0091,view,22,2025-02-24T17:07:19
USR-0258,CNT-0135,click,2444,2025-02-24T17:09:18
USR-0058,CNT-0066,complete,820,2025-02-24T17:20:54
USR-0581,CNT-0069,view,288,2025-02-24T17:22:24
USR-0005,CNT-0353,click,1136,2025-02-24T17:26:32
USR-0988,CNT-0343,view,571,2025-02-24T17:29:36
USR-0108,CNT-0446,complete,1105,2025-02-24T17:31:31
USR-0031,CNT-0290,click,4044,2025-02-24T17:34:08
USR-0247,CNT-0131,complete,1104,2025-02-24T17:36:28
USR-0896,CNT-0187,like,83,2025-02-24T17:51:39
USR-0326,CNT-0170,click,9,2025-02-24T17:52:39
USR-0103,CNT-0264,like,1049,2025-02-24T17:56:38
USR-0800,CNT-0077,complete,3165,2025-02-24T18:01:03
USR-0725,CNT-0020,view,21,2025-02-24T18:02:34
USR-0100,CNT-0116,click,6,2025-02-24T18:31:16
USR-0649,CNT-0304,complete,1025,2025-02-24T18:37:56
USR-0284,CNT-0384,click,2324,2025-02-24T18:39:54
USR-0455,CNT-0264,view,426,2025-02-24T18:57:46
USR-0754,CNT-0254,click,1430,2025-02-24T19:10:36
USR-0636,CNT-0170,complete,101,2025-02-24T19:17:17
USR-0782,CNT-0464,like,429,2025-02-24T19:18:36
USR-0454,CNT-0375,skip,118,2025-02-24T19:20:42
USR-0622,CNT-0207,view,208,2025-02-24T19:27:09
USR-0136,CNT-0379,complete,390,2025-02-24T19:28:01
USR-0206,CNT-0019,skip,14,2025-02-24T19:30:15
USR-0754,CNT-0354,click,386,2025-02-24T19:38:05
USR-0089,CNT-0406,click,1260,2025-02-24T19:41:15
USR-0239,CNT-0315,click,5436,2025-02-24T19:43:02
USR-0524,CNT-0018,click,22,2025-02-24T19:43:53
USR-0660,CNT-0005,like,692,2025-02-24T19:45:06
USR-0336,CNT-0415,view,4509,2025-02-24T19:57:35
USR-0316,CNT-0463,skip,396,2025-02-24T19:57:36
USR-0179,CNT-0468,view,304,2025-02-24T20:02:08
USR-0814,CNT-0491,complete,2976,2025-02-24T20:02:43
USR-0931,CNT-0489,view,3821,2025-02-24T20:10:57
USR-0600,CNT-0068,skip,83,2025-02-24T20:23:05
USR-0601,CNT-0451,skip,152,2025-02-24T20:40:30
USR-0888,CNT-0302,skip,1,2025-02-24T20:41:26
USR-0004,CNT-0053,click,30,2025-02-24T20:46:56
USR-0790,CNT-0328,click,46,2025-02-24T20:53:55
USR-0466,CNT-0308,view,1057,2025-02-24T20:54:21
USR-0995,CNT-0340,skip,105,2025-02-24T21:00:14
USR-0004,CNT-0353,complete,5072,2025-02-24T21:13:38
USR-0383,CNT-0398,complete,156,2025-02-24T21:18:32
USR-0989,CNT-0429,click,1350,2025-02-24T21:24:56
USR-0979,CNT-0035,complete,124,2025-02-24T21:28:58
USR-1000,CNT-0091,like,38,2025-02-24T21:31:06
USR-0110,CNT-0191,view,297,2025-02-24T21:34:43
USR-0203,CNT-0034,view,489,2025-02-24T21:39:01
USR-0096,CNT-0018,complete,84,2025-02-24T21:41:37
USR-0505,CNT-0230,view,35,2025-02-24T21:41:45
USR-0472,CNT-0003,click,875,2025-02-24T21:42:06
USR-0932,CNT-0238,view,374,2025-02-24T21:48:41
USR-0682,CNT-0184,complete,247,2025-02-24T21:48:45
USR-0337,CNT-0422,complete,321,2025-02-24T22:12:06
USR-0062,CNT-0445,click,8,2025-02-24T22:12:37
USR-0438,CNT-0141,skip,102,2025-02-24T22:14:01
USR-0151,CNT-0112,view,5101,2025-02-24T22:31:29
USR-0769,CNT-0016,click,406,2025-02-24T22:32:57
USR-0507,CNT-0153,click,345,2025-02-24T22:55:29
USR-0620,CNT-0071,like,82,2025-02-24T23:02:09
USR-0546,CNT-0418,complete,1996,2025-02-24T23:08:48
USR-0390,CNT-0213,view,1094,2025-02-24T23:20:38
USR-0007,CNT-0061,view,215,2025-02-24T23:23:15
USR-0089,CNT-0271,click,1975,2025-02-24T23:29:04
USR-0682,CNT-0089,skip,7,2025-02-24T23:31:00
USR-0915,CNT-0274,view,3103,2025-02-24T23:33:23
USR-0096,CNT-0048,like,48,2025-02-24T23:44:29
USR-0455,CNT-0153,complete,4424,2025-02-24T23:50:48
USR-0455,CNT-0420,view,4992,2025-02-24T23:59:24
USR-0538,CNT-0244,like,175,2025-02-25T00:05:52
USR-0819,CNT-0204,view,148,2025-02-25T00:11:44
USR-0952,CNT-0038,skip,57,2025-02-25T00:12:43
USR-0890,CNT-0054,click,184,2025-02-25T00:14:25
USR-0507,CNT-0005,complete,1991,2025-02-25T00:26:35
USR-0886,CNT-0320,skip,47,2025-02-25T00:30:09
USR-0279,CNT-0278,complete,229,2025-02-25T00:36:02
USR-0934,CNT-0316,view,407,2025-02-25T00:45:17
USR-0797,CNT-0225,complete,5898,2025-02-25T01:02:33
USR-0259,CNT-0183,click,2267,2025-02-25T01:15:22
USR-0317,CNT-0051,skip,10,2025-02-25T01:21:10
USR-0148,CNT-0490,like,1601,2025-02-25T01:27:34
USR-0937,CNT-0046,like,294,2025-02-25T01:29:17
USR-0638,CNT-0047,click,204,2025-02-25T01:32:12
USR-0711,CNT-0302,skip,13,2025-02-25T01:41:52
USR-0277,CNT-0391,complete,231,2025-02-25T01:44:49
USR-0748,CNT-0289,skip,8,2025-02-25T01:48:18
USR-0254,CNT-0256,view,17,2025-02-25T01:49:38
USR-0881,CNT-0319,click,1590,2025-02-25T01:52:41
USR-0528,CNT-0241,click,1103,2025-02-25T02:03:56
USR-0727,CNT-0045,complete,185,2025-02-25T02:12:17
USR-0661,CNT-0146,complete,490,2025-02-25T02:21:09
USR-0378,CNT-0485,view,9,2025-02-25T02:25:22
USR-0221,CNT-0443,like,4027,2025-02-25T02:37:46
USR-0178,CNT-0029,click,198,2025-02-25T02:38:09
USR-0807,CNT-0039,skip,23,2025-02-25T02:43:29
USR-0442,CNT-0170,complete,101,2025-02-25T02:44:20
USR-0473,CNT-0293,like,1279,2025-02-25T02:46:05
USR-0658,CNT-0257,skip,35,2025-02-25T02:48:16
USR-0942,CNT-0207,complete,5573,2025-02-25T02:49:30
USR-0687,CNT-0403,view,3814,2025-02-25T03:02:41
USR-0253,CNT-0137,skip,97,2025-02-25T03:03:54
USR-0621,CNT-0092,view,1484,2025-02-25T03:11:44
USR-0304,CNT-0082,view,322,2025-02-25T03:14:52
USR-0468,CNT-0110,complete,763,2025-02-25T03:21:40
USR-0261,CNT-0362,complete,2917,2025-02-25T03:25:49
USR-0260,CNT-0167,click,474,2025-02-25T03:32:10
USR-0578,CNT-0292,like,53,2025-02-25T03:36:08
USR-0670,CNT-0123,skip,90,2025-02-25T03:38:27
USR-0709,CNT-0487,view,1792,2025-02-25T03:51:34
USR-0560,CNT-0284,view,155,2025-02-25T03:53:04
USR-0819,CNT-0404,view,560,2025-02-25T03:58:16
USR-0590,CNT-0234,click,4567,2025-02-25T04:07:32
USR-0144,CNT-0445,click,208,2025-02-25T04:13:24
USR-0375,CNT-0255,complete,2439,2025-02-25T04:25:13
USR-0928,CNT-0293,view,1920,2025-02-25T04:25:59
USR-0175,CNT-0317,click,633,2025-02-25T04:39:22
USR-0356,CNT-0109,like,95,2025-02-25T05:07:23
USR-0580,CNT-0129,view,263,2025-02-25T05:07:44
USR-0973,CNT-0422,view,275,2025-02-25T05:11:36
USR-0015,CNT-0331,complete,2751,2025-02-25T05:24:39
USR-0080,CNT-0023,view,456,2025-02-25T05:38:13
USR-0111,CNT-0226,view,236,2025-02-25T05:53:00
USR-0633,CNT-0133,complete,173,2025-02-25T06:01:30
USR-0446,CNT-0483,complete,2722,2025-02-25T06:06:58
USR-0971,CNT-0389,skip,25,2025-02-25T06:14:07
USR-0889,CNT-0224,click,111,2025-02-25T06:22:34
USR-0229,CNT-0239,complete,759,2025-02-25T06:31:56
USR-0947,CNT-0084,complete,130,2025-02-25T06:34:51
USR-0576,CNT-0059,complete,747,2025-02-25T06:37:04
USR-0556,CNT-0302,like,38,2025-02-25T06:38:00
USR-0850,CNT-0332,click,593,2025-02-25T06:38:54
USR-0606,CNT-0221,click,39,2025-02-25T06:40:51
USR-0225,CNT-0217,view,186,2025-02-25T06:43:32
USR-0504,CNT-0336,view,284,2025-02-25T06:48:14
USR-0459,CNT-0470,skip,207,2025-02-25T06:52:20
USR-0418,CNT-0394,complete,66,2025-02-25T06:58:59
USR-0622,CNT-0286,skip,55,2025-02-25T07:00:20
USR-0485,CNT-0038,click,413,2025-02-25T07:00:37
USR-0548,CNT-0209,click,84,2025-02-25T07:03:58
USR-0882,CNT-0340,skip,130,2025-02-25T07:04:54
USR-0727,CNT-0343,view,511,2025-02-25T07:18:04
USR-0298,CNT-0159,view,730,2025-02-25T07:18:15
USR-0263,CNT-0075,complete,400,2025-02-25T07:26:50
USR-0167,CNT-0114,view,294,2025-02-25T07:34:15
USR-0960,CNT-0499,click,85,2025-02-25T07:50:26
USR-0541,CNT-0445,click,330,2025-02-25T08:00:31
USR-0307,CNT-0351,click,441,2025-02-25T08:00:37
USR-0256,CNT-0389,view,116,2025-02-25T08:08:50
USR-0247,CNT-0020,like,30,2025-02-25T08:11:01
USR-0020,CNT-0195,complete,951,2025-02-25T08:13:32
USR-0661,CNT-0375,complete,407,2025-02-25T08:21:34
USR-0382,CNT-0137,view,797,2025-02-25T08:25:42
USR-0188,CNT-0052,click,61,2025-02-25T08:26:16
USR-0012,CNT-0055,skip,24,2025-02-25T08:31:39
USR-0365,CNT-0489,view,1656,2025-02-25T08:35:38
USR-0904,CNT-0470,view,885,2025-02-25T08:53:53
USR-0988,CNT-0205,complete,1801,2025-02-25T08:59:06
USR-0016,CNT-0339,view,498,2025-02-25T09:09:26
USR-0756,CNT-0452,view,64,2025-02-25T09:23:11
USR-0033,CNT-0229,view,339,2025-02-25T09:28:49
USR-0643,CNT-0022,skip,99,2025-02-25T09:50:08
USR-0100,CNT-0021,click,767,2025-02-25T09:54:11
USR-0100,CNT-0191,view,113,2025-02-25T09:55:56
USR-0935,CNT-0196,view,49,2025-02-25T10:16:55
USR-0454,CNT-0468,complete,1552,2025-02-25T10:18:12
USR-0922,CNT-0029,click,1,2025-02-25T10:23:05
USR-0054,CNT-0270,view,109,2025-02-25T10:25:27
USR-0501,CNT-0366,view,40,2025-02-25T10:28:06
USR-0060,CNT-0400,like,5,2025-02-25T10:28:08
USR-0653,CNT-0157,view,309,2025-02-25T10:31:49
USR-0238,CNT-0341,click,36,2025-02-25T10:39:38
USR-0341,CNT-0152,click,148,2025-02-25T10:42:33
USR-0701,CNT-0228,click,661,2025-02-25T10:45:31
USR-0372,CNT-0019,like,48,2025-02-25T11:24:10
USR-0263,CNT-0367,like,496,2025-02-25T11:26:09
USR-0496,CNT-0500,skip,611,2025-02-25T11:30:44
USR-0508,CNT-0469,complete,829,2025-02-25T11:32:07
USR-0039,CNT-0062,click,955,2025-02-25T11:34:15
USR-0136,CNT-0016,view,75,2025-02-25T11:35:31
USR-0002,CNT-0499,skip,35,2025-02-25T11:35:50
USR-0559,CNT-0036,like,487,2025-02-25T11:40:21
USR-0571,CNT-0111,like,44,2025-02-25T11:41:17
USR-0915,CNT-0176,click,2770,2025-02-25T11:47:18
USR-0231,CNT-0381,like,2920,2025-02-25T11:50:36
USR-0678,CNT-0046,view,206,2025-02-25T11:51:47
USR-0110,CNT-0026,complete,627,2025-02-25T11:53:12
USR-0615,CNT-0312,skip,23,2025-02-25T11:58:38
USR-0622,CNT-0496,skip,5,2025-02-25T12:02:57
USR-0532,CNT-0351,view,62,2025-02-25T12:07:33
USR-0786,CNT-0045,like,198,2025-02-25T12:24:52
USR-0613,CNT-0409,view,1410,2025-02-25T12:29:09
USR-0622,CNT-0137,view,163,2025-02-25T12:37:07
USR-0722,CNT-0361,view,4183,2025-02-25T12:49:40
USR-0285,CNT-0307,skip,6,2025-02-25T12:50:40
USR-0324,CNT-0380,complete,283,2025-02-25T13:15:48
USR-0760,CNT-0293,view,1964,2025-02-25T13:17:36
USR-0814,CNT-0215,view,178,2025-02-25T13:24:29
USR-0314,CNT-0308,like,1589,2025-02-25T13:30:54
USR-0626,CNT-0316,view,357,2025-02-25T13:42:09
USR-0184,CNT-0244,view,136,2025-02-25T13:44:45
USR-0008,CNT-0022,click,666,2025-02-25T13:47:17
USR-0004,CNT-0488,complete,3210,2025-02-25T13:47:31
USR-0287,CNT-0115,view,469,2025-02-25T13:51:33
USR-0539,CNT-0225,view,2383,2025-02-25T14:01:32
USR-0492,CNT-0336,click,331,2025-02-25T14:07:21
USR-0828,CNT-0430,view,210,2025-02-25T14:21:01
USR-0446,CNT-0480,complete,719,2025-02-25T14:27:24
USR-0973,CNT-0248,view,87,2025-02-25T14:28:45
USR-0639,CNT-0468,click,1278,2025-02-25T14:31:23
USR-0840,CNT-0293,like,762,2025-02-25T14:31:31
USR-0827,CNT-0077,skip,723,2025-02-25T14:41:28
USR-0929,CNT-0445,skip,66,2025-02-25T14:50:20
USR-0677,CNT-0138,skip,97,2025-02-25T14:59:04
USR-0617,CNT-0479,view,773,2025-02-25T14:59:38
USR-0913,CNT-0293,complete,1861,2025-02-25T15:01:58
USR-1000,CNT-0111,view,54,2025-02-25T15:12:34
USR-0529,CNT-0072,view,137,2025-02-25T15:44:00
USR-0041,CNT-0169,skip,14,2025-02-25T15:59:25
USR-0644,CNT-0476,click,14,2025-02-25T16:26:17
USR-0063,CNT-0187,complete,104,2025-02-25T16:44:47
USR-0816,CNT-0479,view,555,2025-02-25T16:50:48
USR-0111,CNT-0340,view,652,2025-02-25T17:00:12
USR-0402,CNT-0475,view,0,2025-02-25T17:02:18
USR-0398,CNT-0330,complete,4229,2025-02-25T17:10:22
USR-0582,CNT-0312,like,311,2025-02-25T17:14:03
USR-0964,CNT-0238,view,130,2025-02-25T17:14:18
USR-0712,CNT-0418,like,1200,2025-02-25T17:15:51
USR-0116,CNT-0261,complete,727,2025-02-25T17:20:33
USR-0575,CNT-0132,like,19,2025-02-25T17:23:48
USR-0996,CNT-0354,view,391,2025-02-25T17:24:05
USR-0894,CNT-0328,view,47,2025-02-25T17:28:55
USR-0737,CNT-0005,skip,485,2025-02-25T17:30:43
USR-0850,CNT-0493,view,129,2025-02-25T17:31:21
USR-0251,CNT-0041,like,636,2025-02-25T17:38:48
USR-0632,CNT-0309,view,216,2025-02-25T17:40:10
USR-0747,CNT-0382,complete,3814,2025-02-25T17:46:06
USR-0019,CNT-0035,view,16,2025-02-25T17:52:31
USR-0014,CNT-0356,view,829,2025-02-25T17:53:00
USR-0138,CNT-0169,view,30,2025-02-25T17:54:54
USR-0924,CNT-0022,click,209,2025-02-25T17:58:44
USR-0979,CNT-0337,complete,737,2025-02-25T18:21:30
USR-0943,CNT-0296,view,2,2025-02-25T18:31:29
USR-0469,CNT-0334,view,105,2025-02-25T18:32:18
USR-0400,CNT-0128,skip,50,2025-02-25T19:00:31
USR-0100,CNT-0174,complete,38,2025-02-25T19:06:17
USR-0394,CNT-0376,like,45,2025-02-25T19:15:20
USR-0204,CNT-0326,like,591,2025-02-25T19:24:39
USR-0229,CNT-0388,click,2049,2025-02-25T19:31:39
USR-0328,CNT-0331,skip,716,2025-02-25T19:35:37
USR-0735,CNT-0108,view,43,2025-02-25T19:39:45
USR-0642,CNT-0196,like,145,2025-02-25T19:39:46
USR-0247,CNT-0376,like,71,2025-02-25T19:41:53
USR-0387,CNT-0195,click,523,2025-02-25T19:53:20
USR-0347,CNT-0472,view,86,2025-02-25T19:56:28
USR-0834,CNT-0442,skip,9,2025-02-25T19:58:28
USR-0274,CNT-0032,like,34,2025-02-25T20:00:27
USR-0109,CNT-0233,view,690,2025-02-25T20:03:02
USR-0838,CNT-0350,click,309,2025-02-25T20:03:36
USR-0814,CNT-0101,view,210,2025-02-25T20:09:22
USR-0592,CNT-0050,click,599,2025-02-25T20:18:13
USR-0034,CNT-0146,skip,138,2025-02-25T20:22:53
USR-0624,CNT-0206,view,152,2025-02-25T20:26:35
USR-0597,CNT-0406,view,1224,2025-02-25T20:33:20
USR-0717,CNT-0444,view,62,2025-02-25T20:36:26
USR-0603,CNT-0321,complete,3840,2025-02-25T20:42:10
USR-0560,CNT-0375,view,120,2025-02-25T20:44:00
USR-0948,CNT-0449,view,1567,2025-02-25T20:44:29
USR-0183,CNT-0459,view,171,2025-02-25T20:52:51
USR-0213,CNT-0482,click,890,2025-02-25T20:58:26
USR-0466,CNT-0097,complete,4051,2025-02-25T20:59:44
USR-0778,CNT-0237,view,802,2025-02-25T21:00:32
USR-0787,CNT-0222,view,17,2025-02-25T21:05:23
USR-0499,CNT-0168,complete,276,2025-02-25T21:07:29
USR-0929,CNT-0342,like,763,2025-02-25T21:16:35
USR-0884,CNT-0343,view,18,2025-02-25T21:20:14
USR-0405,CNT-0006,skip,15,2025-02-25T21:24:57
USR-0680,CNT-0240,complete,50,2025-02-25T21:49:51
USR-0616,CNT-0251,view,944,2025-02-25T21:51:38
USR-0297,CNT-0329,skip,22,2025-02-25T21:53:05
USR-0103,CNT-0359,skip,142,2025-02-25T22:05:22
USR-0023,CNT-0226,like,607,2025-02-25T22:05:46
USR-0103,CNT-0062,view,1444,2025-02-25T22:25:14
USR-0852,CNT-0067,view,1982,2025-02-25T22:28:51
USR-0070,CNT-0491,view,2670,2025-02-25T22:42:20
USR-0439,CNT-0141,click,748,2025-02-25T22:43:04
USR-0761,CNT-0380,complete,327,2025-02-25T22:57:14
USR-0701,CNT-0442,click,328,2025-02-25T23:03:58
USR-0833,CNT-0391,like,213,2025-02-25T23:04:55
USR-0435,CNT-0073,view,2337,2025-02-25T23:09:36
USR-0504,CNT-0412,view,1378,2025-02-25T23:11:50
USR-0105,CNT-0439,like,1659,2025-02-25T23:12:12
USR-0540,CNT-0244,complete,622,2025-02-25T23:15:29
USR-0899,CNT-0424,view,255,2025-02-25T23:17:05
USR-0081,CNT-0495,complete,668,2025-02-25T23:21:30
USR-0375,CNT-0356,click,1472,2025-02-25T23:26:09
USR-0141,CNT-0053,skip,11,2025-02-25T23:26:35
USR-0964,CNT-0496,complete,103,2025-02-25T23:27:26
USR-0141,CNT-0229,complete,372,2025-02-25T23:28:42
USR-0418,CNT-0066,like,784,2025-02-25T23:32:40
USR-0014,CNT-0357,complete,2138,2025-02-25T23:35:44
USR-0605,CNT-0103,view,525,2025-02-25T23:36:45
USR-0191,CNT-0441,view,25,2025-02-25T23:37:01
USR-0057,CNT-0352,click,2113,2025-02-25T23:45:06
USR-0418,CNT-0003,click,2238,2025-02-25T23:47:12
USR-0851,CNT-0229,view,6,2025-02-25T23:56:59
USR-0004,CNT-0491,skip,611,2025-02-26T00:05:04
USR-0021,CNT-0197,click,814,2025-02-26T00:10:00
USR-0153,CNT-0230,complete,69,2025-02-26T00:11:31
USR-0265,CNT-0500,like,215,2025-02-26T00:33:34
USR-0746,CNT-0491,complete,2646,2025-02-26T00:36:31
USR-0802,CNT-0149,like,35,2025-02-26T00:40:26
USR-0312,CNT-0354,like,428,2025-02-26T00:54:39
USR-0648,CNT-0190,view,2144,2025-02-26T01:03:48
USR-0858,CNT-0274,complete,4098,2025-02-26T01:14:38
USR-0898,CNT-0317,like,828,2025-02-26T01:17:28
USR-0935,CNT-0418,complete,2055,2025-02-26T01:21:02
USR-0153,CNT-0186,complete,2567,2025-02-26T01:21:36
USR-0012,CNT-0001,view,224,2025-02-26T01:29:18
USR-0534,CNT-0394,skip,0,2025-02-26T01:48:43
USR-0276,CNT-0101,skip,2,2025-02-26T01:56:48
USR-0390,CNT-0444,view,52,2025-02-26T01:58:55
USR-0199,CNT-0218,complete,973,2025-02-26T01:59:46
USR-0337,CNT-0249,click,684,2025-02-26T02:15:27
USR-0774,CNT-0163,view,117,2025-02-26T02:25:34
USR-0617,CNT-0250,complete,270,2025-02-26T02:27:55
USR-0458,CNT-0328,click,30,2025-02-26T02:34:08
USR-0393,CNT-0180,view,95,2025-02-26T02:37:16
USR-0647,CNT-0377,like,8,2025-02-26T02:39:49
USR-0466,CNT-0154,click,198,2025-02-26T02:41:56
USR-0221,CNT-0324,view,689,2025-02-26T02:48:55
USR-0086,CNT-0161,complete,1254,2025-02-26T03:03:07
USR-0886,CNT-0026,like,462,2025-02-26T03:06:22
USR-0161,CNT-0410,like,21,2025-02-26T03:07:14
USR-0858,CNT-0409,complete,3451,2025-02-26T03:07:19
USR-0906,CNT-0024,click,41,2025-02-26T03:08:48
USR-0858,CNT-0003,complete,4301,2025-02-26T03:16:16
USR-0906,CNT-0235,complete,830,2025-02-26T03:21:52
USR-0203,CNT-0352,view,2145,2025-02-26T03:25:40
USR-0558,CNT-0049,click,144,2025-02-26T03:38:03
USR-0305,CNT-0151,click,658,2025-02-26T03:52:45
USR-0987,CNT-0098,click,6112,2025-02-26T03:55:40
USR-0729,CNT-0351,complete,524,2025-02-26T03:59:40
USR-0379,CNT-0116,complete,54,2025-02-26T04:00:30
USR-0487,CNT-0253,like,77,2025-02-26T04:02:24
USR-0598,CNT-0112,view,3967,2025-02-26T04:09:16
USR-0641,CNT-0059,view,423,2025-02-26T04:13:22
USR-0933,CNT-0496,complete,127,2025-02-26T04:25:44
USR-0552,CNT-0269,skip,127,2025-02-26T04:33:34
USR-0988,CNT-0222,click,40,2025-02-26T04:43:34
USR-0667,CNT-0117,like,1504,2025-02-26T04:43:57
USR-0999,CNT-0205,complete,1799,2025-02-26T04:52:31
USR-0159,CNT-0195,complete,1016,2025-02-26T05:03:16
USR-0881,CNT-0422,skip,68,2025-02-26T05:04:15
USR-0998,CNT-0394,complete,78,2025-02-26T05:14:54
USR-0759,CNT-0053,view,16,2025-02-26T05:15:40
USR-1000,CNT-0359,view,527,2025-02-26T05:47:39
USR-0552,CNT-0358,skip,145,2025-02-26T05:49:10
USR-0606,CNT-0373,skip,1195,2025-02-26T05:52:24
USR-0625,CNT-0007,view,132,2025-02-26T05:52:49
USR-0336,CNT-0406,like,598,2025-02-26T05:55:20
USR-0838,CNT-0473,skip,16,2025-02-26T06:00:54
USR-0922,CNT-0068,click,297,2025-02-26T06:01:35
USR-0066,CNT-0382,click,2066,2025-02-26T06:09:06
USR-0378,CNT-0157,complete,522,2025-02-26T06:14:02
USR-0892,CNT-0298,view,3659,2025-02-26T06:30:01
USR-0503,CNT-0378,complete,1642,2025-02-26T06:30:57
USR-0045,CNT-0494,like,186,2025-02-26T06:35:57
USR-0259,CNT-0055,skip,1,2025-02-26T06:40:15
USR-0757,CNT-0456,like,397,2025-02-26T06:52:40
USR-0360,CNT-0008,view,1136,2025-02-26T06:55:06
USR-0089,CNT-0347,click,1815,2025-02-26T06:58:42
USR-0612,CNT-0073,complete,3556,2025-02-26T07:00:43
USR-0365,CNT-0125,skip,67,2025-02-26T07:01:03
USR-0619,CNT-0073,view,3370,2025-02-26T07:04:54
USR-0966,CNT-0497,view,26,2025-02-26T07:25:41
USR-0207,CNT-0158,view,28,2025-02-26T07:31:29
USR-0133,CNT-0424,view,12,2025-02-26T07:43:37
USR-0515,CNT-0424,click,306,2025-02-26T07:45:20
USR-0478,CNT-0261,view,322,2025-02-26T07:50:02
USR-0812,CNT-0403,view,3196,2025-02-26T07:50:29
USR-0672,CNT-0098,complete,6333,2025-02-26T07:51:56
USR-0141,CNT-0058,skip,7,2025-02-26T07:59:24
USR-0067,CNT-0209,click,24,2025-02-26T08:06:16
USR-0349,CNT-0383,click,3,2025-02-26T08:16:32
USR-0493,CNT-0253,view,37,2025-02-26T08:16:58
USR-0222,CNT-0095,like,412,2025-02-26T08:18:14
USR-0471,CNT-0444,like,75,2025-02-26T08:22:50
USR-0229,CNT-0225,like,3064,2025-02-26T08:32:10
USR-0753,CNT-0492,view,3504,2025-02-26T08:36:35
USR-0380,CNT-0069,complete,4102,2025-02-26T08:37:57
USR-0721,CNT-0204,like,776,2025-02-26T08:38:04
USR-0893,CNT-0273,view,124,2025-02-26T08:41:41
USR-0586,CNT-0281,skip,649,2025-02-26T08:53:48
USR-0492,CNT-0124,complete,264,2025-02-26T08:59:47
USR-0668,CNT-0102,click,2205,2025-02-26T09:09:07
USR-0766,CNT-0318,click,227,2025-02-26T09:15:20
USR-0842,CNT-0021,click,578,2025-02-26T09:27:49
USR-0730,CNT-0459,view,535,2025-02-26T09:37:58
USR-0121,CNT-0486,view,166,2025-02-26T09:38:35
USR-0370,CNT-0203,view,35,2025-02-26T09:44:23
USR-0123,CNT-0197,view,172,2025-02-26T10:00:27
USR-0228,CNT-0269,view,489,2025-02-26T10:09:51
USR-0950,CNT-0274,like,4123,2025-02-26T10:22:20
USR-0785,CNT-0237,view,968,2025-02-26T10:26:08
USR-0787,CNT-0446,view,289,2025-02-26T10:33:55
USR-0901,CNT-0011,view,1188,2025-02-26T10:39:13
USR-0887,CNT-0427,complete,471,2025-02-26T10:49:04
USR-0589,CNT-0351,view,549,2025-02-26T10:51:30
USR-0928,CNT-0234,skip,767,2025-02-26T10:56:50
USR-0524,CNT-0347,skip,401,2025-02-26T10:57:42
USR-0453,CNT-0310,view,471,2025-02-26T11:00:08
USR-0967,CNT-0324,view,750,2025-02-26T11:03:05
USR-0473,CNT-0340,skip,37,2025-02-26T11:18:23
USR-0259,CNT-0399,click,2333,2025-02-26T11:18:30
USR-0811,CNT-0204,view,266,2025-02-26T11:24:07
USR-0267,CNT-0384,view,4691,2025-02-26T11:27:03
USR-0236,CNT-0007,like,3811,2025-02-26T11:40:03
USR-0809,CNT-0161,view,1256,2025-02-26T11:51:27
USR-0349,CNT-0115,like,406,2025-02-26T11:51:34
USR-0049,CNT-0111,complete,56,2025-02-26T12:06:16
USR-0388,CNT-0433,view,81,2025-02-26T12:15:07
USR-0566,CNT-0008,complete,2141,2025-02-26T12:19:42
USR-0490,CNT-0040,skip,2,2025-02-26T12:26:20
USR-0119,CNT-0398,view,163,2025-02-26T12:36:46
USR-0315,CNT-0337,complete,708,2025-02-26T12:39:32
USR-0915,CNT-0222,complete,64,2025-02-26T12:46:39
USR-0157,CNT-0417,view,412,2025-02-26T12:58:37
USR-0925,CNT-0292,skip,29,2025-02-26T13:02:23
USR-0125,CNT-0345,view,447,2025-02-26T13:05:07
USR-0014,CNT-0348,skip,9,2025-02-26T13:24:25
USR-0791,CNT-0100,complete,409,2025-02-26T13:24:50
USR-0107,CNT-0401,like,49,2025-02-26T13:30:45
USR-0751,CNT-0025,skip,183,2025-02-26T13:35:48
USR-0177,CNT-0039,view,2274,2025-02-26T13:36:31
USR-0838,CNT-0260,skip,133,2025-02-26T13:38:32
USR-0730,CNT-0165,view,3402,2025-02-26T13:45:26
USR-0530,CNT-0142,skip,937,2025-02-26T14:06:47
USR-0228,CNT-0173,click,426,2025-02-26T14:09:36
USR-0958,CNT-0010,complete,5655,2025-02-26T14:15:12
USR-0181,CNT-0500,click,4673,2025-02-26T14:16:18
USR-0465,CNT-0085,skip,243,2025-02-26T14:22:27
USR-0508,CNT-0059,complete,651,2025-02-26T14:24:39
USR-0279,CNT-0038,view,599,2025-02-26T14:38:28
USR-0624,CNT-0103,view,969,2025-02-26T14:40:57
USR-0661,CNT-0030,complete,787,2025-02-26T14:43:16
USR-0560,CNT-0256,skip,154,2025-02-26T14:46:36
USR-0351,CNT-0340,complete,597,2025-02-26T15:11:36
USR-0958,CNT-0352,skip,67,2025-02-26T15:34:20
USR-0286,CNT-0431,like,241,2025-02-26T15:43:17
USR-0025,CNT-0309,complete,199,2025-02-26T16:07:19
USR-0773,CNT-0435,click,154,2025-02-26T16:07:30
USR-0410,CNT-0297,like,1254,2025-02-26T16:08:01
USR-0474,CNT-0186,skip,387,2025-02-26T16:10:52
USR-0100,CNT-0175,click,1715,2025-02-26T16:18:08
USR-0654,CNT-0153,skip,1147,2025-02-26T16:19:26
USR-0829,CNT-0023,like,1386,2025-02-26T16:20:33
USR-0966,CNT-0287,click,19,2025-02-26T16:25:54
USR-0562,CNT-0054,view,119,2025-02-26T16:26:25
USR-0031,CNT-0462,view,369,2025-02-26T16:29:12
USR-0275,CNT-0280,like,101,2025-02-26T16:46:41
USR-0679,CNT-0265,click,221,2025-02-26T16:49:04
USR-0538,CNT-0112,click,1952,2025-02-26T16:52:36
USR-0658,CNT-0181,view,4883,2025-02-26T16:53:35
USR-0237,CNT-0199,view,4,2025-02-26T16:53:46
USR-0363,CNT-0437,view,4535,2025-02-26T17:05:53
USR-0542,CNT-0191,skip,199,2025-02-26T17:08:48
USR-0845,CNT-0130,view,19,2025-02-26T17:09:33
USR-0601,CNT-0324,view,262,2025-02-26T17:13:14
USR-0876,CNT-0327,complete,421,2025-02-26T17:22:57
USR-0571,CNT-0206,click,36,2025-02-26T17:27:16
USR-0692,CNT-0157,view,185,2025-02-26T17:52:51
USR-0237,CNT-0370,complete,507,2025-02-26T17:57:21
USR-0818,CNT-0288,complete,1074,2025-02-26T18:13:02
USR-0649,CNT-0226,view,282,2025-02-26T18:26:32
USR-0079,CNT-0314,click,1825,2025-02-26T18:30:03
USR-0872,CNT-0413,click,339,2025-02-26T18:30:28
USR-0441,CNT-0383,click,189,2025-02-26T18:38:07
USR-0641,CNT-0257,view,386,2025-02-26T18:53:02
USR-0601,CNT-0343,complete,1017,2025-02-26T18:53:43
USR-0467,CNT-0281,like,3428,2025-02-26T19:04:16
USR-0913,CNT-0140,like,1744,2025-02-26T19:05:55
USR-0504,CNT-0219,view,107,2025-02-26T19:12:13
USR-0190,CNT-0078,click,343,2025-02-26T19:14:20
USR-0442,CNT-0463,view,318,2025-02-26T19:14:20
USR-0606,CNT-0075,view,93,2025-02-26T19:24:49
USR-0004,CNT-0305,skip,175,2025-02-26T19:27:59
USR-0817,CNT-0243,click,130,2025-02-26T19:35:45
USR-0152,CNT-0276,click,108,2025-02-26T19:37:02
USR-0077,CNT-0174,view,32,2025-02-26T19:40:12
USR-0776,CNT-0325,complete,880,2025-02-26T20:06:48
USR-0692,CNT-0037,complete,4391,2025-02-26T20:10:35
USR-0293,CNT-0425,like,37,2025-02-26T20:14:49
USR-0276,CNT-0306,skip,15,2025-02-26T20:17:30
USR-0191,CNT-0058,view,598,2025-02-26T20:19:54
USR-0293,CNT-0129,like,254,2025-02-26T20:23:53
USR-0259,CNT-0017,skip,268,2025-02-26T20:27:51
USR-0738,CNT-0268,view,2087,2025-02-26T20:28:19
USR-0086,CNT-0020,view,23,2025-02-26T20:46:33
USR-0819,CNT-0330,like,3159,2025-02-26T21:05:42
USR-0995,CNT-0453,view,588,2025-02-26T21:05:58
USR-0016,CNT-0423,view,1642,2025-02-26T21:11:25
USR-0287,CNT-0426,view,1532,2025-02-26T21:14:25
USR-0678,CNT-0352,like,1239,2025-02-26T21:31:55
USR-0756,CNT-0452,skip,4,2025-02-26T21:44:53
USR-0848,CNT-0085,skip,613,2025-02-26T21:55:57
USR-0983,CNT-0073,complete,4137,2025-02-26T22:00:00
USR-0491,CNT-0208,view,847,2025-02-26T22:07:41
USR-0500,CNT-0315,complete,4580,2025-02-26T22:09:27
USR-0193,CNT-0488,click,302,2025-02-26T22:14:21
USR-0972,CNT-0313,view,8,2025-02-26T22:16:44
USR-0821,CNT-0406,complete,1055,2025-02-26T22:22:13
USR-0234,CNT-0421,skip,349,2025-02-26T22:25:07
USR-0645,CNT-0213,view,1521,2025-02-26T22:28:09
USR-0903,CNT-0345,complete,823,2025-02-26T22:28:39
USR-0242,CNT-0059,view,554,2025-02-26T22:29:53
USR-0065,CNT-0048,view,14,2025-02-26T22:38:21
USR-0895,CNT-0413,view,280,2025-02-26T22:53:18
USR-0907,CNT-0018,skip,24,2025-02-26T23:07:45
USR-0688,CNT-0250,click,264,2025-02-26T23:08:13
USR-0052,CNT-0383,click,327,2025-02-26T23:12:44
USR-0773,CNT-0271,view,1673,2025-02-26T23:13:37
USR-0779,CNT-0360,view,533,2025-02-26T23:29:27
USR-0172,CNT-0437,complete,4072,2025-02-26T23:30:16
USR-0896,CNT-0164,view,2150,2025-02-26T23:36:50
USR-0456,CNT-0392,complete,1072,2025-02-26T23:37:19
USR-0699,CNT-0227,complete,154,2025-02-26T23:43:04
USR-0015,CNT-0025,skip,543,2025-02-26T23:44:27
USR-0676,CNT-0248,click,100,2025-02-26T23:45:26
USR-0378,CNT-0067,view,3147,2025-02-26T23:45:26
USR-0104,CNT-0247,skip,6,2025-02-27T00:13:05
USR-0730,CNT-0092,skip,89,2025-02-27T00:14:25
USR-0896,CNT-0199,view,18,2025-02-27T00:15:36
USR-0238,CNT-0131,view,1181,2025-02-27T00:20:25
USR-0072,CNT-0495,complete,715,2025-02-27T00:22:03
USR-0565,CNT-0037,click,2679,2025-02-27T00:24:31
USR-0364,CNT-0165,click,2455,2025-02-27T00:31:12
USR-0769,CNT-0130,complete,36,2025-02-27T00:41:54
USR-0319,CNT-0335,click,493,2025-02-27T00:42:10
USR-0637,CNT-0142,click,2454,2025-02-27T00:45:14
USR-0223,CNT-0473,click,2047,2025-02-27T00:49:26
USR-0007,CNT-0484,view,91,2025-02-27T00:51:08
USR-0155,CNT-0367,like,196,2025-02-27T01:01:41
USR-0526,CNT-0065,view,13,2025-02-27T01:03:29
USR-0733,CNT-0132,complete,147,2025-02-27T01:08:11
USR-0725,CNT-0240,complete,62,2025-02-27T01:13:47
USR-0649,CNT-0224,skip,558,2025-02-27T01:35:58
USR-0202,CNT-0298,skip,783,2025-02-27T01:41:56
USR-0627,CNT-0144,skip,471,2025-02-27T01:56:21
USR-0764,CNT-0234,view,1140,2025-02-27T02:01:17
USR-0389,CNT-0416,view,46,2025-02-27T02:03:48
USR-0914,CNT-0166,like,79,2025-02-27T02:06:38
USR-0321,CNT-0342,like,395,2025-02-27T02:14:11
USR-0195,CNT-0126,like,68,2025-02-27T02:17:05
USR-0239,CNT-0436,view,354,2025-02-27T02:27:23
USR-0213,CNT-0323,view,5095,2025-02-27T02:58:46
USR-0071,CNT-0198,like,1723,2025-02-27T02:59:31
USR-0697,CNT-0345,view,628,2025-02-27T03:01:55
USR-0169,CNT-0493,skip,10,2025-02-27T03:07:26
USR-0092,CNT-0409,like,1589,2025-02-27T03:17:40
USR-0084,CNT-0403,view,1712,2025-02-27T03:27:32
USR-0760,CNT-0197,view,2183,2025-02-27T03:27:37
USR-0127,CNT-0086,skip,627,2025-02-27T04:03:59
USR-0675,CNT-0258,view,1327,2025-02-27T04:07:29
USR-0323,CNT-0353,click,308,2025-02-27T04:09:03
USR-0314,CNT-0312,like,22,2025-02-27T04:12:58
USR-0087,CNT-0409,like,1645,2025-02-27T04:13:12
USR-0069,CNT-0307,like,384,2025-02-27T04:15:02
USR-0878,CNT-0177,complete,5141,2025-02-27T04:21:37
USR-0949,CNT-0491,click,840,2025-02-27T04:38:00
USR-0978,CNT-0277,click,62,2025-02-27T04:53:51
USR-0765,CNT-0182,view,22,2025-02-27T05:00:05
USR-0072,CNT-0435,view,60,2025-02-27T05:10:37
USR-0014,CNT-0046,view,38,2025-02-27T05:14:42
USR-0501,CNT-0265,view,262,2025-02-27T05:21:38
USR-0307,CNT-0107,view,656,2025-02-27T05:24:42
USR-0728,CNT-0388,view,1614,2025-02-27T05:31:16
USR-0512,CNT-0358,view,545,2025-02-27T05:33:27
USR-0195,CNT-0218,view,310,2025-02-27T05:34:12
USR-0772,CNT-0226,view,476,2025-02-27T05:39:08
USR-0232,CNT-0329,skip,131,2025-02-27T05:54:38
USR-0776,CNT-0416,complete,74,2025-02-27T06:06:46
USR-0363,CNT-0210,view,919,2025-02-27T06:14:59
USR-0794,CNT-0366,complete,224,2025-02-27T06:21:10
USR-0025,CNT-0339,complete,460,2025-02-27T06:27:33
USR-0538,CNT-0427,complete,508,2025-02-27T06:27:40
USR-0705,CNT-0251,view,373,2025-02-27T06:31:29
USR-0712,CNT-0499,like,73,2025-02-27T06:36:06
USR-0513,CNT-0110,like,647,2025-02-27T06:41:16
USR-0512,CNT-0048,view,74,2025-02-27T06:47:57
USR-0129,CNT-0178,view,345,2025-02-27T06:57:26
USR-0029,CNT-0345,view,739,2025-02-27T07:00:48
USR-0909,CNT-0431,click,269,2025-02-27T07:03:33
USR-0614,CNT-0455,view,45,2025-02-27T07:05:14
USR-0034,CNT-0369,skip,841,2025-02-27T07:12:09
USR-0450,CNT-0195,view,779,2025-02-27T07:18:20
USR-0597,CNT-0102,view,569,2025-02-27T07:20:18
USR-0176,CNT-0147,complete,1859,2025-02-27T07:24:44
USR-0781,CNT-0304,skip,145,2025-02-27T07:30:58
USR-0948,CNT-0354,view,55,2025-02-27T07:35:56
USR-0067,CNT-0452,view,42,2025-02-27T07:45:14
USR-0135,CNT-0059,click,45,2025-02-27T07:52:44
USR-0785,CNT-0491,view,115,2025-02-27T07:52:46
USR-0518,CNT-0130,click,33,2025-02-27T07:56:10
USR-0439,CNT-0053,view,52,2025-02-27T07:58:44
USR-0678,CNT-0167,complete,1093,2025-02-27T08:02:53
USR-0665,CNT-0060,view,53,2025-02-27T08:03:12
USR-0144,CNT-0136,complete,376,2025-02-27T08:32:23
USR-0637,CNT-0362,like,290,2025-02-27T08:37:54
USR-0492,CNT-0192,skip,11,2025-02-27T08:39:38
USR-0427,CNT-0435,complete,146,2025-02-27T08:49:01
USR-0773,CNT-0497,skip,14,2025-02-27T08:51:12
USR-0127,CNT-0054,like,412,2025-02-27T08:52:26
USR-0298,CNT-0017,click,2102,2025-02-27T09:13:16
USR-0888,CNT-0083,view,310,2025-02-27T09:15:30
USR-0826,CNT-0241,like,906,2025-02-27T09:19:35
USR-0079,CNT-0309,view,48,2025-02-27T09:24:21
USR-0631,CNT-0194,view,628,2025-02-27T09:35:44
USR-0047,CNT-0498,like,1353,2025-02-27T09:37:26
USR-0561,CNT-0427,click,489,2025-02-27T09:52:04
USR-0270,CNT-0261,complete,805,2025-02-27T09:52:46
USR-0832,CNT-0112,view,1022,2025-02-27T10:10:35
USR-0367,CNT-0261,complete,781,2025-02-27T10:10:43
USR-0730,CNT-0145,click,689,2025-02-27T10:14:37
USR-0461,CNT-0139,skip,65,2025-02-27T10:16:28
USR-0997,CNT-0370,click,487,2025-02-27T10:44:39
USR-0042,CNT-0388,view,1734,2025-02-27T10:45:20
USR-0202,CNT-0329,like,1973,2025-02-27T10:51:22
USR-0886,CNT-0491,view,2578,2025-02-27T10:51:29
USR-0650,CNT-0325,skip,245,2025-02-27T11:06:23
USR-0640,CNT-0469,skip,197,2025-02-27T11:09:21
USR-0611,CNT-0159,click,537,2025-02-27T11:13:29
USR-0445,CNT-0297,like,347,2025-02-27T11:14:32
USR-0613,CNT-0283,click,152,2025-02-27T11:27:42
USR-0967,CNT-0224,view,2173,2025-02-27T11:34:24
USR-0723,CNT-0116,view,54,2025-02-27T11:47:11
USR-0512,CNT-0215,view,360,2025-02-27T11:48:02
USR-0629,CNT-0328,skip,4,2025-02-27T11:59:58
USR-0882,CNT-0026,view,178,2025-02-27T12:01:33
USR-0565,CNT-0282,skip,244,2025-02-27T12:10:57
USR-0805,CNT-0435,view,74,2025-02-27T12:17:20
USR-0981,CNT-0168,click,190,2025-02-27T12:17:26
USR-0124,CNT-0006,view,22,2025-02-27T12:18:39
USR-0275,CNT-0057,view,463,2025-02-27T12:22:31
USR-0874,CNT-0042,skip,114,2025-02-27T12:25:30
USR-0843,CNT-0049,complete,338,2025-02-27T12:31:09
USR-0641,CNT-0046,click,24,2025-02-27T12:41:48
USR-0894,CNT-0403,like,1141,2025-02-27T12:43:05
USR-0645,CNT-0213,complete,1606,2025-02-27T12:46:44
USR-0477,CNT-0473,complete,1994,2025-02-27T12:48:01
USR-0749,CNT-0046,skip,83,2025-02-27T12:52:22
USR-0673,CNT-0294,view,33,2025-02-27T12:57:07
USR-0491,CNT-0053,view,41,2025-02-27T13:08:34
USR-0714,CNT-0025,click,2116,2025-02-27T13:08:52
USR-0534,CNT-0458,click,1510,2025-02-27T13:27:32
USR-0931,CNT-0072,click,22,2025-02-27T13:43:46
USR-0457,CNT-0095,like,339,2025-02-27T13:56:09
USR-0857,CNT-0478,view,46,2025-02-27T13:59:19
USR-0809,CNT-0411,complete,806,2025-02-27T14:03:18
USR-0944,CNT-0255,complete,2416,2025-02-27T14:06:44
USR-0794,CNT-0133,view,37,2025-02-27T14:07:26
USR-0257,CNT-0179,view,24,2025-02-27T14:09:06
USR-0273,CNT-0193,view,4393,2025-02-27T14:30:36
USR-0405,CNT-0479,view,241,2025-02-27T14:33:01
USR-0635,CNT-0318,click,629,2025-02-27T14:34:24
USR-0401,CNT-0413,like,273,2025-02-27T14:39:09
USR-0412,CNT-0020,view,53,2025-02-27T14:39:14
USR-0575,CNT-0081,complete,339,2025-02-27T14:44:39
USR-0073,CNT-0308,like,1263,2025-02-27T14:45:04
USR-0878,CNT-0284,view,700,2025-02-27T14:46:00
USR-0629,CNT-0231,view,525,2025-02-27T14:47:23
USR-0239,CNT-0489,complete,3203,2025-02-27T14:49:17
USR-0711,CNT-0423,skip,428,2025-02-27T14:56:10
USR-0763,CNT-0404,complete,643,2025-02-27T15:01:12
USR-0840,CNT-0472,view,1,2025-02-27T15:04:45
USR-0390,CNT-0103,view,1519,2025-02-27T15:06:19
USR-0826,CNT-0177,view,3789,2025-02-27T15:24:15
USR-0523,CNT-0125,view,3110,2025-02-27T15:27:16
USR-0321,CNT-0193,complete,4269,2025-02-27T15:40:04
USR-0734,CNT-0293,skip,412,2025-02-27T15:46:17
USR-0324,CNT-0305,view,51,2025-02-27T15:55:57
USR-0409,CNT-0118,like,456,2025-02-27T16:07:09
USR-0859,CNT-0354,click,201,2025-02-27T16:07:15
USR-0079,CNT-0076,complete,585,2025-02-27T16:07:56
USR-0089,CNT-0031,like,884,2025-02-27T16:22:56
USR-0968,CNT-0256,view,442,2025-02-27T16:24:08
USR-0048,CNT-0018,view,98,2025-02-27T16:28:28
USR-0562,CNT-0488,view,63,2025-02-27T16:40:12
USR-0709,CNT-0121,complete,142,2025-02-27T16:48:56
USR-0343,CNT-0326,complete,1121,2025-02-27T16:57:51
USR-0258,CNT-0324,complete,869,2025-02-27T17:07:52
USR-0349,CNT-0088,skip,69,2025-02-27T17:10:16
USR-0131,CNT-0129,complete,712,2025-02-27T17:16:34
USR-0187,CNT-0220,complete,129,2025-02-27T17:17:18
USR-0031,CNT-0451,complete,689,2025-02-27T17:18:57
USR-0957,CNT-0460,complete,4416,2025-02-27T17:25:04
USR-0927,CNT-0204,skip,142,2025-02-27T17:33:11
USR-0011,CNT-0315,complete,4837,2025-02-27T18:30:05
USR-0480,CNT-0236,view,22,2025-02-27T18:35:21
USR-0071,CNT-0021,complete,968,2025-02-27T18:38:40
USR-0813,CNT-0390,skip,550,2025-02-27T18:41:11
USR-0796,CNT-0114,view,534,2025-02-27T18:42:47
USR-0391,CNT-0240,view,38,2025-02-27T18:52:39
USR-0863,CNT-0093,like,47,2025-02-27T18:53:51
USR-0273,CNT-0035,click,125,2025-02-27T19:05:01
USR-0792,CNT-0190,skip,369,2025-02-27T19:08:32
USR-0164,CNT-0025,view,746,2025-02-27T19:08:37
USR-0963,CNT-0316,view,1091,2025-02-27T19:09:36
USR-0850,CNT-0235,click,135,2025-02-27T19:24:47
USR-0931,CNT-0392,like,352,2025-02-27T19:28:26
USR-0820,CNT-0260,view,592,2025-02-27T19:29:44
USR-0460,CNT-0127,like,116,2025-02-27T19:31:54
USR-0082,CNT-0235,view,88,2025-02-27T19:32:13
USR-0086,CNT-0115,like,525,2025-02-27T19:33:17
USR-0034,CNT-0165,view,594,2025-02-27T19:43:05
USR-0700,CNT-0359,skip,182,2025-02-27T20:04:26
USR-0776,CNT-0377,like,34,2025-02-27T20:07:08
USR-0415,CNT-0087,click,203,2025-02-27T20:20:53
USR-0474,CNT-0492,complete,4039,2025-02-27T20:24:09
USR-0245,CNT-0080,click,12,2025-02-27T20:24:58
USR-0541,CNT-0408,click,107,2025-02-27T20:30:41
USR-0090,CNT-0424,view,204,2025-02-27T20:39:05
USR-0173,CNT-0254,click,2793,2025-02-27T20:41:50
USR-0437,CNT-0173,like,231,2025-02-27T20:42:25
USR-0411,CNT-0114,like,710,2025-02-27T20:42:39
USR-0466,CNT-0427,click,256,2025-02-27T20:59:07
USR-0781,CNT-0292,view,65,2025-02-27T20:59:17
USR-0144,CNT-0360,skip,15,2025-02-27T21:15:25
USR-0258,CNT-0337,view,600,2025-02-27T21:19:15
USR-0983,CNT-0357,view,1492,2025-02-27T21:22:48
USR-0954,CNT-0466,view,206,2025-02-27T21:23:22
USR-0084,CNT-0385,click,882,2025-02-27T21:30:52
USR-0627,CNT-0303,like,236,2025-02-27T21:37:16
USR-0585,CNT-0242,view,393,2025-02-27T21:40:47
USR-0711,CNT-0235,view,704,2025-02-27T22:06:36
USR-0989,CNT-0296,click,21,2025-02-27T22:08:03
USR-0724,CNT-0385,click,1111,2025-02-27T22:09:36
USR-0079,CNT-0191,like,92,2025-02-27T22:42:28
USR-0410,CNT-0203,click,13,2025-02-27T22:48:17
USR-0796,CNT-0116,view,57,2025-02-27T22:48:53
USR-0335,CNT-0451,complete,739,2025-02-27T22:58:06
USR-0635,CNT-0328,skip,2,2025-02-27T22:59:02
USR-0507,CNT-0323,skip,710,2025-02-27T23:14:35
USR-0999,CNT-0267,click,906,2025-02-27T23:20:59
USR-0427,CNT-0272,click,233,2025-02-27T23:21:36
USR-0339,CNT-0195,click,343,2025-02-27T23:23:08
USR-0701,CNT-0337,like,280,2025-02-27T23:29:02
USR-0798,CNT-0196,like,214,2025-02-27T23:34:08
USR-0378,CNT-0181,skip,403,2025-02-27T23:37:01
USR-0336,CNT-0232,click,66,2025-02-27T23:40:15
USR-0993,CNT-0001,view,225,2025-02-27T23:40:30
USR-0558,CNT-0349,view,3843,2025-02-27T23:40:41
USR-0929,CNT-0057,skip,4,2025-02-27T23:45:41
USR-0224,CNT-0292,skip,3,2025-02-27T23:46:27
USR-0153,CNT-0167,view,76,2025-02-27T23:51:25
USR-0250,CNT-0350,view,137,2025-02-27T23:57:06
USR-0846,CNT-0191,click,486,2025-02-28T00:07:31
USR-0170,CNT-0075,click,316,2025-02-28T00:09:36
USR-0054,CNT-0385,view,49,2025-02-28T00:19:19
USR-0237,CNT-0478,like,319,2025-02-28T00:21:13
USR-0390,CNT-0488,click,100,2025-02-28T00:23:16
USR-0968,CNT-0210,click,2858,2025-02-28T00:25:03
USR-0658,CNT-0372,view,679,2025-02-28T00:25:09
USR-0879,CNT-0400,click,62,2025-02-28T00:47:29
USR-0395,CNT-0376,like,11,2025-02-28T00:49:44
USR-0895,CNT-0099,view,442,2025-02-28T00:55:55
USR-0337,CNT-0115,complete,552,2025-02-28T00:57:45
USR-0414,CNT-0005,like,1268,2025-02-28T01:05:11
USR-0480,CNT-0164,complete,3802,2025-02-28T01:07:49
USR-0686,CNT-0129,click,344,2025-02-28T01:08:45
USR-0408,CNT-0084,like,43,2025-02-28T01:16:26
USR-0905,CNT-0430,click,59,2025-02-28T01:52:51
USR-0239,CNT-0016,view,746,2025-02-28T01:56:50
USR-0445,CNT-0479,view,624,2025-02-28T01:56:56
USR-0471,CNT-0031,view,1228,2025-02-28T02:18:29
USR-0836,CNT-0203,click,34,2025-02-28T02:20:28
USR-0869,CNT-0375,view,85,2025-02-28T02:20:29
USR-0941,CNT-0239,view,218,2025-02-28T02:20:55
USR-0041,CNT-0482,click,427,2025-02-28T02:46:39
USR-0121,CNT-0088,complete,282,2025-02-28T02:53:49
USR-0166,CNT-0495,skip,134,2025-02-28T03:00:11
USR-0657,CNT-0117,click,2018,2025-02-28T03:03:04
USR-0786,CNT-0049,skip,38,2025-02-28T03:05:57
USR-0863,CNT-0498,skip,131,2025-02-28T03:10:12
USR-0763,CNT-0005,view,1916,2025-02-28T03:10:31
USR-0199,CNT-0372,view,96,2025-02-28T03:13:03
USR-0756,CNT-0285,skip,114,2025-02-28T03:14:17
USR-0528,CNT-0186,complete,2757,2025-02-28T03:17:27
USR-0894,CNT-0460,view,2594,2025-02-28T03:17:55
USR-0909,CNT-0060,click,271,2025-02-28T03:25:32
USR-0105,CNT-0202,view,561,2025-02-28T03:26:04
USR-0773,CNT-0093,view,71,2025-02-28T03:28:51
USR-0402,CNT-0199,click,23,2025-02-28T03:50:45
USR-0299,CNT-0119,view,2471,2025-02-28T03:52:50
USR-0871,CNT-0274,skip,1092,2025-02-28T04:15:45
USR-0870,CNT-0238,complete,843,2025-02-28T04:22:34
USR-0199,CNT-0372,skip,126,2025-02-28T04:24:09
USR-0662,CNT-0184,click,118,2025-02-28T04:28:10
USR-0635,CNT-0050,complete,587,2025-02-28T04:40:05
USR-0054,CNT-0238,view,150,2025-02-28T04:41:04
USR-0173,CNT-0028,skip,120,2025-02-28T04:54:06
USR-0408,CNT-0057,view,610,2025-02-28T04:55:31
USR-0937,CNT-0212,view,3054,2025-02-28T04:57:19
USR-0679,CNT-0489,view,1883,2025-02-28T04:58:05
USR-0370,CNT-0309,complete,227,2025-02-28T04:59:54
USR-0556,CNT-0366,view,56,2025-02-28T05:05:30
USR-0699,CNT-0345,skip,36,2025-02-28T05:09:28
USR-0300,CNT-0439,skip,199,2025-02-28T05:20:47
USR-0758,CNT-0437,view,1735,2025-02-28T05:24:24
USR-0505,CNT-0029,complete,393,2025-02-28T05:24:25
USR-0631,CNT-0273,click,20,2025-02-28T05:25:08
USR-0559,CNT-0126,view,213,2025-02-28T05:26:46
USR-0089,CNT-0104,complete,2047,2025-02-28T05:29:57
USR-0492,CNT-0345,click,481,2025-02-28T05:37:00
USR-0512,CNT-0053,view,9,2025-02-28T05:37:52
USR-0720,CNT-0266,like,2062,2025-02-28T05:58:34
USR-0231,CNT-0246,complete,711,2025-02-28T06:03:15
USR-0507,CNT-0186,click,846,2025-02-28T06:17:39
USR-0508,CNT-0307,like,442,2025-02-28T06:24:52
USR-0519,CNT-0293,skip,184,2025-02-28T06:27:36
USR-0231,CNT-0272,skip,14,2025-02-28T06:31:57
USR-0961,CNT-0353,complete,5797,2025-02-28T06:38:36
USR-0454,CNT-0088,click,80,2025-02-28T06:39:27
USR-0500,CNT-0137,view,763,2025-02-28T06:40:52
USR-0114,CNT-0383,view,203,2025-02-28T06:55:22
USR-0382,CNT-0379,click,175,2025-02-28T07:01:50
USR-0060,CNT-0424,view,207,2025-02-28T07:05:32
USR-0269,CNT-0463,complete,1865,2025-02-28T07:06:19
USR-0239,CNT-0485,view,67,2025-02-28T07:11:02
USR-0846,CNT-0099,like,626,2025-02-28T07:29:44
USR-0252,CNT-0226,complete,535,2025-02-28T07:37:01
USR-0011,CNT-0148,view,435,2025-02-28T07:42:07
USR-0832,CNT-0216,click,3421,2025-02-28T07:44:17
USR-0675,CNT-0141,view,791,2025-02-28T07:45:02
USR-0775,CNT-0273,view,54,2025-02-28T07:52:23
USR-0319,CNT-0450,skip,673,2025-02-28T07:55:50
USR-0502,CNT-0064,like,590,2025-02-28T07:58:57
USR-0975,CNT-0379,view,133,2025-02-28T08:12:02
USR-0984,CNT-0221,view,165,2025-02-28T08:17:27
USR-0584,CNT-0091,view,36,2025-02-28T08:18:49
USR-0453,CNT-0292,click,19,2025-02-28T08:19:23
USR-0421,CNT-0464,view,342,2025-02-28T08:23:03
USR-0876,CNT-0277,like,38,2025-02-28T08:33:13
USR-0793,CNT-0451,complete,756,2025-02-28T08:34:06
USR-0463,CNT-0151,view,1189,2025-02-28T08:42:42
USR-0479,CNT-0438,view,474,2025-02-28T08:52:52
USR-0989,CNT-0017,click,2018,2025-02-28T09:02:03
USR-0059,CNT-0358,view,123,2025-02-28T09:20:10
USR-0032,CNT-0349,like,77,2025-02-28T09:22:51
USR-0858,CNT-0110,skip,37,2025-02-28T09:30:57
USR-0424,CNT-0376,skip,7,2025-02-28T09:39:21
USR-0559,CNT-0148,click,57,2025-02-28T09:47:39
USR-0021,CNT-0036,complete,613,2025-02-28T09:49:44
USR-0765,CNT-0068,like,243,2025-02-28T09:49:48
USR-0789,CNT-0115,click,200,2025-02-28T09:55:58
USR-0450,CNT-0014,click,2013,2025-02-28T09:58:10
USR-0544,CNT-0242,view,226,2025-02-28T10:08:58
USR-0284,CNT-0166,like,14,2025-02-28T10:31:23
USR-0835,CNT-0368,complete,217,2025-02-28T10:40:44
USR-0780,CNT-0399,view,3529,2025-02-28T10:52:51
USR-0750,CNT-0469,view,695,2025-02-28T10:54:34
USR-0968,CNT-0250,like,116,2025-02-28T10:59:57
USR-0556,CNT-0216,complete,4647,2025-02-28T11:06:56
USR-0972,CNT-0016,like,813,2025-02-28T11:18:22
USR-0144,CNT-0254,view,1503,2025-02-28T11:21:26
USR-0389,CNT-0413,complete,560,2025-02-28T11:23:06
USR-0895,CNT-0295,click,30,2025-02-28T11:25:01
USR-0628,CNT-0336,complete,345,2025-02-28T11:26:49
USR-0353,CNT-0248,view,8,2025-02-28T11:38:18
USR-0019,CNT-0456,complete,674,2025-02-28T11:48:05
USR-0853,CNT-0393,view,505,2025-02-28T11:51:06
USR-0754,CNT-0398,click,167,2025-02-28T11:54:07
USR-0149,CNT-0308,click,1326,2025-02-28T12:00:28
USR-0984,CNT-0349,view,2721,2025-02-28T12:20:10
USR-0537,CNT-0261,complete,720,2025-02-28T12:23:28
USR-0223,CNT-0218,like,442,2025-02-28T12:28:40
USR-0518,CNT-0018,click,84,2025-02-28T12:30:37
USR-0548,CNT-0446,skip,243,2025-02-28T12:32:59
USR-0203,CNT-0296,view,5,2025-02-28T12:33:37
USR-0338,CNT-0228,view,958,2025-02-28T12:44:34
USR-0180,CNT-0241,view,354,2025-02-28T13:05:53
USR-0724,CNT-0347,view,1872,2025-02-28T13:13:28
USR-0675,CNT-0117,complete,1806,2025-02-28T13:18:51
USR-0545,CNT-0093,click,137,2025-02-28T13:36:04
USR-0528,CNT-0257,complete,356,2025-02-28T13:41:28
USR-0254,CNT-0453,click,156,2025-02-28T13:46:08
USR-0745,CNT-0390,view,790,2025-02-28T14:04:00
USR-0888,CNT-0221,complete,364,2025-02-28T14:05:08
USR-0919,CNT-0151,view,2332,2025-02-28T14:12:42
USR-0967,CNT-0112,complete,5438,2025-02-28T14:31:49
USR-0351,CNT-0183,complete,5527,2025-02-28T14:33:45
USR-0176,CNT-0375,view,151,2025-02-28T14:34:25
USR-0718,CNT-0162,view,171,2025-02-28T14:36:27
USR-0030,CNT-0477,view,3279,2025-02-28T14:37:50
USR-0600,CNT-0357,complete,2283,2025-02-28T14:44:21
USR-0494,CNT-0430,complete,501,2025-02-28T14:51:17
USR-0516,CNT-0269,click,111,2025-02-28T15:16:53
USR-0242,CNT-0444,click,150,2025-02-28T15:27:23
USR-0705,CNT-0131,view,628,2025-02-28T15:27:27
USR-0955,CNT-0114,view,165,2025-02-28T15:48:32
USR-0868,CNT-0466,view,13,2025-02-28T15:55:25
USR-0918,CNT-0066,skip,131,2025-02-28T16:05:47
USR-0840,CNT-0306,complete,60,2025-02-28T16:18:48
USR-0609,CNT-0201,complete,3860,2025-02-28T16:19:57
USR-0515,CNT-0065,click,89,2025-02-28T16:27:24
USR-0584,CNT-0228,view,627,2025-02-28T16:34:47
USR-0244,CNT-0335,view,69,2025-02-28T16:47:23
USR-0230,CNT-0102,click,2407,2025-02-28T16:49:22
USR-0395,CNT-0154,view,20,2025-02-28T16:54:55
USR-0317,CNT-0090,view,1125,2025-02-28T16:56:47
USR-0883,CNT-0315,click,1661,2025-02-28T16:57:38
USR-0598,CNT-0014,view,3897,2025-02-28T17:33:16
USR-0198,CNT-0363,like,4189,2025-02-28T17:37:23
USR-0620,CNT-0227,skip,31,2025-02-28T17:37:49
USR-0863,CNT-0248,like,35,2025-02-28T17:40:01
USR-0975,CNT-0063,view,71,2025-02-28T17:41:37
USR-0762,CNT-0097,complete,3958,2025-02-28T17:51:40
USR-0397,CNT-0132,view,35,2025-02-28T17:59:13
USR-0323,CNT-0341,view,41,2025-02-28T18:08:10
USR-0610,CNT-0026,like,432,2025-02-28T18:11:00
USR-0574,CNT-0239,complete,734,2025-02-28T18:15:41
USR-0641,CNT-0047,click,223,2025-02-28T18:19:16
USR-0279,CNT-0293,view,1629,2025-02-28T18:25:31
USR-0101,CNT-0007,complete,3405,2025-02-28T18:28:21
USR-0132,CNT-0117,complete,1759,2025-02-28T18:34:19
USR-0444,CNT-0298,like,1858,2025-02-28T18:35:26
USR-0432,CNT-0168,click,311,2025-02-28T18:42:08
USR-0588,CNT-0090,view,27,2025-02-28T18:52:52
USR-0612,CNT-0402,view,799,2025-02-28T18:54:20
USR-0167,CNT-0430,skip,120,2025-02-28T19:01:02
USR-0932,CNT-0193,like,1131,2025-02-28T19:01:25
USR-0467,CNT-0324,view,249,2025-02-28T19:19:56
USR-0684,CNT-0170,skip,0,2025-02-28T19:20:29
USR-0059,CNT-0337,complete,753,2025-02-28T19:26:12
USR-0318,CNT-0126,view,71,2025-02-28T19:26:21
USR-0848,CNT-0440,complete,4054,2025-02-28T19:28:22
USR-0711,CNT-0098,like,3773,2025-02-28T19:37:37
USR-0939,CNT-0425,click,483,2025-02-28T19:42:49
USR-0500,CNT-0188,complete,1028,2025-02-28T19:56:22
USR-0036,CNT-0409,click,290,2025-02-28T19:56:37
USR-0883,CNT-0285,view,831,2025-02-28T20:00:45
USR-0475,CNT-0149,view,143,2025-02-28T20:08:29
USR-0167,CNT-0199,complete,110,2025-02-28T20:10:27
USR-0839,CNT-0155,view,26,2025-02-28T20:19:36
USR-0535,CNT-0366,complete,227,2025-02-28T20:20:25
USR-0137,CNT-0259,view,418,2025-02-28T20:26:11
USR-0340,CNT-0459,view,537,2025-02-28T20:49:34
USR-0942,CNT-0197,click,1453,2025-02-28T20:55:58
USR-0312,CNT-0339,view,479,2025-02-28T20:59:52
USR-0516,CNT-0192,click,45,2025-02-28T21:04:35
USR-0622,CNT-0086,view,3180,2025-02-28T21:06:10
USR-0274,CNT-0124,complete,242,2025-02-28T21:07:37
USR-0492,CNT-0236,view,13,2025-02-28T21:10:51
USR-0659,CNT-0389,click,63,2025-02-28T21:12:33
USR-0164,CNT-0363,click,3056,2025-02-28T21:20:02
USR-0009,CNT-0428,like,129,2025-02-28T21:27:22
USR-0508,CNT-0267,view,717,2025-02-28T21:35:29
USR-0089,CNT-0080,like,64,2025-02-28T21:37:43
USR-0313,CNT-0029,view,409,2025-02-28T21:44:48
USR-0315,CNT-0460,skip,1320,2025-02-28T21:45:08
USR-0953,CNT-0401,click,9,2025-02-28T21:45:15
USR-0517,CNT-0027,view,102,2025-02-28T21:55:37
USR-0582,CNT-0279,click,1590,2025-02-28T22:15:25
USR-0430,CNT-0143,skip,1034,2025-02-28T22:16:14
USR-0816,CNT-0473,skip,496,2025-02-28T22:17:58
USR-0300,CNT-0408,click,96,2025-02-28T22:27:56
USR-0751,CNT-0063,complete,66,2025-02-28T22:39:00
USR-1000,CNT-0245,click,99,2025-02-28T22:43:31
USR-0417,CNT-0226,click,613,2025-02-28T23:02:03
USR-0887,CNT-0089,like,57,2025-02-28T23:10:32
USR-0678,CNT-0476,skip,1,2025-02-28T23:16:58
USR-0542,CNT-0221,like,243,2025-02-28T23:18:05
USR-0781,CNT-0419,like,62,2025-02-28T23:19:59
USR-0730,CNT-0258,like,3089,2025-02-28T23:24:37
USR-0512,CNT-0238,like,759,2025-02-28T23:38:35
USR-0988,CNT-0128,complete,319,2025-02-28T23:39:14
USR-0075,CNT-0051,complete,52,2025-02-28T23:45:44
USR-0667,CNT-0367,click,546,2025-02-28T23:56:06
USR-0707,CNT-0147,skip,532,2025-03-01T00:07:46
USR-0036,CNT-0297,like,136,2025-03-01T00:12:13
USR-0175,CNT-0342,skip,104,2025-03-01T00:21:34
USR-0086,CNT-0139,complete,1302,2025-03-01T00:30:03
USR-0787,CNT-0449,complete,2847,2025-03-01T00:34:41
USR-0249,CNT-0118,like,2478,2025-03-01T00:37:44
USR-0620,CNT-0396,view,8,2025-03-01T00:41:49
USR-0640,CNT-0087,skip,120,2025-03-01T00:51:26
USR-0056,CNT-0421,like,2314,2025-03-01T00:58:44
USR-0073,CNT-0285,like,910,2025-03-01T00:59:38
USR-0891,CNT-0332,view,706,2025-03-01T01:21:44
USR-0336,CNT-0193,skip,230,2025-03-01T01:22:39
USR-0423,CNT-0376,click,41,2025-03-01T01:42:21
USR-0069,CNT-0082,skip,1,2025-03-01T02:03:37
USR-0439,CNT-0407,complete,150,2025-03-01T02:08:10
USR-0584,CNT-0468,complete,1634,2025-03-01T02:12:48
USR-0554,CNT-0313,like,1,2025-03-01T02:24:17
USR-0926,CNT-0464,skip,95,2025-03-01T02:33:25
USR-0337,CNT-0013,skip,2,2025-03-01T02:34:33
USR-0772,CNT-0234,click,2499,2025-03-01T02:36:44
USR-0777,CNT-0394,click,32,2025-03-01T02:43:25
USR-0424,CNT-0039,view,2287,2025-03-01T02:44:59
USR-0318,CNT-0130,click,35,2025-03-01T02:55:06
USR-0533,CNT-0125,complete,4506,2025-03-01T03:08:23
USR-0192,CNT-0265,like,275,2025-03-01T03:31:47
USR-0364,CNT-0117,complete,2099,2025-03-01T03:39:10
USR-0947,CNT-0076,view,643,2025-03-01T03:40:26
USR-0180,CNT-0223,view,2515,2025-03-01T03:53:22
USR-0789,CNT-0232,view,77,2025-03-01T04:00:17
USR-0570,CNT-0499,view,256,2025-03-01T04:02:13
USR-0992,CNT-0151,like,3677,2025-03-01T04:04:25
USR-0592,CNT-0274,complete,3802,2025-03-01T04:20:05
USR-0345,CNT-0279,complete,2963,2025-03-01T04:28:06
USR-0092,CNT-0015,view,82,2025-03-01T04:46:09
USR-0550,CNT-0054,view,251,2025-03-01T04:49:52
USR-0805,CNT-0040,skip,6,2025-03-01T05:06:48
USR-0151,CNT-0331,click,2000,2025-03-01T05:22:11
USR-0506,CNT-0034,complete,610,2025-03-01T05:24:25
USR-0716,CNT-0074,like,149,2025-03-01T05:27:02
USR-0839,CNT-0293,click,55,2025-03-01T05:30:01
USR-0283,CNT-0159,complete,955,2025-03-01T05:37:29
USR-0452,CNT-0027,complete,1710,2025-03-01T06:06:23
USR-0310,CNT-0252,skip,550,2025-03-01T06:12:17
USR-0201,CNT-0380,click,92,2025-03-01T06:23:27
USR-0737,CNT-0309,complete,219,2025-03-01T06:24:34
USR-0570,CNT-0499,complete,221,2025-03-01T06:26:26
USR-0940,CNT-0265,click,221,2025-03-01T06:32:04
USR-0133,CNT-0121,like,28,2025-03-01T06:36:11
USR-0957,CNT-0134,view,747,2025-03-01T06:36:58
USR-0999,CNT-0372,click,287,2025-03-01T06:37:27
USR-0241,CNT-0179,view,0,2025-03-01T06:43:23
USR-0837,CNT-0409,view,1330,2025-03-01T06:45:57
USR-0913,CNT-0352,view,4005,2025-03-01T06:47:51
USR-0699,CNT-0082,view,336,2025-03-01T06:59:59
USR-0945,CNT-0003,click,2522,2025-03-01T07:08:28
USR-0123,CNT-0381,click,860,2025-03-01T07:12:03
USR-0446,CNT-0090,view,635,2025-03-01T07:12:14
USR-0929,CNT-0200,click,75,2025-03-01T07:17:41
USR-0195,CNT-0160,skip,53,2025-03-01T07:20:08
USR-0758,CNT-0405,skip,4,2025-03-01T07:39:15
USR-0037,CNT-0398,complete,144,2025-03-01T07:44:55
USR-0558,CNT-0304,skip,162,2025-03-01T07:48:38
USR-0045,CNT-0084,view,8,2025-03-01T07:56:27
USR-0802,CNT-0404,skip,128,2025-03-01T07:58:02
USR-0471,CNT-0165,complete,3297,2025-03-01T07:58:42
USR-0011,CNT-0101,complete,356,2025-03-01T07:59:26
USR-0429,CNT-0279,complete,3217,2025-03-01T08:12:15
USR-0258,CNT-0388,like,2933,2025-03-01T08:12:24
USR-0868,CNT-0098,complete,5722,2025-03-01T08:13:47
USR-0022,CNT-0169,skip,9,2025-03-01T08:17:35
USR-0077,CNT-0273,view,132,2025-03-01T08:18:34
USR-0937,CNT-0368,like,191,2025-03-01T08:22:59
USR-0781,CNT-0302,view,39,2025-03-01T08:25:46
USR-0782,CNT-0462,click,230,2025-03-01T08:28:28
USR-0456,CNT-0245,view,13,2025-03-01T08:38:02
USR-0445,CNT-0315,click,3297,2025-03-01T08:38:57
USR-0197,CNT-0274,complete,3629,2025-03-01T08:47:58
USR-0163,CNT-0169,view,54,2025-03-01T09:11:37
USR-0360,CNT-0065,view,20,2025-03-01T09:12:38
USR-0351,CNT-0435,view,103,2025-03-01T09:44:55
USR-0472,CNT-0286,view,1252,2025-03-01T09:45:33
USR-0253,CNT-0266,view,2334,2025-03-01T09:52:03
USR-0377,CNT-0085,click,3834,2025-03-01T09:58:29
USR-0725,CNT-0180,skip,16,2025-03-01T10:13:56
USR-0164,CNT-0392,view,1035,2025-03-01T10:16:32
USR-0821,CNT-0173,view,198,2025-03-01T10:16:37
USR-0238,CNT-0350,view,50,2025-03-01T10:19:32
USR-0606,CNT-0454,click,426,2025-03-01T10:21:08
USR-0200,CNT-0335,view,2451,2025-03-01T10:23:16
USR-0936,CNT-0309,complete,219,2025-03-01T10:28:59
USR-0127,CNT-0207,complete,5463,2025-03-01T10:34:02
USR-0974,CNT-0427,like,282,2025-03-01T10:39:12
USR-0871,CNT-0422,view,66,2025-03-01T10:45:51
USR-0867,CNT-0430,skip,83,2025-03-01T10:50:27
USR-0091,CNT-0372,view,727,2025-03-01T11:07:59
USR-0789,CNT-0080,view,26,2025-03-01T11:17:05
USR-0602,CNT-0122,like,99,2025-03-01T11:28:56
USR-0279,CNT-0198,click,1349,2025-03-01T11:30:25
USR-0216,CNT-0184,view,185,2025-03-01T11:52:35
USR-0620,CNT-0223,complete,2400,2025-03-01T12:05:41
USR-0995,CNT-0385,complete,3388,2025-03-01T12:10:51
USR-0162,CNT-0243,complete,371,2025-03-01T12:28:22
USR-0701,CNT-0336,skip,39,2025-03-01T12:29:04
USR-0848,CNT-0137,view,301,2025-03-01T12:42:23
USR-0023,CNT-0038,view,137,2025-03-01T12:45:25
USR-0633,CNT-0242,view,220,2025-03-01T12:45:41
USR-0049,CNT-0039,complete,3131,2025-03-01T12:51:25
USR-0785,CNT-0165,click,3195,2025-03-01T12:54:44
USR-0486,CNT-0156,view,1294,2025-03-01T13:01:47
USR-0212,CNT-0369,view,3965,2025-03-01T13:06:06
USR-0751,CNT-0065,complete,126,2025-03-01T13:06:18
USR-0324,CNT-0405,skip,7,2025-03-01T13:15:16
USR-0137,CNT-0454,view,300,2025-03-01T13:22:20
USR-0227,CNT-0423,skip,572,2025-03-01T13:23:30
USR-0568,CNT-0074,view,48,2025-03-01T13:42:34
USR-0940,CNT-0041,view,273,2025-03-01T13:48:35
USR-0501,CNT-0127,view,88,2025-03-01T13:57:01
USR-0322,CNT-0392,view,254,2025-03-01T14:01:04
USR-0833,CNT-0442,complete,304,2025-03-01T14:12:34
USR-0829,CNT-0224,view,2315,2025-03-01T14:22:20
USR-0741,CNT-0234,like,830,2025-03-01T14:28:16
USR-0738,CNT-0114,click,209,2025-03-01T14:43:05
USR-0548,CNT-0216,skip,466,2025-03-01T14:54:38
USR-0437,CNT-0144,complete,1818,2025-03-01T14:54:49
USR-0625,CNT-0447,skip,183,2025-03-01T15:12:07
USR-0298,CNT-0364,click,324,2025-03-01T15:18:09
USR-0456,CNT-0265,like,260,2025-03-01T15:18:49
USR-0303,CNT-0472,view,173,2025-03-01T15:22:24
USR-0061,CNT-0158,click,83,2025-03-01T15:26:27
USR-0103,CNT-0024,like,5,2025-03-01T15:34:13
USR-0170,CNT-0316,click,861,2025-03-01T15:48:56
USR-0315,CNT-0475,skip,3,2025-03-01T15:49:53
USR-0150,CNT-0450,view,986,2025-03-01T15:53:55
USR-0513,CNT-0354,view,388,2025-03-01T15:55:44
USR-0550,CNT-0032,complete,431,2025-03-01T16:24:39
USR-0289,CNT-0187,like,83,2025-03-01T16:37:07
USR-0818,CNT-0078,view,214,2025-03-01T16:46:49
USR-0745,CNT-0045,click,169,2025-03-01T16:47:21
USR-0295,CNT-0407,click,30,2025-03-01T16:54:40
USR-0529,CNT-0282,click,21,2025-03-01T16:54:59
USR-0409,CNT-0092,complete,1714,2025-03-01T17:05:16
USR-0595,CNT-0041,view,322,2025-03-01T17:15:32
USR-0954,CNT-0431,complete,592,2025-03-01T17:17:28
USR-0946,CNT-0331,click,2904,2025-03-01T17:21:11
USR-0668,CNT-0013,click,2080,2025-03-01T17:22:38
USR-0035,CNT-0405,click,14,2025-03-01T17:29:47
USR-0158,CNT-0291,skip,36,2025-03-01T17:50:09
USR-0674,CNT-0020,click,19,2025-03-01T17:55:56
USR-0458,CNT-0458,view,2365,2025-03-01T17:58:58
USR-0005,CNT-0229,like,145,2025-03-01T18:09:51
USR-0633,CNT-0433,view,3,2025-03-01T18:17:21
USR-0556,CNT-0152,like,9,2025-03-01T18:19:44
USR-0553,CNT-0385,like,214,2025-03-01T18:24:43
USR-0002,CNT-0183,complete,5495,2025-03-01T18:27:29
USR-0003,CNT-0080,click,26,2025-03-01T18:28:42
USR-0677,CNT-0223,complete,2592,2025-03-01T18:38:56
USR-0676,CNT-0080,click,74,2025-03-01T18:39:56
USR-0520,CNT-0430,complete,549,2025-03-01T18:45:23
USR-0880,CNT-0131,click,1287,2025-03-01T18:48:50
USR-0952,CNT-0177,view,2865,2025-03-01T18:52:35
USR-0096,CNT-0408,skip,9,2025-03-01T18:57:47
USR-0664,CNT-0380,view,181,2025-03-01T18:58:15
USR-0304,CNT-0267,like,484,2025-03-01T19:10:36
USR-0176,CNT-0283,complete,281,2025-03-01T19:12:13
USR-0144,CNT-0437,like,1202,2025-03-01T19:21:41
USR-0610,CNT-0096,like,2026,2025-03-01T19:28:18
USR-0340,CNT-0423,like,1374,2025-03-01T19:37:27
USR-0025,CNT-0392,view,716,2025-03-01T19:53:56
USR-0226,CNT-0414,click,109,2025-03-01T19:55:25
USR-0826,CNT-0426,view,67,2025-03-01T19:59:26
USR-0441,CNT-0144,complete,1756,2025-03-01T20:00:29
USR-0607,CNT-0297,skip,228,2025-03-01T20:07:07
USR-0417,CNT-0440,like,2491,2025-03-01T20:09:33
USR-0017,CNT-0464,view,273,2025-03-01T20:10:56
USR-0602,CNT-0354,view,10,2025-03-01T20:11:47
USR-0356,CNT-0322,click,181,2025-03-01T20:17:34
USR-0666,CNT-0251,view,725,2025-03-01T20:25:02
USR-0146,CNT-0235,skip,227,2025-03-01T20:25:27
USR-0249,CNT-0421,complete,2954,2025-03-01T20:26:54
USR-0757,CNT-0198,view,1747,2025-03-01T20:27:10
USR-0985,CNT-0119,skip,70,2025-03-01T20:28:48
USR-0814,CNT-0346,view,4041,2025-03-01T20:37:16
USR-0261,CNT-0326,click,1154,2025-03-01T20:41:25
USR-0161,CNT-0037,skip,1129,2025-03-01T20:44:12
USR-0979,CNT-0107,like,630,2025-03-01T20:46:51
USR-0962,CNT-0266,like,1879,2025-03-01T20:49:54
USR-0430,CNT-0222,skip,15,2025-03-01T21:00:52
USR-0626,CNT-0382,like,3783,2025-03-01T21:06:29
USR-0834,CNT-0200,view,110,2025-03-01T21:12:17
USR-0263,CNT-0398,complete,149,2025-03-01T21:13:36
USR-0117,CNT-0041,click,701,2025-03-01T21:14:39
USR-0471,CNT-0338,view,190,2025-03-01T21:15:57
USR-0373,CNT-0145,click,684,2025-03-01T21:17:35
USR-0730,CNT-0167,view,822,2025-03-01T21:17:59
USR-0258,CNT-0348,view,27,2025-03-01T21:21:30
USR-0925,CNT-0333,complete,147,2025-03-01T21:28:57
USR-0028,CNT-0497,like,8,2025-03-01T21:33:05
USR-0350,CNT-0348,like,39,2025-03-01T21:34:30
USR-0383,CNT-0407,complete,129,2025-03-01T21:41:18
USR-0696,CNT-0079,click,1923,2025-03-01T21:43:02
USR-0208,CNT-0337,view,214,2025-03-01T21:43:15
USR-0979,CNT-0305,view,290,2025-03-01T21:45:24
USR-0817,CNT-0427,complete,494,2025-03-01T21:46:13
USR-0581,CNT-0121,click,107,2025-03-01T22:01:17
USR-0550,CNT-0248,view,2,2025-03-01T22:15:35
USR-0085,CNT-0264,click,572,2025-03-01T22:35:00
USR-0695,CNT-0271,view,1645,2025-03-01T22:55:49
USR-0020,CNT-0365,click,509,2025-03-01T22:57:02
USR-0103,CNT-0365,skip,206,2025-03-01T23:07:45
USR-0692,CNT-0028,complete,2821,2025-03-01T23:14:02
USR-0806,CNT-0428,skip,25,2025-03-01T23:15:14
USR-0538,CNT-0034,skip,88,2025-03-01T23:19:05
USR-0088,CNT-0179,complete,32,2025-03-01T23:21:00
USR-0211,CNT-0380,like,296,2025-03-01T23:23:53
USR-0359,CNT-0416,skip,12,2025-03-01T23:28:31
USR-0967,CNT-0040,view,36,2025-03-01T23:35:27
USR-0124,CNT-0494,complete,341,2025-03-01T23:41:31
USR-0597,CNT-0337,complete,718,2025-03-01T23:50:06
USR-0388,CNT-0279,complete,3007,2025-03-01T23:55:29
USR-0018,CNT-0241,like,427,2025-03-01T23:58:17
USR-0086,CNT-0150,view,1815,2025-03-02T00:14:43
USR-0147,CNT-0410,view,26,2025-03-02T00:28:27
USR-0660,CNT-0100,like,403,2025-03-02T00:28:52
USR-0992,CNT-0446,complete,1073,2025-03-02T00:36:55
USR-0746,CNT-0100,view,318,2025-03-02T00:47:33
USR-0501,CNT-0148,skip,24,2025-03-02T00:53:48
USR-0698,CNT-0483,view,1617,2025-03-02T00:56:29
USR-0150,CNT-0190,skip,401,2025-03-02T01:12:28
USR-0257,CNT-0011,like,512,2025-03-02T01:26:22
USR-0772,CNT-0054,view,303,2025-03-02T01:28:21
USR-0781,CNT-0068,click,460,2025-03-02T01:50:40
USR-0864,CNT-0475,click,7,2025-03-02T02:35:54
USR-0377,CNT-0265,skip,56,2025-03-02T02:43:03
USR-0225,CNT-0114,skip,137,2025-03-02T02:48:36
USR-0465,CNT-0305,complete,770,2025-03-02T02:53:40
USR-0394,CNT-0238,click,635,2025-03-02T02:54:42
USR-0760,CNT-0181,click,632,2025-03-02T02:56:06
USR-0787,CNT-0069,view,1355,2025-03-02T02:56:50
USR-0722,CNT-0439,view,520,2025-03-02T03:18:34
USR-0571,CNT-0245,view,153,2025-03-02T03:21:51
USR-0929,CNT-0120,click,418,2025-03-02T03:24:36
USR-0932,CNT-0495,view,340,2025-03-02T03:25:21
USR-0713,CNT-0260,view,779,2025-03-02T03:44:29
USR-0366,CNT-0322,like,488,2025-03-02T03:47:16
USR-0935,CNT-0266,view,1095,2025-03-02T03:50:45
USR-0846,CNT-0468,skip,121,2025-03-02T03:59:51
USR-0466,CNT-0012,view,40,2025-03-02T04:08:01
USR-0004,CNT-0193,skip,130,2025-03-02T04:10:48
USR-0283,CNT-0432,like,464,2025-03-02T04:25:30
USR-0397,CNT-0102,complete,2288,2025-03-02T04:25:52
USR-0342,CNT-0207,view,879,2025-03-02T04:38:07
USR-0687,CNT-0156,view,1847,2025-03-02T04:42:33
USR-0478,CNT-0176,skip,220,2025-03-02T04:47:10
USR-0317,CNT-0255,view,2208,2025-03-02T04:48:02
USR-0292,CNT-0121,like,98,2025-03-02T05:13:20
USR-0552,CNT-0378,click,1202,2025-03-02T05:14:40
USR-0614,CNT-0127,click,99,2025-03-02T05:37:59
USR-0939,CNT-0200,complete,2414,2025-03-02T05:49:07
USR-0863,CNT-0064,like,3693,2025-03-02T05:53:54
USR-0282,CNT-0059,like,61,2025-03-02T05:54:30
USR-0291,CNT-0127,view,32,2025-03-02T06:10:58
USR-0072,CNT-0359,click,173,2025-03-02T06:12:55
USR-0217,CNT-0028,click,2688,2025-03-02T06:20:12
USR-0043,CNT-0002,click,106,2025-03-02T06:24:19
USR-0661,CNT-0464,complete,564,2025-03-02T06:33:22
USR-0925,CNT-0410,complete,70,2025-03-02T06:40:09
USR-0307,CNT-0208,like,1859,2025-03-02T06:45:01
USR-0320,CNT-0094,view,188,2025-03-02T06:54:21
USR-0162,CNT-0441,click,22,2025-03-02T07:25:14
USR-0325,CNT-0478,click,180,2025-03-02T07:41:38
USR-0777,CNT-0358,like,639,2025-03-02T07:55:30
USR-0940,CNT-0235,complete,779,2025-03-02T08:02:30
USR-0733,CNT-0280,view,11,2025-03-02T08:03:37
USR-0931,CNT-0340,view,437,2025-03-02T08:23:37
USR-0067,CNT-0187,like,48,2025-03-02T08:25:06
USR-0583,CNT-0344,view,219,2025-03-02T08:33:20
USR-0982,CNT-0088,skip,18,2025-03-02T08:43:08
USR-0587,CNT-0275,like,22,2025-03-02T08:58:11
USR-0369,CNT-0412,complete,1746,2025-03-02T08:59:51
USR-0075,CNT-0163,skip,823,2025-03-02T09:02:05
USR-0668,CNT-0182,complete,140,2025-03-02T09:10:12
USR-0326,CNT-0250,view,107,2025-03-02T09:22:00
USR-0493,CNT-0434,click,7,2025-03-02T09:23:36
USR-0176,CNT-0496,complete,107,2025-03-02T09:30:41
USR-0520,CNT-0068,complete,855,2025-03-02T09:33:27
USR-0004,CNT-0040,click,44,2025-03-02T09:38:26
USR-0023,CNT-0248,view,96,2025-03-02T09:57:21
USR-0222,CNT-0297,view,1493,2025-03-02T10:05:37
USR-0941,CNT-0351,view,241,2025-03-02T10:18:48
USR-0258,CNT-0052,skip,1,2025-03-02T10:58:11
USR-0928,CNT-0124,click,266,2025-03-02T11:02:57
USR-0817,CNT-0155,view,123,2025-03-02T11:05:56
USR-0882,CNT-0405,view,16,2025-03-02T11:08:38
USR-0211,CNT-0315,skip,99,2025-03-02T11:09:26
USR-0307,CNT-0465,skip,196,2025-03-02T11:11:23
USR-0356,CNT-0424,like,226,2025-03-02T11:16:27
USR-0237,CNT-0172,view,99,2025-03-02T11:39:24
USR-0828,CNT-0291,complete,813,2025-03-02T11:40:51
USR-0027,CNT-0107,complete,553,2025-03-02T11:44:47
USR-0560,CNT-0257,view,247,2025-03-02T11:47:35
USR-0268,CNT-0120,view,1286,2025-03-02T12:06:55
USR-0436,CNT-0363,complete,4533,2025-03-02T12:43:16
USR-0708,CNT-0371,like,162,2025-03-02T12:49:27
USR-0765,CNT-0107,view,182,2025-03-02T13:05:33
USR-0890,CNT-0253,click,19,2025-03-02T13:08:06
USR-0064,CNT-0059,view,414,2025-03-02T13:09:26
USR-0545,CNT-0235,click,877,2025-03-02T13:11:21
USR-0356,CNT-0299,complete,100,2025-03-02T13:23:14
USR-0130,CNT-0387,like,264,2025-03-02T13:31:34
USR-0121,CNT-0085,click,4605,2025-03-02T13:32:32
USR-0667,CNT-0198,like,1260,2025-03-02T13:35:39
USR-0230,CNT-0212,view,2671,2025-03-02T13:36:21
USR-0955,CNT-0194,click,769,2025-03-02T13:37:09
USR-0972,CNT-0427,view,258,2025-03-02T14:05:37
USR-0768,CNT-0100,complete,372,2025-03-02T14:08:38
USR-0879,CNT-0108,skip,47,2025-03-02T14:09:38
USR-0737,CNT-0267,complete,1024,2025-03-02T14:19:33
USR-0393,CNT-0455,complete,64,2025-03-02T14:32:37
USR-0824,CNT-0204,view,2062,2025-03-02T14:35:52
USR-0296,CNT-0306,skip,1,2025-03-02T14:37:01
USR-0153,CNT-0345,like,98,2025-03-02T14:42:37
USR-0259,CNT-0212,skip,27,2025-03-02T14:45:22
USR-0421,CNT-0241,click,2721,2025-03-02T14:45:55
USR-0177,CNT-0259,view,286,2025-03-02T14:57:41
USR-0834,CNT-0306,like,46,2025-03-02T14:58:33
USR-0889,CNT-0169,like,8,2025-03-02T14:59:10
USR-0734,CNT-0366,view,170,2025-03-02T14:59:46
USR-0324,CNT-0258,complete,3179,2025-03-02T15:03:57
USR-0265,CNT-0290,like,524,2025-03-02T15:14:18
USR-0143,CNT-0305,skip,193,2025-03-02T15:21:35
USR-0611,CNT-0104,view,437,2025-03-02T15:24:42
USR-0759,CNT-0134,skip,75,2025-03-02T15:32:49
USR-0621,CNT-0307,like,178,2025-03-02T15:37:35
USR-0493,CNT-0420,skip,633,2025-03-02T15:49:15
USR-0034,CNT-0269,skip,61,2025-03-02T16:07:24
USR-0508,CNT-0202,view,1891,2025-03-02T16:11:47
USR-0045,CNT-0053,view,91,2025-03-02T16:16:05
USR-0719,CNT-0150,click,1293,2025-03-02T16:30:42
USR-0634,CNT-0171,complete,1010,2025-03-02T16:39:50
USR-0657,CNT-0251,view,888,2025-03-02T16:46:41
USR-0665,CNT-0254,complete,3338,2025-03-02T16:48:36
USR-0830,CNT-0268,view,1499,2025-03-02T16:51:23
USR-0864,CNT-0331,complete,3091,2025-03-02T17:06:48
USR-0752,CNT-0152,like,155,2025-03-02T17:13:50
USR-0690,CNT-0066,skip,110,2025-03-02T17:19:36
USR-0231,CNT-0069,skip,284,2025-03-02T17:21:49
USR-0024,CNT-0106,view,1313,2025-03-02T17:32:37
USR-0737,CNT-0398,complete,139,2025-03-02T17:38:42
USR-0570,CNT-0449,skip,267,2025-03-02T17:42:12
USR-0045,CNT-0248,view,76,2025-03-02T17:43:40
USR-0712,CNT-0005,view,1707,2025-03-02T17:53:23
USR-0563,CNT-0249,view,512,2025-03-02T18:02:45
USR-0624,CNT-0026,view,426,2025-03-02T18:03:53
USR-0872,CNT-0208,like,3078,2025-03-02T18:05:06
USR-0483,CNT-0284,skip,95,2025-03-02T18:05:48
USR-0397,CNT-0450,complete,3291,2025-03-02T18:19:15
USR-0337,CNT-0194,like,271,2025-03-02T18:21:43
USR-0109,CNT-0052,skip,42,2025-03-02T18:33:58
USR-0579,CNT-0437,complete,4533,2025-03-02T18:37:27
USR-0256,CNT-0105,view,2,2025-03-02T18:40:24
USR-0491,CNT-0478,skip,168,2025-03-02T18:45:36
USR-0007,CNT-0299,complete,105,2025-03-02T19:01:38
USR-0427,CNT-0394,skip,5,2025-03-02T19:10:25
USR-0588,CNT-0440,view,3699,2025-03-02T19:17:49
USR-0564,CNT-0104,like,1988,2025-03-02T19:34:01
USR-0085,CNT-0140,view,3841,2025-03-02T19:36:13
USR-0301,CNT-0232,complete,73,2025-03-02T19:48:50
USR-0213,CNT-0423,skip,596,2025-03-02T19:53:28
USR-0232,CNT-0413,like,403,2025-03-02T20:03:38
USR-0148,CNT-0097,view,1250,2025-03-02T20:05:45
USR-0170,CNT-0042,view,643,2025-03-02T20:10:40
USR-0299,CNT-0075,skip,105,2025-03-02T20:11:32
USR-0775,CNT-0428,like,310,2025-03-02T20:18:28
USR-0551,CNT-0230,complete,71,2025-03-02T20:26:24
USR-0640,CNT-0231,like,3488,2025-03-02T20:27:52
USR-0576,CNT-0133,view,159,2025-03-02T20:32:54
USR-0425,CNT-0203,view,21,2025-03-02T20:38:15
USR-0191,CNT-0394,view,76,2025-03-02T20:47:18
USR-0205,CNT-0333,complete,136,2025-03-02T20:48:38
USR-0607,CNT-0447,like,2861,2025-03-02T21:10:34
USR-0734,CNT-0129,view,1,2025-03-02T21:13:00
USR-0514,CNT-0389,view,0,2025-03-02T21:26:32
USR-0240,CNT-0361,view,1284,2025-03-02T21:30:17
USR-0775,CNT-0071,complete,82,2025-03-02T21:33:49
USR-0423,CNT-0083,click,204,2025-03-02T21:36:37
USR-0513,CNT-0431,view,623,2025-03-02T21:45:01
USR-0948,CNT-0003,view,792,2025-03-02T21:46:25
USR-0136,CNT-0120,view,292,2025-03-02T21:54:41
USR-0267,CNT-0332,view,294,2025-03-02T22:02:11
USR-0498,CNT-0273,click,129,2025-03-02T22:07:05
USR-0199,CNT-0020,complete,48,2025-03-02T22:12:25
USR-0795,CNT-0167,click,925,2025-03-02T22:22:48
USR-0362,CNT-0299,skip,2,2025-03-02T22:27:56
USR-0528,CNT-0286,skip,455,2025-03-02T22:57:58
USR-0929,CNT-0197,complete,2107,2025-03-02T23:14:05
USR-0338,CNT-0140,like,170,2025-03-02T23:14:16
USR-0513,CNT-0354,complete,405,2025-03-02T23:19:12
USR-0213,CNT-0112,complete,4541,2025-03-02T23:21:20
USR-0610,CNT-0210,click,1381,2025-03-02T23:21:23
USR-0446,CNT-0289,skip,11,2025-03-02T23:30:12
USR-0128,CNT-0255,complete,2202,2025-03-02T23:34:19
USR-0630,CNT-0366,like,13,2025-03-02T23:46:18
USR-0841,CNT-0314,complete,3695,2025-03-02T23:57:54
USR-0334,CNT-0116,view,55,2025-03-02T23:59:09
USR-0971,CNT-0263,view,42,2025-03-02T23:59:43
USR-0811,CNT-0303,view,204,2025-03-03T00:02:11
USR-0771,CNT-0201,complete,3290,2025-03-03T00:04:51
USR-0874,CNT-0046,complete,563,2025-03-03T00:09:59
USR-0459,CNT-0005,complete,2151,2025-03-03T00:15:35
USR-0175,CNT-0373,click,4473,2025-03-03T00:15:57
USR-0915,CNT-0483,view,408,2025-03-03T00:28:07
USR-0353,CNT-0348,skip,9,2025-03-03T00:31:49
USR-0205,CNT-0255,complete,1981,2025-03-03T00:38:06
USR-0661,CNT-0345,click,676,2025-03-03T00:40:32
USR-0635,CNT-0325,complete,894,2025-03-03T00:47:31
USR-0597,CNT-0054,view,227,2025-03-03T00:49:10
USR-0736,CNT-0176,like,2336,2025-03-03T01:00:08
USR-0362,CNT-0334,skip,15,2025-03-03T01:02:10
USR-0395,CNT-0346,view,4428,2025-03-03T01:24:50
USR-0025,CNT-0357,view,2243,2025-03-03T01:50:59
USR-0457,CNT-0446,view,1050,2025-03-03T01:55:05
USR-0666,CNT-0156,complete,3277,2025-03-03T02:01:52
USR-0817,CNT-0437,like,3285,2025-03-03T02:05:46
USR-0537,CNT-0409,click,991,2025-03-03T02:06:07
USR-0705,CNT-0060,view,211,2025-03-03T02:06:50
USR-0185,CNT-0458,view,1888,2025-03-03T02:13:47
USR-0082,CNT-0341,like,61,2025-03-03T02:15:08
USR-0626,CNT-0148,skip,130,2025-03-03T02:27:49
USR-0112,CNT-0299,like,115,2025-03-03T02:41:14
USR-0603,CNT-0465,view,214,2025-03-03T02:46:34
USR-0277,CNT-0211,like,23,2025-03-03T02:50:43
USR-0087,CNT-0360,view,850,2025-03-03T02:54:32
USR-0703,CNT-0346,complete,4211,2025-03-03T02:58:48
USR-0560,CNT-0484,skip,30,2025-03-03T03:08:29
USR-0179,CNT-0470,click,167,2025-03-03T03:22:54
USR-0487,CNT-0137,like,113,2025-03-03T03:34:21
USR-0009,CNT-0154,skip,35,2025-03-03T03:37:08
USR-0892,CNT-0003,like,725,2025-03-03T03:43:44
USR-0737,CNT-0238,view,563,2025-03-03T03:48:49
USR-0963,CNT-0463,like,1757,2025-03-03T03:57:44
USR-0368,CNT-0069,view,4231,2025-03-03T03:58:32
USR-0142,CNT-0091,click,40,2025-03-03T03:59:50
USR-0811,CNT-0296,like,229,2025-03-03T04:02:07
USR-0140,CNT-0250,complete,229,2025-03-03T04:03:45
USR-0423,CNT-0221,like,9,2025-03-03T04:13:36
USR-0103,CNT-0123,view,246,2025-03-03T04:16:25
USR-0748,CNT-0228,click,833,2025-03-03T04:19:58
USR-0721,CNT-0279,view,2692,2025-03-03T04:23:00
USR-0896,CNT-0097,complete,4145,2025-03-03T04:29:35
USR-0750,CNT-0066,click,816,2025-03-03T04:29:47
USR-0276,CNT-0107,skip,97,2025-03-03T04:30:18
USR-0881,CNT-0077,skip,127,2025-03-03T04:31:39
USR-0923,CNT-0284,view,1487,2025-03-03T04:38:55
USR-0418,CNT-0470,view,751,2025-03-03T05:07:12
USR-0767,CNT-0463,complete,1983,2025-03-03T05:25:33
USR-0618,CNT-0189,complete,2943,2025-03-03T05:28:56
USR-0728,CNT-0338,skip,43,2025-03-03T05:39:10
USR-0447,CNT-0445,like,99,2025-03-03T05:45:58
USR-0092,CNT-0190,skip,28,2025-03-03T05:55:40
USR-0757,CNT-0465,complete,945,2025-03-03T05:56:42
USR-0501,CNT-0141,view,490,2025-03-03T06:02:01
USR-0982,CNT-0398,view,151,2025-03-03T06:07:09
USR-0488,CNT-0462,like,1264,2025-03-03T06:07:58
USR-0279,CNT-0213,complete,1481,2025-03-03T06:08:10
USR-0956,CNT-0304,view,405,2025-03-03T06:22:03
USR-0009,CNT-0387,view,292,2025-03-03T06:23:37
USR-0733,CNT-0299,skip,22,2025-03-03T06:30:37
USR-0127,CNT-0139,complete,1363,2025-03-03T06:30:58
USR-0994,CNT-0458,complete,2747,2025-03-03T06:37:16
USR-0077,CNT-0341,like,20,2025-03-03T07:01:34
USR-0235,CNT-0244,like,174,2025-03-03T07:03:09
USR-0216,CNT-0429,view,1797,2025-03-03T07:09:30
USR-0413,CNT-0025,skip,80,2025-03-03T07:13:53
USR-0585,CNT-0248,like,99,2025-03-03T07:14:38
USR-0684,CNT-0162,complete,241,2025-03-03T07:15:31
USR-0102,CNT-0381,view,484,2025-03-03T07:21:51
USR-0823,CNT-0103,click,1261,2025-03-03T07:31:18
USR-0572,CNT-0262,complete,3253,2025-03-03T07:33:31
USR-0707,CNT-0384,complete,4037,2025-03-03T07:35:46
USR-0027,CNT-0392,complete,1093,2025-03-03T07:41:16
USR-0474,CNT-0441,complete,66,2025-03-03T07:48:35
USR-0370,CNT-0257,complete,398,2025-03-03T07:49:38
USR-0446,CNT-0459,complete,520,2025-03-03T07:52:44
USR-0908,CNT-0329,view,330,2025-03-03T07:56:26
USR-0430,CNT-0203,click,32,2025-03-03T08:00:38
USR-0970,CNT-0166,view,296,2025-03-03T08:05:12
USR-0149,CNT-0168,click,167,2025-03-03T08:17:07
USR-0755,CNT-0474,view,788,2025-03-03T08:23:15
USR-0028,CNT-0103,skip,279,2025-03-03T08:23:41
USR-0097,CNT-0187,click,55,2025-03-03T09:03:43
USR-0395,CNT-0221,skip,40,2025-03-03T09:13:50
USR-0685,CNT-0468,view,316,2025-03-03T09:18:15
USR-0475,CNT-0428,like,140,2025-03-03T09:26:37
USR-0982,CNT-0326,like,846,2025-03-03T09:31:16
USR-0690,CNT-0058,click,393,2025-03-03T09:36:13
USR-0102,CNT-0186,view,2212,2025-03-03T09:52:17
USR-0005,CNT-0037,click,991,2025-03-03T09:53:07
USR-0428,CNT-0010,complete,6000,2025-03-03T10:00:21
USR-0428,CNT-0350,view,110,2025-03-03T10:03:14
USR-0203,CNT-0337,click,288,2025-03-03T10:05:05
USR-0641,CNT-0188,click,596,2025-03-03T10:08:09
USR-0249,CNT-0348,view,11,2025-03-03T10:12:28
USR-0216,CNT-0267,view,711,2025-03-03T10:15:28
USR-0658,CNT-0336,like,123,2025-03-03T10:22:58
USR-0474,CNT-0491,view,85,2025-03-03T10:30:05
USR-0994,CNT-0463,complete,1974,2025-03-03T10:35:56
USR-0307,CNT-0349,skip,1094,2025-03-03T10:43:12
USR-0502,CNT-0273,complete,122,2025-03-03T10:44:59
USR-0087,CNT-0264,view,296,2025-03-03T10:48:37
USR-0448,CNT-0218,view,825,2025-03-03T10:58:42
USR-0758,CNT-0177,view,1138,2025-03-03T10:59:20
USR-0349,CNT-0244,like,648,2025-03-03T11:00:31
USR-0626,CNT-0173,view,23,2025-03-03T11:13:57
USR-0182,CNT-0001,view,149,2025-03-03T11:14:54
USR-0801,CNT-0012,like,196,2025-03-03T11:17:17
USR-0085,CNT-0023,skip,470,2025-03-03T11:54:30
USR-0657,CNT-0002,click,23,2025-03-03T11:55:06
USR-0876,CNT-0153,like,4452,2025-03-03T11:59:52
USR-0249,CNT-0490,skip,423,2025-03-03T12:19:32
USR-0883,CNT-0189,complete,2981,2025-03-03T12:23:55
USR-0672,CNT-0175,like,2958,2025-03-03T12:41:53
USR-0916,CNT-0106,like,1204,2025-03-03T12:43:43
USR-0420,CNT-0342,view,76,2025-03-03T12:55:33
USR-0399,CNT-0030,skip,43,2025-03-03T12:58:04
USR-0167,CNT-0456,click,106,2025-03-03T12:59:19
USR-0299,CNT-0174,skip,9,2025-03-03T13:04:53
USR-0930,CNT-0025,skip,12,2025-03-03T13:04:59
USR-0847,CNT-0266,skip,638,2025-03-03T13:24:11
USR-0880,CNT-0257,skip,34,2025-03-03T13:26:36
USR-0047,CNT-0362,complete,2699,2025-03-03T13:27:28
USR-0586,CNT-0482,view,23,2025-03-03T13:38:25
USR-0762,CNT-0252,view,2538,2025-03-03T13:42:29
USR-0404,CNT-0466,view,100,2025-03-03T13:50:46
USR-0545,CNT-0163,skip,1271,2025-03-03T13:57:04
USR-0646,CNT-0169,view,38,2025-03-03T13:59:41
USR-0401,CNT-0309,like,107,2025-03-03T14:07:14
USR-0810,CNT-0288,view,683,2025-03-03T14:11:53
USR-0496,CNT-0347,view,1846,2025-03-03T14:14:41
USR-0387,CNT-0449,click,3015,2025-03-03T14:15:46
USR-0640,CNT-0480,like,739,2025-03-03T14:22:37
USR-0186,CNT-0103,complete,2028,2025-03-03T14:26:20
USR-0844,CNT-0468,skip,435,2025-03-03T14:36:22
USR-0935,CNT-0285,click,865,2025-03-03T14:37:48
USR-0736,CNT-0293,view,170,2025-03-03T14:38:31
USR-0998,CNT-0315,click,5214,2025-03-03T14:44:08
USR-0872,CNT-0426,click,1182,2025-03-03T14:51:07
USR-0621,CNT-0385,complete,3827,2025-03-03T15:03:18
USR-0500,CNT-0377,skip,8,2025-03-03T15:03:19
USR-0009,CNT-0361,complete,4822,2025-03-03T15:06:00
USR-0531,CNT-0366,like,19,2025-03-03T15:06:23
USR-0506,CNT-0083,view,124,2025-03-03T15:14:49
USR-0565,CNT-0266,complete,2530,2025-03-03T15:20:55
USR-0544,CNT-0387,click,41,2025-03-03T15:24:25
USR-0322,CNT-0021,complete,899,2025-03-03T15:39:07
USR-0885,CNT-0055,view,243,2025-03-03T15:52:07
USR-0638,CNT-0380,view,271,2025-03-03T15:53:50
USR-0349,CNT-0111,click,14,2025-03-03T15:53:52
USR-0517,CNT-0477,view,2806,2025-03-03T16:03:11
USR-0785,CNT-0335,view,2812,2025-03-03T16:09:04
USR-0675,CNT-0232,complete,86,2025-03-03T16:11:31
USR-0496,CNT-0355,like,1275,2025-03-03T16:11:52
USR-0526,CNT-0180,complete,111,2025-03-03T16:15:05
USR-0330,CNT-0378,view,808,2025-03-03T16:20:56
USR-0624,CNT-0096,click,708,2025-03-03T16:21:20
USR-0424,CNT-0058,complete,1264,2025-03-03T16:22:17
USR-0668,CNT-0103,click,48,2025-03-03T16:24:35
USR-0945,CNT-0324,complete,917,2025-03-03T16:37:19
USR-0637,CNT-0241,view,1087,2025-03-03T16:40:13
USR-0069,CNT-0310,view,2747,2025-03-03T16:42:01
USR-0290,CNT-0251,like,52,2025-03-03T16:42:41
USR-0382,CNT-0286,like,256,2025-03-03T16:47:54
USR-0933,CNT-0054,view,161,2025-03-03T16:51:41
USR-0351,CNT-0361,complete,4615,2025-03-03T16:55:26
USR-0314,CNT-0030,skip,136,2025-03-03T17:11:50
USR-0703,CNT-0318,like,319,2025-03-03T17:13:14
USR-0394,CNT-0396,complete,927,2025-03-03T17:22:18
USR-0445,CNT-0012,click,51,2025-03-03T17:22:52
USR-0319,CNT-0223,like,784,2025-03-03T17:30:48
USR-0480,CNT-0302,click,37,2025-03-03T17:35:43
USR-0428,CNT-0144,view,1058,2025-03-03T17:45:30
USR-0715,CNT-0165,click,12,2025-03-03T17:48:19
USR-0091,CNT-0386,complete,750,2025-03-03T17:50:29
USR-0313,CNT-0500,complete,5256,2025-03-03T17:56:05
USR-0659,CNT-0315,view,5299,2025-03-03T18:06:26
USR-0195,CNT-0360,view,361,2025-03-03T18:14:45
USR-0990,CNT-0470,view,581,2025-03-03T18:35:18
USR-0669,CNT-0230,click,24,2025-03-03T18:57:31
USR-0518,CNT-0153,skip,454,2025-03-03T19:01:25
USR-0897,CNT-0138,skip,171,2025-03-03T19:02:46
USR-0780,CNT-0348,view,31,2025-03-03T19:04:39
USR-0384,CNT-0419,complete,2088,2025-03-03T19:06:35
USR-0988,CNT-0373,complete,5171,2025-03-03T19:11:04
USR-0020,CNT-0016,skip,117,2025-03-03T19:32:32
USR-0678,CNT-0142,view,2829,2025-03-03T19:32:37
USR-0392,CNT-0252,skip,345,2025-03-03T19:42:51
USR-0469,CNT-0183,complete,4671,2025-03-03T19:44:00
USR-0130,CNT-0158,view,105,2025-03-03T20:05:35
USR-0761,CNT-0236,skip,7,2025-03-03T20:09:46
USR-0104,CNT-0451,view,374,2025-03-03T20:10:54
USR-0488,CNT-0418,view,885,2025-03-03T20:15:06
USR-0271,CNT-0496,complete,124,2025-03-03T20:20:51
USR-0607,CNT-0099,click,484,2025-03-03T20:31:21
USR-0550,CNT-0443,view,2349,2025-03-03T20:32:05
USR-0120,CNT-0293,view,315,2025-03-03T20:35:30
USR-0251,CNT-0285,click,149,2025-03-03T20:36:57
USR-0170,CNT-0217,skip,148,2025-03-03T20:37:01
USR-0075,CNT-0473,view,1617,2025-03-03T20:41:23
USR-0843,CNT-0084,view,56,2025-03-03T20:42:32
USR-0927,CNT-0075,view,183,2025-03-03T20:43:18
USR-0588,CNT-0165,skip,798,2025-03-03T20:48:55
USR-0949,CNT-0026,view,409,2025-03-03T20:56:15
USR-0821,CNT-0152,view,137,2025-03-03T21:10:59
USR-0864,CNT-0195,view,524,2025-03-03T21:18:50
USR-0148,CNT-0075,complete,357,2025-03-03T21:19:53
USR-0430,CNT-0433,view,227,2025-03-03T21:25:54
USR-0832,CNT-0229,view,317,2025-03-03T21:27:27
USR-0275,CNT-0323,like,2555,2025-03-03T21:35:38
USR-0875,CNT-0474,click,862,2025-03-03T21:47:23
USR-0360,CNT-0092,view,1776,2025-03-03T21:47:34
USR-0029,CNT-0117,view,1725,2025-03-03T22:00:02
USR-0180,CNT-0233,click,0,2025-03-03T22:27:49
USR-0986,CNT-0406,complete,1154,2025-03-03T22:28:34
USR-0610,CNT-0174,view,20,2025-03-03T22:31:52
USR-0212,CNT-0234,click,1060,2025-03-03T22:32:36
USR-0688,CNT-0082,view,621,2025-03-03T22:33:27
USR-0685,CNT-0309,like,110,2025-03-03T22:34:40
USR-0237,CNT-0112,view,4038,2025-03-03T22:59:42
USR-0934,CNT-0171,view,986,2025-03-03T23:11:43
USR-0774,CNT-0183,complete,5569,2025-03-03T23:13:37
USR-0340,CNT-0274,complete,4193,2025-03-03T23:16:57
USR-0637,CNT-0180,like,2,2025-03-03T23:43:18
USR-0353,CNT-0040,view,33,2025-03-03T23:44:16
USR-0100,CNT-0462,view,1498,2025-03-03T23:48:51
USR-0536,CNT-0116,complete,56,2025-03-03T23:52:16
USR-0186,CNT-0144,view,1941,2025-03-03T23:57:07
USR-0519,CNT-0268,complete,4049,2025-03-04T00:02:02
USR-0726,CNT-0442,view,115,2025-03-04T00:05:08
USR-0211,CNT-0182,view,133,2025-03-04T00:10:29
USR-0173,CNT-0123,like,354,2025-03-04T00:15:53
USR-0560,CNT-0153,view,4212,2025-03-04T00:17:47
USR-0369,CNT-0111,view,48,2025-03-04T00:21:27
USR-0809,CNT-0463,click,15,2025-03-04T00:26:06
USR-0260,CNT-0169,like,9,2025-03-04T00:27:59
USR-0809,CNT-0500,complete,4967,2025-03-04T00:40:44
USR-0243,CNT-0271,complete,2082,2025-03-04T00:43:25
USR-0862,CNT-0400,view,10,2025-03-04T00:48:53
USR-0651,CNT-0315,view,655,2025-03-04T01:06:03
USR-0122,CNT-0495,view,242,2025-03-04T01:11:53
USR-0319,CNT-0308,complete,1597,2025-03-04T01:39:00
USR-0125,CNT-0030,view,319,2025-03-04T01:44:32
USR-0628,CNT-0339,click,161,2025-03-04T01:48:50
USR-0544,CNT-0470,view,442,2025-03-04T02:15:08
USR-0096,CNT-0482,click,440,2025-03-04T02:23:13
USR-0230,CNT-0025,view,160,2025-03-04T02:24:42
USR-0587,CNT-0325,complete,947,2025-03-04T02:40:53
USR-0136,CNT-0188,complete,970,2025-03-04T02:42:29
USR-0270,CNT-0114,complete,677,2025-03-04T02:48:46
USR-0188,CNT-0461,view,1473,2025-03-04T02:53:08
USR-0001,CNT-0132,view,103,2025-03-04T02:53:50
USR-0450,CNT-0074,like,166,2025-03-04T03:00:22
USR-0708,CNT-0129,skip,58,2025-03-04T03:05:04
USR-0964,CNT-0323,click,1113,2025-03-04T03:09:27
USR-0710,CNT-0352,complete,4364,2025-03-04T03:19:00
USR-0570,CNT-0171,click,724,2025-03-04T03:19:28
USR-0284,CNT-0364,skip,227,2025-03-04T03:30:00
USR-0531,CNT-0089,view,46,2025-03-04T03:34:56
USR-0822,CNT-0481,click,588,2025-03-04T03:37:24
USR-0283,CNT-0001,view,217,2025-03-04T03:42:37
USR-0040,CNT-0287,complete,80,2025-03-04T03:48:44
USR-0024,CNT-0496,click,101,2025-03-04T03:51:57
USR-0046,CNT-0222,like,30,2025-03-04T03:52:25
USR-0484,CNT-0138,complete,591,2025-03-04T04:07:42
USR-0587,CNT-0177,like,770,2025-03-04T04:12:06
USR-0602,CNT-0115,like,458,2025-03-04T04:16:41
USR-0611,CNT-0188,like,641,2025-03-04T04:25:28
USR-0865,CNT-0496,complete,104,2025-03-04T04:27:17
USR-0056,CNT-0200,view,820,2025-03-04T04:36:03
USR-0193,CNT-0112,complete,5338,2025-03-04T04:40:53
USR-0857,CNT-0295,like,64,2025-03-04T04:41:40
USR-0193,CNT-0298,like,2718,2025-03-04T04:45:27
USR-0603,CNT-0014,click,2434,2025-03-04T04:53:18
USR-0850,CNT-0410,skip,3,2025-03-04T04:58:06
USR-0285,CNT-0043,like,1747,2025-03-04T05:05:30
USR-0062,CNT-0495,click,666,2025-03-04T05:13:02
USR-0324,CNT-0019,complete,77,2025-03-04T05:31:26
USR-0489,CNT-0014,complete,4809,2025-03-04T05:33:55
USR-0989,CNT-0243,click,107,2025-03-04T05:39:04
USR-0994,CNT-0372,click,315,2025-03-04T05:45:06
USR-0621,CNT-0390,like,2148,2025-03-04T05:46:31
USR-0056,CNT-0090,click,829,2025-03-04T05:48:41
USR-0943,CNT-0368,view,134,2025-03-04T05:49:06
USR-0306,CNT-0347,click,1738,2025-03-04T05:51:52
USR-0405,CNT-0341,complete,71,2025-03-04T05:53:10
USR-0675,CNT-0084,complete,148,2025-03-04T05:53:43
USR-0588,CNT-0473,view,873,2025-03-04T05:58:44
USR-0085,CNT-0229,click,353,2025-03-04T05:58:51
USR-0825,CNT-0146,like,544,2025-03-04T06:08:40
USR-0071,CNT-0306,view,37,2025-03-04T06:11:09
USR-0510,CNT-0466,click,232,2025-03-04T06:11:58
USR-0322,CNT-0417,view,432,2025-03-04T06:22:33
USR-0622,CNT-0139,skip,11,2025-03-04T06:29:15
USR-0802,CNT-0280,view,31,2025-03-04T06:36:23
USR-0594,CNT-0289,skip,14,2025-03-04T06:42:59
USR-0063,CNT-0192,view,59,2025-03-04T06:43:24
USR-0806,CNT-0239,click,563,2025-03-04T06:50:13
USR-0386,CNT-0491,skip,349,2025-03-04T06:58:21
USR-0763,CNT-0178,view,208,2025-03-04T06:59:18
USR-0594,CNT-0478,complete,714,2025-03-04T07:00:12
USR-0640,CNT-0383,complete,345,2025-03-04T07:02:05
USR-0886,CNT-0138,skip,151,2025-03-04T07:07:28
USR-0859,CNT-0124,view,7,2025-03-04T07:07:34
USR-0639,CNT-0444,like,78,2025-03-04T07:16:27
USR-0451,CNT-0043,like,5823,2025-03-04T07:18:37
USR-0215,CNT-0103,view,933,2025-03-04T07:22:05
USR-0151,CNT-0139,view,829,2025-03-04T07:30:47
USR-0121,CNT-0230,click,3,2025-03-04T07:49:09
USR-0356,CNT-0482,skip,236,2025-03-04T07:56:13
USR-0608,CNT-0445,like,105,2025-03-04T08:02:26
USR-0199,CNT-0215,view,116,2025-03-04T08:07:47
USR-0767,CNT-0263,complete,222,2025-03-04T08:19:29
USR-0494,CNT-0154,view,159,2025-03-04T08:23:45
USR-0397,CNT-0097,click,782,2025-03-04T08:25:18
USR-0229,CNT-0125,click,1347,2025-03-04T08:25:51
USR-0448,CNT-0488,view,562,2025-03-04T08:32:03
USR-0014,CNT-0088,complete,293,2025-03-04T08:37:20
USR-0850,CNT-0084,click,54,2025-03-04T08:39:31
USR-0742,CNT-0478,view,697,2025-03-04T08:42:28
USR-0364,CNT-0218,like,1130,2025-03-04T08:43:47
USR-0395,CNT-0107,view,572,2025-03-04T09:04:34
USR-0694,CNT-0497,complete,65,2025-03-04T09:10:42
USR-0655,CNT-0246,view,238,2025-03-04T09:16:27
USR-0771,CNT-0406,view,1247,2025-03-04T09:16:28
USR-0689,CNT-0074,like,73,2025-03-04T09:23:56
USR-0900,CNT-0124,complete,246,2025-03-04T09:29:03
USR-0817,CNT-0123,like,484,2025-03-04T09:32:09
USR-0563,CNT-0405,complete,28,2025-03-04T09:32:31
USR-0224,CNT-0124,complete,277,2025-03-04T09:34:12
USR-0626,CNT-0332,view,602,2025-03-04T09:36:01
USR-0268,CNT-0156,like,2463,2025-03-04T09:36:15
USR-0122,CNT-0263,view,224,2025-03-04T09:41:25
USR-0882,CNT-0172,like,121,2025-03-04T10:03:59
USR-0908,CNT-0099,click,12,2025-03-04T10:05:54
USR-0443,CNT-0177,complete,5538,2025-03-04T10:08:24
USR-0647,CNT-0294,view,19,2025-03-04T10:14:13
USR-0929,CNT-0010,click,283,2025-03-04T10:17:55
USR-0194,CNT-0164,click,217,2025-03-04T10:21:30
USR-0589,CNT-0372,click,559,2025-03-04T10:45:40
USR-0994,CNT-0305,like,546,2025-03-04T10:53:04
USR-0983,CNT-0250,skip,37,2025-03-04T11:09:19
USR-0008,CNT-0433,view,211,2025-03-04T11:31:51
USR-0951,CNT-0289,skip,8,2025-03-04T11:38:21
USR-0183,CNT-0177,complete,4815,2025-03-04T11:44:44
USR-0219,CNT-0099,skip,33,2025-03-04T11:47:49
USR-0265,CNT-0444,click,45,2025-03-04T11:52:42
USR-0511,CNT-0026,view,529,2025-03-04T12:03:56
USR-0489,CNT-0337,view,352,2025-03-04T12:16:58
USR-0050,CNT-0384,view,3720,2025-03-04T12:23:06
USR-0610,CNT-0281,complete,4903,2025-03-04T12:25:36
USR-0358,CNT-0318,complete,764,2025-03-04T12:26:31
USR-0335,CNT-0394,click,15,2025-03-04T12:32:28
USR-0815,CNT-0343,skip,33,2025-03-04T12:35:50
USR-0864,CNT-0407,click,4,2025-03-04T12:40:29
USR-0577,CNT-0477,click,3562,2025-03-04T12:41:33
USR-0590,CNT-0378,complete,1929,2025-03-04T12:53:34
USR-0128,CNT-0224,skip,0,2025-03-04T12:54:10
USR-0993,CNT-0076,view,97,2025-03-04T12:56:12
USR-0451,CNT-0406,complete,1196,2025-03-04T12:56:25
USR-0539,CNT-0269,skip,42,2025-03-04T13:25:53
USR-0481,CNT-0363,skip,708,2025-03-04T13:26:40
USR-0077,CNT-0346,like,2056,2025-03-04T13:35:53
USR-0312,CNT-0154,click,88,2025-03-04T14:02:55
USR-0522,CNT-0117,view,1978,2025-03-04T14:03:18
USR-0065,CNT-0009,skip,1064,2025-03-04T14:11:40
USR-0671,CNT-0325,view,236,2025-03-04T14:19:55
USR-0832,CNT-0333,view,170,2025-03-04T14:24:26
USR-0918,CNT-0260,like,345,2025-03-04T14:26:10
USR-0520,CNT-0339,view,338,2025-03-04T14:32:04
USR-0181,CNT-0090,complete,1021,2025-03-04T14:38:04
USR-0597,CNT-0385,like,3992,2025-03-04T14:38:42
USR-0624,CNT-0083,complete,422,2025-03-04T14:51:15
USR-0534,CNT-0470,view,116,2025-03-04T14:54:22
USR-0664,CNT-0375,like,6,2025-03-04T14:55:59
USR-0168,CNT-0138,like,187,2025-03-04T15:01:42
USR-0479,CNT-0195,view,17,2025-03-04T15:04:30
USR-0578,CNT-0192,like,2,2025-03-04T15:12:46
USR-0551,CNT-0014,like,4410,2025-03-04T15:12:50
USR-0136,CNT-0473,skip,358,2025-03-04T15:16:06
USR-0786,CNT-0186,view,2303,2025-03-04T15:19:39
USR-0646,CNT-0416,skip,17,2025-03-04T15:19:51
USR-0238,CNT-0212,view,2384,2025-03-04T15:20:39
USR-0989,CNT-0271,skip,498,2025-03-04T15:21:42
USR-0458,CNT-0338,view,175,2025-03-04T15:24:34
USR-0829,CNT-0460,complete,5435,2025-03-04T15:30:46
USR-0312,CNT-0313,click,16,2025-03-04T15:35:00
USR-0699,CNT-0378,skip,263,2025-03-04T15:46:27
USR-0721,CNT-0098,view,381,2025-03-04T15:51:50
USR-0487,CNT-0351,complete,462,2025-03-04T15:53:07
USR-0481,CNT-0237,view,138,2025-03-04T15:53:39
USR-0419,CNT-0270,view,350,2025-03-04T15:58:22
USR-0260,CNT-0452,view,45,2025-03-04T16:02:25
USR-0002,CNT-0156,skip,76,2025-03-04T16:03:46
USR-0610,CNT-0394,like,4,2025-03-04T16:11:02
USR-0258,CNT-0286,view,1355,2025-03-04T16:14:32
USR-0404,CNT-0309,view,79,2025-03-04T16:16:37
USR-0645,CNT-0385,complete,4076,2025-03-04T16:17:23
USR-0917,CNT-0191,view,419,2025-03-04T16:18:14
USR-0356,CNT-0443,like,4204,2025-03-04T16:23:10
USR-0950,CNT-0352,like,746,2025-03-04T16:23:45
USR-0288,CNT-0097,view,813,2025-03-04T16:27:26
USR-0968,CNT-0366,skip,40,2025-03-04T16:33:35
USR-0102,CNT-0443,skip,268,2025-03-04T16:36:35
USR-0329,CNT-0279,skip,556,2025-03-04T16:38:15
USR-0251,CNT-0222,skip,4,2025-03-04T16:42:45
USR-0603,CNT-0432,view,469,2025-03-04T16:49:19
USR-0252,CNT-0356,click,5048,2025-03-04T17:00:44
USR-0851,CNT-0206,click,101,2025-03-04T17:00:48
USR-0830,CNT-0024,like,13,2025-03-04T17:02:05
USR-0499,CNT-0480,view,493,2025-03-04T17:03:18
USR-0070,CNT-0258,view,2561,2025-03-04T17:37:57
USR-0689,CNT-0160,skip,29,2025-03-04T17:40:33
USR-0618,CNT-0472,complete,183,2025-03-04T17:59:45
USR-0344,CNT-0345,like,27,2025-03-04T18:00:17
USR-0808,CNT-0122,view,147,2025-03-04T18:07:38
USR-0267,CNT-0019,skip,21,2025-03-04T18:14:51
USR-0080,CNT-0192,view,17,2025-03-04T18:17:32
USR-0626,CNT-0314,view,2438,2025-03-04T18:39:00
USR-0174,CNT-0328,complete,84,2025-03-04T18:39:47
USR-0848,CNT-0184,view,190,2025-03-04T18:47:49
USR-0582,CNT-0198,skip,19,2025-03-04T18:59:44
USR-0901,CNT-0208,complete,3000,2025-03-04T19:07:19
USR-0344,CNT-0462,like,347,2025-03-04T19:12:27
USR-0265,CNT-0091,view,12,2025-03-04T19:22:43
USR-0133,CNT-0359,complete,610,2025-03-04T19:34:16
USR-0454,CNT-0034,view,493,2025-03-04T19:39:36
USR-0211,CNT-0236,complete,36,2025-03-04T19:41:44
USR-0194,CNT-0225,complete,5658,2025-03-04T19:42:02
USR-0244,CNT-0048,complete,75,2025-03-04T19:42:32
USR-0672,CNT-0080,view,66,2025-03-04T19:43:33
USR-0172,CNT-0469,skip,84,2025-03-04T19:45:20
USR-0231,CNT-0283,view,154,2025-03-04T20:08:21
USR-0157,CNT-0237,view,491,2025-03-04T20:13:38
USR-0904,CNT-0312,complete,260,2025-03-04T20:15:00
USR-0306,CNT-0452,view,4,2025-03-04T20:24:06
USR-0821,CNT-0152,like,150,2025-03-04T20:24:41
USR-0675,CNT-0431,skip,136,2025-03-04T20:45:57
USR-0407,CNT-0239,complete,759,2025-03-04T20:47:00
USR-0877,CNT-0089,like,35,2025-03-04T20:49:20
USR-0998,CNT-0278,skip,45,2025-03-04T20:55:22
USR-0042,CNT-0264,complete,1300,2025-03-04T21:02:31
USR-0269,CNT-0338,click,37,2025-03-04T21:08:09
USR-0332,CNT-0408,skip,39,2025-03-04T21:09:56
USR-0207,CNT-0395,complete,57,2025-03-04T21:10:13
USR-0199,CNT-0183,skip,1082,2025-03-04T21:20:58
USR-0033,CNT-0103,view,1493,2025-03-04T21:22:13
USR-0522,CNT-0357,click,1497,2025-03-04T21:24:45
USR-0736,CNT-0235,complete,805,2025-03-04T21:26:02
USR-0608,CNT-0406,view,111,2025-03-04T21:33:12
USR-0055,CNT-0207,view,4982,2025-03-04T21:41:36
USR-0333,CNT-0266,like,1867,2025-03-04T21:46:00
USR-0918,CNT-0238,like,75,2025-03-04T21:48:41
USR-0115,CNT-0215,view,150,2025-03-04T21:48:54
USR-0013,CNT-0230,click,39,2025-03-04T21:59:12
USR-0779,CNT-0026,complete,670,2025-03-04T22:03:27
USR-0951,CNT-0266,view,1561,2025-03-04T22:11:32
USR-0532,CNT-0422,view,257,2025-03-04T22:14:47
USR-0610,CNT-0297,like,940,2025-03-04T22:20:36
USR-0477,CNT-0305,click,179,2025-03-04T22:21:06
USR-0942,CNT-0348,skip,3,2025-03-04T22:21:39
USR-0442,CNT-0053,click,99,2025-03-04T22:22:18
USR-0969,CNT-0027,like,1253,2025-03-04T22:36:50
USR-0821,CNT-0050,like,82,2025-03-04T22:37:06
USR-0390,CNT-0366,view,70,2025-03-04T22:45:54
USR-0434,CNT-0071,view,73,2025-03-04T22:50:30
USR-0095,CNT-0381,click,987,2025-03-04T22:50:52
USR-0814,CNT-0121,view,47,2025-03-04T23:04:52
USR-0345,CNT-0334,complete,92,2025-03-04T23:07:18
USR-0862,CNT-0004,click,704,2025-03-04T23:08:39
USR-0795,CNT-0133,skip,37,2025-03-04T23:26:00
USR-0020,CNT-0182,view,67,2025-03-04T23:26:44
USR-0934,CNT-0052,view,84,2025-03-04T23:28:55
USR-0394,CNT-0484,complete,144,2025-03-04T23:31:02
USR-0364,CNT-0005,like,1525,2025-03-04T23:37:11
USR-0591,CNT-0479,click,486,2025-03-04T23:41:35
USR-0480,CNT-0467,view,1743,2025-03-04T23:41:52
USR-0422,CNT-0313,complete,53,2025-03-04T23:55:44
USR-0083,CNT-0196,click,48,2025-03-05T00:04:52
USR-0541,CNT-0465,skip,258,2025-03-05T00:05:04
USR-0948,CNT-0427,view,379,2025-03-05T00:16:17
USR-0264,CNT-0278,click,119,2025-03-05T00:21:21
USR-0826,CNT-0005,view,498,2025-03-05T00:21:32
USR-0963,CNT-0485,skip,1,2025-03-05T00:21:40
USR-0142,CNT-0489,view,465,2025-03-05T00:22:08
USR-0753,CNT-0160,like,400,2025-03-05T00:24:39
USR-0886,CNT-0325,skip,71,2025-03-05T00:26:44
USR-0671,CNT-0299,view,71,2025-03-05T00:27:13
USR-0928,CNT-0086,skip,1108,2025-03-05T00:31:47
USR-0094,CNT-0332,complete,1211,2025-03-05T00:40:38
USR-0701,CNT-0318,click,483,2025-03-05T00:45:29
USR-0812,CNT-0082,skip,117,2025-03-05T00:49:34
USR-0461,CNT-0113,complete,2211,2025-03-05T00:55:55
USR-0373,CNT-0206,complete,218,2025-03-05T01:44:49
USR-0425,CNT-0395,skip,1,2025-03-05T01:49:57
USR-0433,CNT-0043,view,3127,2025-03-05T02:04:16
USR-0860,CNT-0032,view,424,2025-03-05T02:19:48
USR-0848,CNT-0335,view,3806,2025-03-05T02:23:05
USR-0727,CNT-0130,view,29,2025-03-05T02:31:54
USR-0230,CNT-0079,like,979,2025-03-05T02:36:07
USR-0329,CNT-0473,complete,1864,2025-03-05T02:38:14
USR-0090,CNT-0354,view,425,2025-03-05T02:48:17
USR-0184,CNT-0479,view,527,2025-03-05T02:50:15
USR-0789,CNT-0027,view,1881,2025-03-05T03:00:44
USR-0415,CNT-0370,click,134,2025-03-05T03:22:49
USR-0841,CNT-0097,click,487,2025-03-05T03:27:37
USR-0834,CNT-0303,view,105,2025-03-05T03:33:53
USR-0668,CNT-0147,complete,1808,2025-03-05T03:37:04
USR-0463,CNT-0454,complete,509,2025-03-05T03:38:37
USR-0726,CNT-0235,view,323,2025-03-05T03:54:36
USR-0219,CNT-0041,view,1303,2025-03-05T04:00:58
USR-0327,CNT-0080,skip,2,2025-03-05T04:01:48
USR-0678,CNT-0384,skip,94,2025-03-05T04:02:10
USR-0976,CNT-0435,click,24,2025-03-05T04:06:25
USR-0627,CNT-0075,like,14,2025-03-05T04:12:06
USR-0223,CNT-0075,view,197,2025-03-05T04:40:57
USR-0501,CNT-0303,click,59,2025-03-05T04:43:18
USR-0476,CNT-0153,view,3019,2025-03-05T04:44:24
USR-0240,CNT-0423,click,3475,2025-03-05T04:51:01
USR-0013,CNT-0139,view,1091,2025-03-05T04:54:29
USR-0291,CNT-0095,complete,660,2025-03-05T05:09:31
USR-0408,CNT-0126,view,402,2025-03-05T05:36:06
USR-0030,CNT-0412,click,1327,2025-03-05T05:48:13
USR-0319,CNT-0027,complete,1634,2025-03-05T05:52:25
USR-0281,CNT-0478,click,371,2025-03-05T05:57:57
USR-0481,CNT-0017,skip,352,2025-03-05T05:59:39
USR-0983,CNT-0388,click,3659,2025-03-05T06:29:39
USR-0780,CNT-0226,view,561,2025-03-05T06:33:57
USR-0551,CNT-0104,skip,23,2025-03-05T06:42:49
USR-0896,CNT-0318,like,5,2025-03-05T06:49:52
USR-0095,CNT-0300,skip,35,2025-03-05T06:55:55
USR-0816,CNT-0019,view,22,2025-03-05T07:12:15
USR-0550,CNT-0054,skip,102,2025-03-05T07:16:42
USR-0530,CNT-0050,view,176,2025-03-05T07:17:42
USR-0617,CNT-0494,view,224,2025-03-05T07:21:00
USR-0216,CNT-0340,like,644,2025-03-05T07:24:42
USR-0378,CNT-0153,view,4506,2025-03-05T07:29:04
USR-0808,CNT-0119,view,1783,2025-03-05T07:29:05
USR-0806,CNT-0094,complete,1044,2025-03-05T07:32:46
USR-0219,CNT-0202,click,2223,2025-03-05T07:49:24
USR-0528,CNT-0177,view,4093,2025-03-05T08:00:33
USR-0983,CNT-0327,skip,11,2025-03-05T08:01:22
USR-0889,CNT-0335,view,4450,2025-03-05T08:04:08
USR-0573,CNT-0070,view,238,2025-03-05T08:07:37
USR-0879,CNT-0189,complete,2414,2025-03-05T08:11:59
USR-0427,CNT-0234,view,3648,2025-03-05T08:54:26
USR-0095,CNT-0094,skip,254,2025-03-05T08:55:27
USR-0909,CNT-0159,view,396,2025-03-05T08:56:22
USR-0672,CNT-0263,click,228,2025-03-05T08:56:31
USR-0033,CNT-0336,click,156,2025-03-05T09:11:01
USR-0529,CNT-0223,skip,64,2025-03-05T09:13:13
USR-0949,CNT-0077,click,1784,2025-03-05T09:25:07
USR-0943,CNT-0474,view,601,2025-03-05T09:25:53
USR-0100,CNT-0464,view,468,2025-03-05T09:28:03
USR-0170,CNT-0271,view,283,2025-03-05T09:57:01
USR-0938,CNT-0375,complete,471,2025-03-05T10:00:20
USR-0989,CNT-0070,view,11,2025-03-05T10:03:48
USR-0878,CNT-0281,view,999,2025-03-05T10:04:08
USR-0914,CNT-0051,click,33,2025-03-05T10:08:27
USR-0183,CNT-0172,like,33,2025-03-05T10:20:45
USR-1000,CNT-0211,like,112,2025-03-05T10:29:19
USR-0702,CNT-0204,view,1504,2025-03-05T10:38:31
USR-0335,CNT-0181,click,2547,2025-03-05T10:59:07
USR-0853,CNT-0257,complete,353,2025-03-05T11:02:51
USR-0760,CNT-0442,view,213,2025-03-05T11:03:32
USR-0584,CNT-0026,skip,4,2025-03-05T11:03:46
USR-0025,CNT-0039,view,1135,2025-03-05T11:21:31
USR-0242,CNT-0062,skip,225,2025-03-05T11:22:44
USR-0024,CNT-0313,view,54,2025-03-05T11:43:10
USR-0352,CNT-0193,skip,781,2025-03-05T11:44:35
USR-0039,CNT-0290,complete,4991,2025-03-05T12:07:06
USR-0842,CNT-0273,like,120,2025-03-05T12:08:33
USR-0280,CNT-0084,view,48,2025-03-05T12:08:48
USR-0099,CNT-0051,view,2,2025-03-05T12:23:21
USR-0379,CNT-0372,view,183,2025-03-05T12:24:09
USR-0491,CNT-0071,like,59,2025-03-05T12:26:56
USR-0249,CNT-0485,view,68,2025-03-05T12:35:41
USR-0233,CNT-0335,view,2816,2025-03-05T12:46:58
USR-0512,CNT-0224,view,1364,2025-03-05T13:20:27
USR-0612,CNT-0165,complete,3524,2025-03-05T13:27:16
USR-0950,CNT-0368,view,178,2025-03-05T13:28:22
USR-0129,CNT-0461,like,1036,2025-03-05T13:40:07
USR-0424,CNT-0166,skip,74,2025-03-05T13:43:24
USR-0618,CNT-0209,click,46,2025-03-05T13:54:55
USR-0741,CNT-0233,view,2110,2025-03-05T14:05:57
USR-0935,CNT-0163,skip,129,2025-03-05T14:06:04
USR-0050,CNT-0042,skip,33,2025-03-05T14:12:41
USR-0681,CNT-0076,click,143,2025-03-05T14:17:44
USR-0043,CNT-0378,click,154,2025-03-05T14:27:39
USR-0391,CNT-0369,complete,3580,2025-03-05T14:28:26
USR-0171,CNT-0486,complete,400,2025-03-05T14:44:49
USR-0777,CNT-0221,view,235,2025-03-05T14:49:33
USR-0048,CNT-0089,view,43,2025-03-05T14:54:19
USR-0321,CNT-0385,view,3719,2025-03-05T14:56:05
USR-0261,CNT-0170,view,48,2025-03-05T14:59:52
USR-0025,CNT-0113,click,1447,2025-03-05T15:06:36
USR-0732,CNT-0260,click,131,2025-03-05T15:07:15
USR-0233,CNT-0483,view,272,2025-03-05T15:08:54
USR-0375,CNT-0171,view,608,2025-03-05T15:12:56
USR-0970,CNT-0408,click,145,2025-03-05T15:27:13
USR-0221,CNT-0447,view,2914,2025-03-05T15:28:40
USR-0019,CNT-0422,complete,300,2025-03-05T15:50:16
USR-0590,CNT-0325,complete,1016,2025-03-05T15:57:56
USR-0621,CNT-0359,view,213,2025-03-05T16:00:24
USR-0086,CNT-0045,skip,32,2025-03-05T16:04:30
USR-0331,CNT-0468,like,1604,2025-03-05T16:10:34
USR-0893,CNT-0405,skip,7,2025-03-05T16:10:39
USR-0230,CNT-0477,like,3501,2025-03-05T16:20:21
USR-0368,CNT-0253,view,88,2025-03-05T16:27:18
USR-0816,CNT-0270,view,584,2025-03-05T16:29:44
USR-0594,CNT-0249,complete,702,2025-03-05T16:30:27
USR-0004,CNT-0280,like,101,2025-03-05T16:54:57
USR-0539,CNT-0314,skip,1066,2025-03-05T16:59:03
USR-0697,CNT-0187,view,52,2025-03-05T17:11:54
USR-0559,CNT-0217,complete,557,2025-03-05T17:13:20
USR-0407,CNT-0325,view,400,2025-03-05T17:30:47
USR-0609,CNT-0103,view,1600,2025-03-05T17:37:28
USR-0928,CNT-0217,view,405,2025-03-05T17:54:20
USR-0440,CNT-0082,view,145,2025-03-05T17:55:20
USR-0899,CNT-0380,complete,287,2025-03-05T18:05:04
USR-0463,CNT-0218,complete,1150,2025-03-05T18:05:30
USR-0560,CNT-0097,click,729,2025-03-05T18:17:37
USR-0813,CNT-0094,like,146,2025-03-05T18:18:10
USR-0590,CNT-0062,click,3205,2025-03-05T18:19:21
USR-0824,CNT-0225,view,6306,2025-03-05T18:31:11
USR-0030,CNT-0236,view,30,2025-03-05T18:36:00
USR-0237,CNT-0262,view,2155,2025-03-05T18:37:59
USR-0774,CNT-0418,skip,133,2025-03-05T18:46:23
USR-0810,CNT-0095,view,220,2025-03-05T18:48:54
USR-0169,CNT-0426,click,728,2025-03-05T19:02:24
USR-0097,CNT-0126,click,227,2025-03-05T19:03:23
USR-0866,CNT-0441,like,68,2025-03-05T19:13:52
USR-0730,CNT-0220,view,65,2025-03-05T19:19:00
USR-0421,CNT-0003,like,623,2025-03-05T19:25:38
USR-0977,CNT-0264,complete,1258,2025-03-05T19:33:44
USR-0582,CNT-0251,view,797,2025-03-05T19:40:30
USR-0283,CNT-0159,complete,849,2025-03-05T19:45:06
USR-0492,CNT-0101,like,287,2025-03-05T19:54:09
USR-0133,CNT-0465,skip,86,2025-03-05T19:59:10
USR-0812,CNT-0104,click,1382,2025-03-05T20:09:37
USR-0131,CNT-0125,like,1273,2025-03-05T20:13:57
USR-0683,CNT-0492,view,543,2025-03-05T20:34:53
USR-0012,CNT-0365,view,677,2025-03-05T20:40:04
USR-0174,CNT-0012,view,117,2025-03-05T20:42:36
USR-0278,CNT-0201,view,2443,2025-03-05T20:49:25
USR-0868,CNT-0442,like,54,2025-03-05T20:49:29
USR-0710,CNT-0385,complete,3964,2025-03-05T20:54:14
USR-0892,CNT-0331,view,2262,2025-03-05T21:01:02
USR-0012,CNT-0038,view,498,2025-03-05T21:04:49
USR-0013,CNT-0192,click,4,2025-03-05T21:09:42
USR-0174,CNT-0356,view,630,2025-03-05T21:18:05
USR-0397,CNT-0333,view,62,2025-03-05T21:19:17
USR-0297,CNT-0370,click,335,2025-03-05T21:24:32
USR-0516,CNT-0102,skip,591,2025-03-05T21:29:45
USR-0306,CNT-0200,like,1732,2025-03-05T21:37:20
USR-0758,CNT-0053,view,103,2025-03-05T21:43:03
USR-0508,CNT-0235,complete,788,2025-03-05T21:43:18
USR-0769,CNT-0243,complete,317,2025-03-05T21:50:38
USR-0795,CNT-0306,view,8,2025-03-05T21:55:31
USR-0144,CNT-0242,view,386,2025-03-05T21:57:40
USR-0758,CNT-0295,skip,15,2025-03-05T21:58:48
USR-0439,CNT-0461,complete,2563,2025-03-05T22:02:27
USR-0457,CNT-0343,view,218,2025-03-05T22:06:42
USR-0137,CNT-0397,skip,216,2025-03-05T22:11:39
USR-0456,CNT-0035,complete,132,2025-03-05T22:16:22
USR-0767,CNT-0097,view,3849,2025-03-05T22:23:54
USR-0069,CNT-0203,like,8,2025-03-05T22:31:45
USR-0445,CNT-0198,skip,112,2025-03-05T22:35:09
USR-0810,CNT-0345,skip,53,2025-03-05T22:36:29
USR-0941,CNT-0379,view,144,2025-03-05T22:42:06
USR-0277,CNT-0237,view,650,2025-03-05T22:42:54
USR-0575,CNT-0458,skip,284,2025-03-05T22:51:23
USR-0422,CNT-0326,click,374,2025-03-05T22:57:03
USR-0927,CNT-0452,complete,87,2025-03-05T22:59:00
USR-0997,CNT-0452,view,77,2025-03-05T23:08:30
USR-0423,CNT-0055,skip,36,2025-03-05T23:19:08
USR-0420,CNT-0332,view,1071,2025-03-05T23:19:38
USR-0592,CNT-0310,click,2456,2025-03-05T23:27:07
USR-0229,CNT-0011,click,316,2025-03-05T23:28:37
USR-0358,CNT-0497,complete,56,2025-03-05T23:36:30
USR-0158,CNT-0217,view,135,2025-03-05T23:37:51
USR-0278,CNT-0200,click,1743,2025-03-05T23:39:44
USR-0572,CNT-0037,view,1700,2025-03-05T23:57:33
USR-0459,CNT-0271,like,2230,2025-03-06T00:15:58
USR-0935,CNT-0018,view,94,2025-03-06T00:16:28
USR-0594,CNT-0324,view,415,2025-03-06T00:24:10
USR-0346,CNT-0023,skip,469,2025-03-06T00:32:16
USR-0284,CNT-0152,like,164,2025-03-06T00:37:27
USR-0085,CNT-0159,complete,898,2025-03-06T00:42:05
USR-0889,CNT-0419,complete,2170,2025-03-06T00:43:43
USR-0205,CNT-0121,like,40,2025-03-06T01:05:57
USR-0258,CNT-0291,skip,160,2025-03-06T01:11:06
USR-0819,CNT-0201,view,3575,2025-03-06T01:21:22
USR-0872,CNT-0007,view,2079,2025-03-06T01:22:40
USR-0265,CNT-0325,skip,135,2025-03-06T01:28:18
USR-0759,CNT-0282,view,931,2025-03-06T01:28:20
USR-0301,CNT-0071,complete,83,2025-03-06T01:32:43
USR-0235,CNT-0011,click,324,2025-03-06T01:32:59
USR-0455,CNT-0015,view,47,2025-03-06T01:44:17
USR-0706,CNT-0093,click,43,2025-03-06T01:52:33
USR-0253,CNT-0221,skip,5,2025-03-06T01:58:07
USR-0409,CNT-0330,view,172,2025-03-06T02:04:40
USR-0349,CNT-0157,click,480,2025-03-06T02:05:30
USR-0649,CNT-0342,like,440,2025-03-06T02:15:42
USR-0557,CNT-0439,click,1896,2025-03-06T02:29:48
USR-0477,CNT-0317,view,397,2025-03-06T02:46:48
USR-0106,CNT-0365,like,237,2025-03-06T02:53:36
USR-0646,CNT-0124,view,114,2025-03-06T03:05:28
USR-0188,CNT-0381,skip,749,2025-03-06T03:05:30
USR-0307,CNT-0413,view,30,2025-03-06T03:06:27
USR-0450,CNT-0410,skip,8,2025-03-06T03:12:07
USR-0137,CNT-0441,complete,57,2025-03-06T03:17:42
USR-0992,CNT-0081,complete,319,2025-03-06T03:20:50
USR-0143,CNT-0150,complete,1753,2025-03-06T03:35:17
USR-0529,CNT-0425,like,218,2025-03-06T03:47:24
USR-0111,CNT-0249,click,475,2025-03-06T03:54:15
USR-0576,CNT-0492,skip,522,2025-03-06T04:00:52
USR-0577,CNT-0022,skip,57,2025-03-06T04:05:28
USR-0614,CNT-0306,complete,58,2025-03-06T04:05:43
USR-0883,CNT-0350,view,193,2025-03-06T04:20:35
USR-0311,CNT-0327,view,39,2025-03-06T04:25:46
USR-0554,CNT-0334,skip,24,2025-03-06T04:28:54
USR-0634,CNT-0448,view,40,2025-03-06T04:30:33
USR-0492,CNT-0097,view,1720,2025-03-06T04:38:50
USR-0918,CNT-0379,skip,45,2025-03-06T04:39:49
USR-0354,CNT-0498,click,115,2025-03-06T04:48:03
USR-0973,CNT-0408,skip,46,2025-03-06T04:56:59
USR-0978,CNT-0351,complete,474,2025-03-06T04:59:19
USR-0065,CNT-0462,view,781,2025-03-06T05:01:59
USR-0204,CNT-0372,like,234,2025-03-06T05:03:29
USR-0724,CNT-0269,complete,654,2025-03-06T05:03:50
USR-0854,CNT-0378,complete,1862,2025-03-06T05:09:02
USR-0651,CNT-0314,view,695,2025-03-06T05:12:47
USR-0814,CNT-0034,like,260,2025-03-06T05:21:44
USR-0261,CNT-0093,view,47,2025-03-06T05:23:12
USR-0149,CNT-0083,view,377,2025-03-06T05:27:24
USR-0970,CNT-0261,complete,774,2025-03-06T05:28:16
USR-0517,CNT-0432,skip,624,2025-03-06T05:33:55
USR-0688,CNT-0415,click,380,2025-03-06T05:34:44
USR-0209,CNT-0056,view,4,2025-03-06T05:43:21
USR-0809,CNT-0240,click,21,2025-03-06T05:49:15
USR-0589,CNT-0171,complete,957,2025-03-06T05:49:34
USR-0685,CNT-0272,complete,854,2025-03-06T05:51:20
USR-0985,CNT-0430,like,421,2025-03-06T05:53:19
USR-0759,CNT-0068,skip,257,2025-03-06T05:55:35
USR-0702,CNT-0266,skip,467,2025-03-06T06:00:07
USR-0783,CNT-0463,complete,1792,2025-03-06T06:06:27
USR-0198,CNT-0411,view,957,2025-03-06T06:13:47
USR-0641,CNT-0450,complete,3471,2025-03-06T06:16:16
USR-0411,CNT-0053,view,20,2025-03-06T06:17:03
USR-0327,CNT-0257,complete,405,2025-03-06T06:21:03
USR-0799,CNT-0411,complete,887,2025-03-06T06:27:18
USR-0727,CNT-0371,view,140,2025-03-06T06:28:48
USR-0281,CNT-0008,skip,213,2025-03-06T06:41:56
USR-0905,CNT-0243,view,3,2025-03-06T06:42:53
USR-0179,CNT-0184,view,60,2025-03-06T06:46:47
USR-0712,CNT-0281,skip,316,2025-03-06T07:02:50
USR-0513,CNT-0124,skip,27,2025-03-06T07:03:59
USR-0757,CNT-0347,complete,1955,2025-03-06T07:04:23
USR-0026,CNT-0059,click,705,2025-03-06T07:09:41
USR-0362,CNT-0083,like,484,2025-03-06T07:16:44
USR-0639,CNT-0149,click,20,2025-03-06T07:29:02
USR-0893,CNT-0307,like,546,2025-03-06T07:29:02
USR-0083,CNT-0119,view,247,2025-03-06T07:35:28
USR-0015,CNT-0007,skip,216,2025-03-06T07:36:43
USR-0108,CNT-0214,like,491,2025-03-06T07:37:54
USR-0974,CNT-0051,like,63,2025-03-06T07:45:17
USR-0762,CNT-0150,click,1594,2025-03-06T07:47:21
USR-0513,CNT-0485,click,16,2025-03-06T07:47:22
USR-0234,CNT-0263,view,171,2025-03-06T07:50:16
USR-0132,CNT-0029,view,237,2025-03-06T07:53:43
USR-0482,CNT-0002,complete,124,2025-03-06T07:55:00
USR-0807,CNT-0163,skip,354,2025-03-06T07:59:54
USR-0621,CNT-0273,view,25,2025-03-06T08:00:34
USR-0600,CNT-0026,like,221,2025-03-06T08:03:54
USR-0420,CNT-0393,click,139,2025-03-06T08:28:54
USR-0838,CNT-0274,complete,3725,2025-03-06T08:40:30
USR-0365,CNT-0236,view,34,2025-03-06T08:41:28
USR-0882,CNT-0115,view,39,2025-03-06T08:43:13
USR-0742,CNT-0442,view,76,2025-03-06T08:53:38
USR-0240,CNT-0487,complete,2224,2025-03-06T09:18:21
USR-0701,CNT-0464,like,612,2025-03-06T09:25:04
USR-0232,CNT-0199,skip,24,2025-03-06T09:27:47
USR-0656,CNT-0393,complete,561,2025-03-06T09:29:18
USR-0091,CNT-0237,view,169,2025-03-06T09:34:03
USR-0060,CNT-0102,complete,2199,2025-03-06T09:36:21
USR-0950,CNT-0004,like,2220,2025-03-06T09:39:22
USR-0757,CNT-0081,skip,66,2025-03-06T09:46:37
USR-0642,CNT-0056,complete,70,2025-03-06T09:56:37
USR-0664,CNT-0135,skip,451,2025-03-06T10:13:07
USR-0997,CNT-0261,view,746,2025-03-06T10:17:20
USR-0435,CNT-0184,click,226,2025-03-06T10:19:07
USR-0138,CNT-0191,view,759,2025-03-06T10:26:21
USR-0109,CNT-0286,click,1629,2025-03-06T10:30:20
USR-0566,CNT-0493,skip,34,2025-03-06T10:39:01
USR-0042,CNT-0141,complete,4970,2025-03-06T10:43:10
USR-0717,CNT-0203,view,0,2025-03-06T10:45:58
USR-0112,CNT-0001,view,79,2025-03-06T10:49:19
USR-0430,CNT-0467,click,114,2025-03-06T11:01:23
USR-0856,CNT-0118,view,604,2025-03-06T11:01:53
USR-0492,CNT-0189,click,2388,2025-03-06T11:09:02
USR-0414,CNT-0326,like,1120,2025-03-06T11:09:41
USR-0341,CNT-0020,click,35,2025-03-06T11:12:13
USR-0588,CNT-0050,skip,19,2025-03-06T11:12:14
USR-0365,CNT-0273,skip,12,2025-03-06T11:13:18
USR-0950,CNT-0369,click,1426,2025-03-06T11:15:05
USR-0798,CNT-0046,view,163,2025-03-06T11:16:49
USR-0440,CNT-0124,view,285,2025-03-06T11:19:44
USR-0833,CNT-0285,view,555,2025-03-06T11:20:22
USR-0741,CNT-0357,like,1326,2025-03-06T11:22:43
USR-0419,CNT-0088,like,151,2025-03-06T11:25:09
USR-0876,CNT-0443,click,3722,2025-03-06T11:35:26
USR-0308,CNT-0245,view,134,2025-03-06T11:40:19
USR-0905,CNT-0228,click,166,2025-03-06T11:54:50
USR-0546,CNT-0369,click,2155,2025-03-06T12:03:02
USR-0366,CNT-0375,complete,384,2025-03-06T12:11:17
USR-0043,CNT-0454,view,259,2025-03-06T12:17:54
USR-0383,CNT-0223,skip,416,2025-03-06T12:19:12
USR-0572,CNT-0442,like,101,2025-03-06T12:20:08
USR-0768,CNT-0404,click,242,2025-03-06T12:35:21
USR-0916,CNT-0071,like,24,2025-03-06T12:36:17
USR-0510,CNT-0068,like,77,2025-03-06T12:38:37
USR-0771,CNT-0201,like,3696,2025-03-06T12:41:46
USR-0108,CNT-0346,like,616,2025-03-06T13:04:51
USR-0871,CNT-0196,view,75,2025-03-06T13:08:32
USR-0443,CNT-0362,click,384,2025-03-06T13:13:16
USR-0042,CNT-0111,click,56,2025-03-06T13:32:02
USR-0230,CNT-0363,view,2774,2025-03-06T13:34:56
USR-0750,CNT-0293,complete,1956,2025-03-06T13:35:26
USR-0490,CNT-0345,skip,7,2025-03-06T13:39:27
USR-0123,CNT-0422,skip,77,2025-03-06T13:43:59
USR-0170,CNT-0376,click,11,2025-03-06T13:55:43
USR-0367,CNT-0398,click,3,2025-03-06T14:06:22
USR-0652,CNT-0322,skip,8,2025-03-06T14:06:53
USR-0992,CNT-0362,skip,44,2025-03-06T14:11:16
USR-0301,CNT-0072,view,144,2025-03-06T14:13:25
USR-0565,CNT-0064,view,444,2025-03-06T14:15:20
USR-0648,CNT-0353,skip,1078,2025-03-06T14:16:01
USR-0529,CNT-0460,view,203,2025-03-06T14:19:00
USR-0148,CNT-0241,click,479,2025-03-06T14:25:30
USR-0276,CNT-0476,skip,13,2025-03-06T14:40:39
USR-0305,CNT-0247,click,304,2025-03-06T14:40:42
USR-0177,CNT-0301,view,807,2025-03-06T14:44:20
USR-0026,CNT-0014,like,2742,2025-03-06T14:45:19
USR-0825,CNT-0374,like,642,2025-03-06T14:46:30
USR-0764,CNT-0223,view,2253,2025-03-06T14:47:45
USR-0497,CNT-0124,complete,261,2025-03-06T14:49:34
USR-0041,CNT-0008,like,245,2025-03-06T14:57:49
USR-0754,CNT-0120,view,1543,2025-03-06T15:08:05
USR-0852,CNT-0339,view,501,2025-03-06T15:09:53
USR-0865,CNT-0165,complete,3433,2025-03-06T15:20:31
USR-0033,CNT-0249,skip,9,2025-03-06T15:26:42
USR-0062,CNT-0242,view,537,2025-03-06T15:41:07
USR-0671,CNT-0384,click,2481,2025-03-06T15:54:51
USR-0459,CNT-0396,complete,909,2025-03-06T15:57:13
USR-0978,CNT-0232,click,57,2025-03-06T16:02:03
USR-0184,CNT-0425,view,389,2025-03-06T16:02:43
USR-0981,CNT-0243,view,203,2025-03-06T16:04:38
USR-0459,CNT-0042,skip,33,2025-03-06T16:12:17
USR-0827,CNT-0465,skip,158,2025-03-06T16:29:15
USR-0606,CNT-0144,click,615,2025-03-06T16:29:34
USR-0376,CNT-0381,click,1468,2025-03-06T16:32:24
USR-0165,CNT-0427,view,349,2025-03-06T16:32:44
USR-0466,CNT-0306,like,59,2025-03-06T16:36:25
USR-0636,CNT-0204,like,1871,2025-03-06T16:50:01
USR-0631,CNT-0070,view,549,2025-03-06T16:50:43
USR-0336,CNT-0347,skip,288,2025-03-06T16:50:51
USR-0266,CNT-0494,skip,29,2025-03-06T16:54:10
USR-0281,CNT-0321,complete,3981,2025-03-06T17:03:27
USR-0879,CNT-0332,like,672,2025-03-06T17:07:33
USR-0560,CNT-0181,view,2491,2025-03-06T17:09:00
USR-0703,CNT-0058,view,922,2025-03-06T17:21:30
USR-0643,CNT-0100,click,114,2025-03-06T17:30:31
USR-0169,CNT-0407,view,77,2025-03-06T17:32:49
USR-0682,CNT-0402,view,1249,2025-03-06T17:39:25
USR-0473,CNT-0416,skip,7,2025-03-06T17:48:53
USR-0497,CNT-0493,view,117,2025-03-06T17:57:05
USR-0208,CNT-0327,skip,73,2025-03-06T18:06:02
USR-0750,CNT-0195,view,156,2025-03-06T18:12:29
USR-0504,CNT-0238,like,814,2025-03-06T18:16:45
USR-0567,CNT-0176,complete,4379,2025-03-06T18:19:55
USR-0379,CNT-0012,skip,43,2025-03-06T18:20:03
USR-0178,CNT-0252,complete,3252,2025-03-06T18:20:44
USR-0332,CNT-0298,like,831,2025-03-06T18:39:50
USR-0781,CNT-0071,like,57,2025-03-06T18:44:13
USR-0725,CNT-0152,skip,14,2025-03-06T18:44:15
USR-0050,CNT-0330,skip,227,2025-03-06T18:44:26
USR-0852,CNT-0318,like,124,2025-03-06T18:44:52
USR-0314,CNT-0348,view,33,2025-03-06T19:13:01
USR-0843,CNT-0013,click,1750,2025-03-06T19:18:51
USR-0060,CNT-0253,like,82,2025-03-06T19:21:41
USR-0818,CNT-0282,click,572,2025-03-06T19:23:45
USR-0560,CNT-0098,click,2371,2025-03-06T19:28:13
USR-0838,CNT-0081,skip,50,2025-03-06T19:29:59
USR-0451,CNT-0237,skip,80,2025-03-06T19:32:04
USR-0102,CNT-0112,skip,560,2025-03-06T19:43:43
USR-0395,CNT-0054,complete,414,2025-03-06T19:50:55
USR-0714,CNT-0160,view,127,2025-03-06T19:52:34
USR-0015,CNT-0467,click,1715,2025-03-06T19:54:21
USR-0080,CNT-0001,click,153,2025-03-06T19:55:13
USR-0534,CNT-0220,click,61,2025-03-06T20:01:39
USR-0031,CNT-0054,view,417,2025-03-06T20:05:53
USR-0931,CNT-0111,view,24,2025-03-06T20:13:36
USR-0389,CNT-0122,view,115,2025-03-06T20:35:57
USR-0586,CNT-0475,view,121,2025-03-06T20:37:46
USR-0164,CNT-0034,complete,571,2025-03-06T20:53:14
USR-0052,CNT-0417,skip,56,2025-03-06T21:05:22
USR-0826,CNT-0165,like,983,2025-03-06T21:13:22
USR-0360,CNT-0364,complete,857,2025-03-06T21:16:10
USR-0782,CNT-0220,view,20,2025-03-06T21:17:12
USR-0646,CNT-0214,complete,3196,2025-03-06T21:22:26
USR-0961,CNT-0444,click,62,2025-03-06T21:24:20
USR-0272,CNT-0190,skip,631,2025-03-06T21:33:00
USR-0913,CNT-0336,view,117,2025-03-06T21:33:35
USR-0046,CNT-0075,click,318,2025-03-06T21:47:39
USR-0894,CNT-0043,view,1621,2025-03-06T21:50:00
USR-0815,CNT-0200,like,946,2025-03-06T22:02:52
USR-0192,CNT-0137,complete,651,2025-03-06T22:06:03
USR-0640,CNT-0306,view,24,2025-03-06T22:07:36
USR-0605,CNT-0111,view,44,2025-03-06T22:08:26
USR-0714,CNT-0294,view,39,2025-03-06T22:13:26
USR-0140,CNT-0366,skip,41,2025-03-06T22:25:43
USR-0436,CNT-0156,click,1438,2025-03-06T22:29:57
USR-0659,CNT-0382,click,1994,2025-03-06T22:43:08
USR-0779,CNT-0092,view,1056,2025-03-06T22:45:51
USR-0489,CNT-0384,view,4715,2025-03-06T22:54:04
USR-0444,CNT-0116,like,38,2025-03-06T23:01:00
USR-0245,CNT-0018,skip,6,2025-03-06T23:03:13
USR-0917,CNT-0417,view,401,2025-03-06T23:03:43
USR-0312,CNT-0368,click,141,2025-03-06T23:04:15
USR-0067,CNT-0165,view,1795,2025-03-06T23:04:23
USR-0875,CNT-0046,click,473,2025-03-06T23:14:01
USR-0822,CNT-0282,skip,265,2025-03-06T23:19:28
USR-0709,CNT-0404,like,460,2025-03-06T23:32:11
USR-0015,CNT-0388,view,4223,2025-03-06T23:35:35
USR-0443,CNT-0223,complete,2739,2025-03-06T23:36:14
USR-0141,CNT-0316,skip,105,2025-03-06T23:36:21
USR-0933,CNT-0302,view,17,2025-03-07T00:03:50
USR-0655,CNT-0174,view,14,2025-03-07T00:20:26
USR-0061,CNT-0181,view,3130,2025-03-07T00:20:59
USR-0020,CNT-0249,view,24,2025-03-07T00:22:44
USR-0089,CNT-0500,skip,723,2025-03-07T00:25:32
USR-0184,CNT-0249,view,478,2025-03-07T00:35:18
USR-0773,CNT-0181,view,2175,2025-03-07T00:41:17
USR-0896,CNT-0210,like,2137,2025-03-07T00:55:34
USR-0967,CNT-0413,view,508,2025-03-07T00:56:36
USR-0640,CNT-0269,view,489,2025-03-07T00:57:30
USR-0764,CNT-0420,complete,4458,2025-03-07T01:23:58
USR-0621,CNT-0047,complete,774,2025-03-07T01:35:11
USR-0969,CNT-0304,view,145,2025-03-07T01:37:41
USR-0703,CNT-0212,like,3931,2025-03-07T01:40:02
USR-0155,CNT-0234,skip,1184,2025-03-07T01:51:23
USR-0771,CNT-0197,like,1519,2025-03-07T01:55:16
USR-0577,CNT-0210,complete,3063,2025-03-07T01:58:15
USR-0058,CNT-0062,complete,2891,2025-03-07T02:00:06
USR-0300,CNT-0139,view,1147,2025-03-07T02:02:08
USR-0605,CNT-0426,like,1109,2025-03-07T02:10:36
USR-0089,CNT-0120,view,315,2025-03-07T02:12:13
USR-0711,CNT-0347,click,804,2025-03-07T02:16:13
USR-0872,CNT-0284,view,1568,2025-03-07T02:28:03
USR-0035,CNT-0063,click,18,2025-03-07T02:30:57
USR-0482,CNT-0364,view,90,2025-03-07T02:33:45
USR-0617,CNT-0100,complete,357,2025-03-07T02:36:45
USR-0826,CNT-0396,complete,881,2025-03-07T02:49:04
USR-0336,CNT-0125,view,4855,2025-03-07T02:59:58
USR-0003,CNT-0206,like,55,2025-03-07T03:02:19
USR-0955,CNT-0331,like,2587,2025-03-07T03:08:11
USR-0260,CNT-0369,view,369,2025-03-07T03:11:18
USR-0464,CNT-0325,like,255,2025-03-07T03:34:19
USR-0100,CNT-0498,complete,1421,2025-03-07T03:34:39
USR-0048,CNT-0123,skip,107,2025-03-07T03:37:41
USR-0934,CNT-0365,like,653,2025-03-07T03:45:47
USR-0597,CNT-0204,view,698,2025-03-07T03:46:20
USR-0473,CNT-0395,view,0,2025-03-07T03:52:16
USR-0048,CNT-0291,view,512,2025-03-07T04:02:33
USR-0517,CNT-0320,view,404,2025-03-07T04:09:13
USR-0496,CNT-0317,view,195,2025-03-07T04:09:49
USR-0796,CNT-0396,like,632,2025-03-07T04:11:18
USR-0035,CNT-0044,view,55,2025-03-07T04:14:26
USR-0530,CNT-0488,click,3781,2025-03-07T04:30:48
USR-0161,CNT-0004,skip,1039,2025-03-07T04:38:48
USR-0485,CNT-0278,like,244,2025-03-07T04:41:47
USR-0497,CNT-0044,click,224,2025-03-07T04:42:35
USR-0553,CNT-0017,view,2367,2025-03-07T04:42:47
USR-0865,CNT-0427,complete,495,2025-03-07T04:44:03
USR-0418,CNT-0405,click,25,2025-03-07T04:44:17
USR-0751,CNT-0010,view,4750,2025-03-07T04:45:40
USR-0242,CNT-0173,click,275,2025-03-07T04:46:08
USR-0425,CNT-0192,like,29,2025-03-07T04:50:55
USR-0004,CNT-0110,like,386,2025-03-07T04:51:50
USR-0629,CNT-0250,like,45,2025-03-07T04:58:35
USR-0892,CNT-0155,view,98,2025-03-07T05:04:18
USR-0091,CNT-0171,like,765,2025-03-07T05:13:04
USR-0390,CNT-0059,view,664,2025-03-07T05:18:00
USR-0586,CNT-0101,complete,356,2025-03-07T05:19:05
USR-0774,CNT-0465,view,1033,2025-03-07T05:21:37
USR-0899,CNT-0173,view,97,2025-03-07T05:30:27
USR-0693,CNT-0158,like,43,2025-03-07T05:39:01
USR-0535,CNT-0072,skip,9,2025-03-07T05:48:47
USR-0096,CNT-0432,view,3157,2025-03-07T05:54:30
USR-0263,CNT-0482,click,1146,2025-03-07T05:54:35
USR-0637,CNT-0269,complete,588,2025-03-07T05:56:15
USR-0344,CNT-0139,like,1050,2025-03-07T06:03:48
USR-0377,CNT-0104,complete,2257,2025-03-07T06:05:45
USR-0175,CNT-0264,like,1158,2025-03-07T06:16:57
USR-0730,CNT-0233,like,1455,2025-03-07T06:24:12
USR-0552,CNT-0015,complete,163,2025-03-07T06:26:47
USR-0571,CNT-0330,view,3056,2025-03-07T06:27:32
USR-0405,CNT-0498,like,614,2025-03-07T06:36:15
USR-0915,CNT-0196,skip,37,2025-03-07T06:36:46
USR-0367,CNT-0018,view,83,2025-03-07T06:40:55
USR-0402,CNT-0069,like,1442,2025-03-07T06:45:14
USR-0860,CNT-0345,complete,825,2025-03-07T06:58:01
USR-0611,CNT-0196,view,27,2025-03-07T07:05:43
USR-0932,CNT-0117,complete,1925,2025-03-07T07:22:03
USR-0565,CNT-0410,view,4,2025-03-07T07:22:48
USR-0182,CNT-0364,click,164,2025-03-07T07:58:47
USR-0248,CNT-0131,complete,1103,2025-03-07T08:01:08
USR-0813,CNT-0378,skip,426,2025-03-07T08:06:46
USR-0580,CNT-0079,view,199,2025-03-07T08:26:57
USR-0843,CNT-0356,like,2783,2025-03-07T08:34:26
USR-0369,CNT-0205,view,891,2025-03-07T08:38:01
USR-0844,CNT-0003,like,919,2025-03-07T08:44:18
USR-0117,CNT-0174,skip,8,2025-03-07T08:49:52
USR-0290,CNT-0104,view,1535,2025-03-07T08:58:18
USR-0788,CNT-0414,view,32,2025-03-07T08:58:59
USR-0186,CNT-0043,skip,863,2025-03-07T08:59:49
USR-0148,CNT-0095,view,661,2025-03-07T09:14:59
USR-0964,CNT-0335,skip,545,2025-03-07T09:22:58
USR-0524,CNT-0246,like,399,2025-03-07T09:24:45
USR-0710,CNT-0492,complete,3543,2025-03-07T09:26:00
USR-0680,CNT-0091,view,12,2025-03-07T09:32:03
USR-0233,CNT-0494,view,356,2025-03-07T09:47:16
USR-0068,CNT-0335,complete,4328,2025-03-07T09:51:15
USR-0594,CNT-0016,view,664,2025-03-07T09:55:09
USR-0380,CNT-0468,click,1004,2025-03-07T10:00:27
USR-0439,CNT-0231,view,3601,2025-03-07T10:05:00
USR-0575,CNT-0424,click,100,2025-03-07T10:11:35
USR-0659,CNT-0027,complete,1870,2025-03-07T10:21:58
USR-0431,CNT-0180,complete,107,2025-03-07T10:29:29
USR-0003,CNT-0149,skip,7,2025-03-07T10:42:18
USR-0531,CNT-0246,skip,3,2025-03-07T10:46:26
USR-0962,CNT-0296,like,226,2025-03-07T10:47:12
USR-0770,CNT-0173,view,320,2025-03-07T10:54:06
USR-0184,CNT-0219,skip,21,2025-03-07T11:01:20
USR-0806,CNT-0442,like,147,2025-03-07T11:03:03
USR-0737,CNT-0384,skip,877,2025-03-07T11:07:26
USR-0967,CNT-0460,complete,4968,2025-03-07T11:09:04
USR-0031,CNT-0469,view,803,2025-03-07T11:16:59
USR-0311,CNT-0014,click,541,2025-03-07T11:29:04
USR-0640,CNT-0392,click,943,2025-03-07T11:33:23
USR-0570,CNT-0213,skip,263,2025-03-07T11:36:58
USR-0307,CNT-0290,complete,4350,2025-03-07T11:37:30
USR-0930,CNT-0220,view,48,2025-03-07T11:39:32
USR-0108,CNT-0340,like,255,2025-03-07T11:39:37
USR-0572,CNT-0187,view,91,2025-03-07T11:40:53
USR-0023,CNT-0499,click,154,2025-03-07T11:50:06
USR-0700,CNT-0324,view,12,2025-03-07T11:53:17
USR-0747,CNT-0424,click,291,2025-03-07T11:58:36
USR-0199,CNT-0215,click,114,2025-03-07T11:59:39
USR-0557,CNT-0431,complete,680,2025-03-07T12:04:47
USR-0506,CNT-0242,view,379,2025-03-07T12:17:50
USR-0796,CNT-0403,view,1975,2025-03-07T12:19:08
USR-0042,CNT-0437,skip,393,2025-03-07T13:01:03
USR-0743,CNT-0236,view,11,2025-03-07T13:03:43
USR-0058,CNT-0060,complete,435,2025-03-07T13:05:32
USR-0640,CNT-0033,view,17,2025-03-07T13:15:56
USR-0139,CNT-0409,click,958,2025-03-07T13:21:07
USR-0159,CNT-0137,click,453,2025-03-07T13:40:54
USR-0574,CNT-0186,like,642,2025-03-07T13:44:31
USR-0059,CNT-0154,complete,210,2025-03-07T13:49:28
USR-0225,CNT-0484,click,62,2025-03-07T13:55:36
USR-0539,CNT-0026,view,657,2025-03-07T13:59:04
USR-0572,CNT-0375,view,198,2025-03-07T14:00:20
USR-0434,CNT-0448,click,3,2025-03-07T14:03:32
USR-0990,CNT-0344,skip,40,2025-03-07T14:11:11
USR-0783,CNT-0379,view,128,2025-03-07T14:12:24
USR-0219,CNT-0111,view,43,2025-03-07T14:23:37
USR-0300,CNT-0082,like,506,2025-03-07T14:31:12
USR-0864,CNT-0048,skip,11,2025-03-07T14:42:05
USR-0160,CNT-0380,view,40,2025-03-07T14:45:22
USR-0814,CNT-0067,like,1372,2025-03-07T14:46:47
USR-0020,CNT-0377,skip,10,2025-03-07T14:48:39
USR-0840,CNT-0009,like,2534,2025-03-07T15:02:58
USR-0536,CNT-0467,like,235,2025-03-07T15:06:41
USR-0695,CNT-0305,click,691,2025-03-07T15:09:19
USR-0952,CNT-0130,complete,40,2025-03-07T15:16:28
USR-0502,CNT-0398,view,123,2025-03-07T15:53:16
USR-0834,CNT-0256,view,321,2025-03-07T15:56:38
USR-0732,CNT-0457,skip,58,2025-03-07T15:56:42
USR-0334,CNT-0080,complete,74,2025-03-07T16:02:59
USR-0654,CNT-0428,view,317,2025-03-07T16:05:47
USR-0524,CNT-0461,complete,2455,2025-03-07T16:11:24
USR-0075,CNT-0491,complete,2722,2025-03-07T16:14:44
USR-0876,CNT-0316,view,629,2025-03-07T16:23:24
USR-0926,CNT-0084,click,65,2025-03-07T16:25:08
USR-0064,CNT-0275,click,43,2025-03-07T16:26:23
USR-0573,CNT-0499,view,19,2025-03-07T16:33:18
USR-0846,CNT-0368,view,105,2025-03-07T16:35:56
USR-0521,CNT-0336,like,317,2025-03-07T16:36:39
USR-0239,CNT-0040,view,4,2025-03-07T16:43:36
USR-0899,CNT-0251,view,702,2025-03-07T17:01:05
USR-0656,CNT-0328,view,32,2025-03-07T17:07:46
USR-0711,CNT-0150,view,365,2025-03-07T17:10:33
USR-0986,CNT-0030,skip,174,2025-03-07T17:13:37
USR-0951,CNT-0078,view,369,2025-03-07T17:14:43
USR-0051,CNT-0082,view,540,2025-03-07T17:28:07
USR-0428,CNT-0284,complete,2141,2025-03-07T17:29:08
USR-0721,CNT-0245,skip,1,2025-03-07T17:32:25
USR-0828,CNT-0449,complete,2879,2025-03-07T17:36:04
USR-0787,CNT-0358,skip,110,2025-03-07T18:01:15
USR-0874,CNT-0068,complete,1033,2025-03-07T18:08:49
USR-0151,CNT-0134,view,709,2025-03-07T18:13:11
USR-0379,CNT-0030,view,307,2025-03-07T18:23:37
USR-0760,CNT-0188,view,22,2025-03-07T18:25:01
USR-0559,CNT-0307,skip,97,2025-03-07T18:31:10
USR-0001,CNT-0136,click,250,2025-03-07T18:44:55
USR-0130,CNT-0087,skip,59,2025-03-07T18:52:02
USR-0495,CNT-0185,view,586,2025-03-07T18:53:24
USR-0120,CNT-0045,skip,47,2025-03-07T18:54:13
USR-0601,CNT-0341,skip,8,2025-03-07T18:59:54
USR-0506,CNT-0013,view,1639,2025-03-07T19:00:27
USR-0565,CNT-0194,view,355,2025-03-07T19:10:43
USR-0215,CNT-0248,click,71,2025-03-07T19:20:01
USR-0696,CNT-0443,skip,344,2025-03-07T19:21:48
USR-0740,CNT-0151,skip,458,2025-03-07T19:27:09
USR-0951,CNT-0390,complete,2440,2025-03-07T19:31:05
USR-0997,CNT-0161,skip,268,2025-03-07T19:33:08
USR-0091,CNT-0395,skip,11,2025-03-07T19:34:18
USR-0649,CNT-0197,view,1333,2025-03-07T19:41:24
USR-0463,CNT-0350,complete,319,2025-03-07T19:51:43
USR-0102,CNT-0391,complete,219,2025-03-07T20:06:17
USR-0823,CNT-0171,like,535,2025-03-07T20:19:00
USR-0381,CNT-0229,view,252,2025-03-07T20:27:28
USR-0378,CNT-0489,click,2693,2025-03-07T20:33:15
USR-0667,CNT-0005,skip,104,2025-03-07T20:35:42
USR-0542,CNT-0012,view,161,2025-03-07T20:48:10
USR-0743,CNT-0372,view,211,2025-03-07T20:49:35
USR-0974,CNT-0460,complete,5096,2025-03-07T21:08:36
USR-0523,CNT-0075,click,204,2025-03-07T21:13:49
USR-0098,CNT-0497,complete,55,2025-03-07T21:16:18
USR-0792,CNT-0451,like,783,2025-03-07T21:27:46
USR-0851,CNT-0301,complete,880,2025-03-07T21:28:54
USR-0669,CNT-0475,view,93,2025-03-07T21:31:13
USR-0441,CNT-0208,view,1108,2025-03-07T21:35:20
USR-0109,CNT-0025,click,2179,2025-03-07T21:36:54
USR-0662,CNT-0017,view,199,2025-03-07T21:39:51
USR-0183,CNT-0260,complete,793,2025-03-07T21:46:09
USR-0948,CNT-0052,complete,238,2025-03-07T21:46:17
USR-0570,CNT-0106,view,896,2025-03-07T21:49:58
USR-0944,CNT-0101,complete,295,2025-03-07T21:50:31
USR-0630,CNT-0179,like,3,2025-03-07T21:55:02
USR-0502,CNT-0116,complete,53,2025-03-07T21:55:23
USR-0310,CNT-0290,view,3570,2025-03-07T22:00:20
USR-0788,CNT-0175,skip,738,2025-03-07T22:01:30
USR-0149,CNT-0088,like,136,2025-03-07T22:14:54
USR-0876,CNT-0209,skip,30,2025-03-07T22:29:24
USR-0246,CNT-0175,click,1334,2025-03-07T22:29:36
USR-0284,CNT-0165,like,3433,2025-03-07T22:41:01
USR-0615,CNT-0318,like,279,2025-03-07T22:42:41
USR-0588,CNT-0481,like,2613,2025-03-07T22:44:32
USR-0717,CNT-0169,like,39,2025-03-07T22:44:41
USR-0999,CNT-0095,skip,122,2025-03-07T22:50:01
USR-0111,CNT-0418,skip,227,2025-03-07T22:56:40
USR-0838,CNT-0087,view,272,2025-03-07T23:02:44
USR-0791,CNT-0072,like,114,2025-03-07T23:04:23
USR-0948,CNT-0106,click,1168,2025-03-07T23:05:45
USR-0805,CNT-0495,view,437,2025-03-07T23:13:19
USR-0120,CNT-0029,click,269,2025-03-07T23:29:50
USR-0186,CNT-0214,view,2440,2025-03-07T23:46:25
USR-0084,CNT-0494,skip,67,2025-03-07T23:48:47
USR-0567,CNT-0381,click,2809,2025-03-07T23:51:08
USR-0826,CNT-0147,complete,2114,2025-03-08T00:26:48
USR-0705,CNT-0268,click,39,2025-03-08T00:31:54
USR-0921,CNT-0251,complete,893,2025-03-08T00:38:36
USR-0964,CNT-0110,view,648,2025-03-08T00:38:39
USR-0447,CNT-0196,skip,44,2025-03-08T01:10:17
USR-0824,CNT-0313,view,40,2025-03-08T01:15:29
USR-0142,CNT-0133,view,34,2025-03-08T01:19:51
USR-0773,CNT-0455,view,45,2025-03-08T01:31:58
USR-0844,CNT-0189,view,1837,2025-03-08T01:34:57
USR-0667,CNT-0094,view,1068,2025-03-08T01:36:09
USR-0303,CNT-0067,view,3178,2025-03-08T01:38:12
USR-0474,CNT-0027,click,642,2025-03-08T01:38:45
USR-0082,CNT-0223,view,1350,2025-03-08T01:39:45
USR-0973,CNT-0110,click,655,2025-03-08T01:48:24
USR-0536,CNT-0459,view,564,2025-03-08T02:03:26
USR-0989,CNT-0214,view,2203,2025-03-08T02:13:00
USR-0230,CNT-0246,skip,119,2025-03-08T02:17:35
USR-0549,CNT-0287,click,46,2025-03-08T02:19:39
USR-0396,CNT-0297,click,238,2025-03-08T02:27:36
USR-0849,CNT-0437,view,2857,2025-03-08T02:34:00
USR-0137,CNT-0099,view,422,2025-03-08T02:35:19
USR-0591,CNT-0300,complete,175,2025-03-08T02:38:36
USR-0019,CNT-0395,click,51,2025-03-08T02:43:08
USR-0682,CNT-0324,view,466,2025-03-08T02:59:59
USR-0702,CNT-0040,complete,46,2025-03-08T03:05:28
USR-0521,CNT-0251,view,379,2025-03-08T03:09:20
USR-0848,CNT-0418,view,393,2025-03-08T03:11:28
USR-0898,CNT-0246,view,118,2025-03-08T03:31:19
USR-0463,CNT-0117,complete,2118,2025-03-08T03:41:59
USR-0768,CNT-0021,like,325,2025-03-08T04:09:22
USR-0881,CNT-0432,complete,2928,2025-03-08T04:15:20
USR-0166,CNT-0215,complete,390,2025-03-08T04:17:43
USR-0103,CNT-0016,like,523,2025-03-08T04:17:45
USR-0570,CNT-0189,view,2523,2025-03-08T04:21:30
USR-0030,CNT-0203,like,11,2025-03-08T04:26:16
USR-0241,CNT-0041,view,873,2025-03-08T04:27:28
USR-0316,CNT-0452,click,52,2025-03-08T04:37:06
USR-0090,CNT-0210,like,2536,2025-03-08T05:02:30
USR-0012,CNT-0163,view,3708,2025-03-08T05:03:52
USR-0020,CNT-0072,skip,28,2025-03-08T05:07:19
USR-0277,CNT-0383,view,23,2025-03-08T05:07:34
USR-0356,CNT-0235,skip,16,2025-03-08T05:11:29
USR-0292,CNT-0496,view,52,2025-03-08T05:17:19
USR-0301,CNT-0063,complete,78,2025-03-08T05:21:19
USR-0745,CNT-0482,view,669,2025-03-08T05:31:54
USR-0789,CNT-0288,complete,1284,2025-03-08T05:34:34
USR-0894,CNT-0181,view,4565,2025-03-08T05:39:46
USR-0443,CNT-0029,complete,413,2025-03-08T05:47:42
USR-0313,CNT-0143,view,2843,2025-03-08T05:59:59
USR-0184,CNT-0021,complete,904,2025-03-08T06:07:36
USR-0792,CNT-0012,view,131,2025-03-08T06:12:40
USR-0222,CNT-0035,like,17,2025-03-08T06:28:49
USR-0838,CNT-0470,view,170,2025-03-08T06:32:42
USR-0147,CNT-0202,complete,2092,2025-03-08T06:48:35
USR-0012,CNT-0138,view,201,2025-03-08T07:02:19
USR-0003,CNT-0358,view,278,2025-03-08T07:02:45
USR-0580,CNT-0041,click,1177,2025-03-08T07:04:31
USR-0827,CNT-0128,view,360,2025-03-08T07:24:24
USR-0957,CNT-0145,view,714,2025-03-08T07:34:48
USR-0103,CNT-0049,view,285,2025-03-08T07:36:09
USR-0476,CNT-0404,view,584,2025-03-08T07:43:25
USR-0297,CNT-0470,skip,46,2025-03-08T07:45:13
USR-0235,CNT-0383,click,278,2025-03-08T07:55:57
USR-0991,CNT-0288,click,1073,2025-03-08T08:01:39
USR-0272,CNT-0344,like,284,2025-03-08T08:04:01
USR-0909,CNT-0029,view,434,2025-03-08T08:04:06
USR-0330,CNT-0269,view,179,2025-03-08T08:16:14
USR-0240,CNT-0266,view,604,2025-03-08T08:36:06
USR-0245,CNT-0276,complete,152,2025-03-08T08:37:10
USR-0947,CNT-0379,skip,74,2025-03-08T08:38:14
USR-0909,CNT-0041,click,842,2025-03-08T08:41:17
USR-0191,CNT-0304,like,272,2025-03-08T08:43:48
USR-0329,CNT-0462,like,676,2025-03-08T08:52:03
USR-0032,CNT-0104,click,1003,2025-03-08T09:04:08
USR-0033,CNT-0480,click,450,2025-03-08T09:04:36
USR-0732,CNT-0433,complete,316,2025-03-08T09:04:43
USR-0525,CNT-0257,view,416,2025-03-08T09:05:06
USR-0950,CNT-0073,complete,3858,2025-03-08T09:14:11
USR-0749,CNT-0079,click,1119,2025-03-08T09:19:59
USR-0231,CNT-0310,view,946,2025-03-08T09:37:32
USR-0577,CNT-0382,click,906,2025-03-08T09:50:44
USR-0037,CNT-0410,view,13,2025-03-08T09:59:34
USR-0975,CNT-0092,complete,1916,2025-03-08T09:59:40
USR-0895,CNT-0009,complete,4153,2025-03-08T10:20:30
USR-0092,CNT-0493,like,34,2025-03-08T10:30:20
USR-0929,CNT-0387,view,65,2025-03-08T10:34:01
USR-0606,CNT-0386,view,92,2025-03-08T10:35:16
USR-0419,CNT-0220,view,64,2025-03-08T10:37:58
USR-0625,CNT-0123,like,483,2025-03-08T10:40:53
USR-0877,CNT-0150,view,1392,2025-03-08T10:41:02
USR-0172,CNT-0138,view,197,2025-03-08T10:47:34
USR-0023,CNT-0210,skip,606,2025-03-08T10:47:46
USR-0388,CNT-0004,click,1434,2025-03-08T10:51:35
USR-0574,CNT-0234,view,2803,2025-03-08T11:05:40
USR-0049,CNT-0383,skip,18,2025-03-08T11:18:33
USR-0249,CNT-0033,complete,148,2025-03-08T11:33:18
USR-0313,CNT-0160,like,52,2025-03-08T11:34:28
USR-0611,CNT-0239,view,576,2025-03-08T11:45:57
USR-0962,CNT-0185,view,733,2025-03-08T11:47:00
USR-0146,CNT-0373,click,2482,2025-03-08T11:47:31
USR-0800,CNT-0381,view,1671,2025-03-08T11:48:08
USR-0525,CNT-0387,click,203,2025-03-08T11:50:47
USR-0392,CNT-0410,like,70,2025-03-08T11:53:43
USR-0425,CNT-0081,view,158,2025-03-08T12:08:48
USR-0116,CNT-0172,click,82,2025-03-08T12:23:48
USR-0320,CNT-0462,click,1492,2025-03-08T12:26:17
USR-0880,CNT-0462,like,1396,2025-03-08T12:30:01
USR-0664,CNT-0029,like,224,2025-03-08T12:31:42
USR-0142,CNT-0241,like,2063,2025-03-08T12:32:46
USR-0211,CNT-0364,skip,130,2025-03-08T12:34:56
USR-0949,CNT-0174,complete,40,2025-03-08T12:35:10
USR-0602,CNT-0399,click,4785,2025-03-08T12:41:52
USR-0583,CNT-0121,view,36,2025-03-08T12:43:18
USR-0177,CNT-0158,skip,25,2025-03-08T12:45:03
USR-0496,CNT-0340,like,435,2025-03-08T12:45:04
USR-0005,CNT-0185,complete,813,2025-03-08T12:48:48
USR-0751,CNT-0376,skip,16,2025-03-08T12:51:57
USR-0005,CNT-0500,complete,5309,2025-03-08T13:07:10
USR-0044,CNT-0038,click,313,2025-03-08T13:08:50
USR-0760,CNT-0310,complete,3149,2025-03-08T13:21:22
USR-0059,CNT-0445,view,29,2025-03-08T13:26:37
USR-0352,CNT-0090,click,956,2025-03-08T13:28:23
USR-0562,CNT-0431,view,483,2025-03-08T13:40:06
USR-0672,CNT-0205,view,444,2025-03-08T13:47:16
USR-0630,CNT-0121,view,90,2025-03-08T13:50:14
USR-0482,CNT-0450,view,3667,2025-03-08T13:51:03
USR-0634,CNT-0403,like,2093,2025-03-08T13:55:06
USR-0282,CNT-0128,click,172,2025-03-08T13:56:37
USR-0367,CNT-0430,like,591,2025-03-08T13:59:54
USR-0921,CNT-0167,view,20,2025-03-08T14:05:23
USR-0551,CNT-0353,complete,5196,2025-03-08T14:06:09
USR-0326,CNT-0482,click,1152,2025-03-08T14:08:19
USR-0928,CNT-0085,view,1927,2025-03-08T14:12:19
USR-0790,CNT-0049,view,46,2025-03-08T14:22:00
USR-0029,CNT-0393,complete,547,2025-03-08T14:28:27
USR-0513,CNT-0242,click,264,2025-03-08T14:36:39
USR-0314,CNT-0316,view,263,2025-03-08T14:47:09
USR-0500,CNT-0339,like,360,2025-03-08T14:56:17
USR-0296,CNT-0233,view,222,2025-03-08T14:57:18
USR-0556,CNT-0381,click,81,2025-03-08T15:01:12
USR-0987,CNT-0354,skip,14,2025-03-08T15:01:37
USR-0955,CNT-0344,click,818,2025-03-08T15:01:51
USR-0618,CNT-0366,like,59,2025-03-08T15:05:47
USR-0968,CNT-0334,complete,85,2025-03-08T15:07:18
USR-0686,CNT-0135,complete,3068,2025-03-08T15:07:58
USR-0523,CNT-0470,click,960,2025-03-08T15:20:14
USR-0900,CNT-0199,skip,21,2025-03-08T15:24:46
USR-0851,CNT-0420,complete,4333,2025-03-08T16:01:22
USR-0798,CNT-0251,click,615,2025-03-08T16:04:33
USR-0770,CNT-0213,like,1604,2025-03-08T16:11:23
USR-0643,CNT-0367,skip,213,2025-03-08T16:15:58
USR-0710,CNT-0468,click,696,2025-03-08T16:16:30
USR-0294,CNT-0120,complete,1461,2025-03-08T16:16:53
USR-0470,CNT-0268,view,451,2025-03-08T16:19:13
USR-0250,CNT-0470,view,289,2025-03-08T16:20:53
USR-0116,CNT-0030,complete,725,2025-03-08T16:26:36
USR-0137,CNT-0429,complete,3242,2025-03-08T16:28:55
USR-0386,CNT-0412,like,1093,2025-03-08T16:48:01
USR-0764,CNT-0385,like,433,2025-03-08T16:49:22
USR-0079,CNT-0387,like,7,2025-03-08T16:51:54
USR-0119,CNT-0178,click,319,2025-03-08T16:56:04
USR-0734,CNT-0219,like,99,2025-03-08T17:10:02
USR-0422,CNT-0291,view,492,2025-03-08T17:11:20
USR-0615,CNT-0099,click,683,2025-03-08T17:12:01
USR-0797,CNT-0286,view,1875,2025-03-08T17:12:28
USR-0406,CNT-0410,click,56,2025-03-08T17:20:32
USR-0950,CNT-0274,view,1456,2025-03-08T17:23:23
USR-0708,CNT-0446,view,234,2025-03-08T17:23:57
USR-0129,CNT-0362,skip,501,2025-03-08T17:26:44
USR-0426,CNT-0272,view,565,2025-03-08T17:31:00
USR-0300,CNT-0209,view,111,2025-03-08T17:35:24
USR-0490,CNT-0429,view,710,2025-03-08T17:54:50
USR-0041,CNT-0162,skip,59,2025-03-08T17:59:37
USR-0456,CNT-0204,complete,2093,2025-03-08T18:31:40
USR-0351,CNT-0378,click,522,2025-03-08T18:38:18
USR-0860,CNT-0179,view,0,2025-03-08T18:40:54
USR-0531,CNT-0321,click,1535,2025-03-08T18:43:24
USR-0480,CNT-0238,complete,760,2025-03-08T18:50:40
USR-0477,CNT-0411,click,119,2025-03-08T18:52:59
USR-0035,CNT-0067,click,1239,2025-03-08T19:07:08
USR-0875,CNT-0339,view,409,2025-03-08T19:17:49
USR-0608,CNT-0284,view,1173,2025-03-08T19:19:41
USR-0102,CNT-0421,view,27,2025-03-08T19:26:27
USR-0238,CNT-0114,view,81,2025-03-08T19:29:07
USR-0358,CNT-0078,complete,371,2025-03-08T19:30:16
USR-0396,CNT-0476,view,19,2025-03-08T19:48:26
USR-0575,CNT-0289,view,57,2025-03-08T19:48:37
USR-0809,CNT-0232,view,89,2025-03-08T20:16:26
USR-0432,CNT-0423,view,3122,2025-03-08T20:19:15
USR-0738,CNT-0455,view,10,2025-03-08T20:24:50
USR-0720,CNT-0014,view,4115,2025-03-08T20:33:15
USR-0660,CNT-0258,complete,2851,2025-03-08T20:35:52
USR-0083,CNT-0018,view,38,2025-03-08T20:38:14
USR-0849,CNT-0196,skip,14,2025-03-08T20:38:32
USR-0263,CNT-0049,complete,392,2025-03-08T20:42:32
USR-0320,CNT-0455,view,39,2025-03-08T20:45:43
USR-0143,CNT-0345,click,93,2025-03-08T20:49:48
USR-0258,CNT-0237,complete,802,2025-03-08T20:54:03
USR-0799,CNT-0500,complete,4580,2025-03-08T21:04:42
USR-0099,CNT-0208,click,1158,2025-03-08T21:07:40
USR-0506,CNT-0207,view,3752,2025-03-08T21:28:03
USR-0645,CNT-0473,view,1949,2025-03-08T21:28:43
USR-0126,CNT-0199,view,13,2025-03-08T21:34:18
USR-0542,CNT-0320,click,4,2025-03-08T21:37:06
USR-0314,CNT-0166,complete,271,2025-03-08T21:42:28
USR-0436,CNT-0023,complete,2557,2025-03-08T21:42:35
USR-0950,CNT-0166,click,136,2025-03-08T21:47:09
USR-0037,CNT-0298,view,2798,2025-03-08T22:03:57
USR-0407,CNT-0113,like,309,2025-03-08T22:15:01
USR-0140,CNT-0118,complete,2902,2025-03-08T22:16:40
USR-0371,CNT-0411,view,614,2025-03-08T22:29:58
USR-0077,CNT-0212,like,512,2025-03-08T22:33:51
USR-0140,CNT-0193,view,1096,2025-03-08T22:39:46
USR-0285,CNT-0253,like,15,2025-03-08T22:44:00
USR-0832,CNT-0264,like,792,2025-03-08T22:46:20
USR-0444,CNT-0374,view,679,2025-03-08T22:46:26
USR-0299,CNT-0101,complete,303,2025-03-08T22:47:49
USR-0816,CNT-0316,view,635,2025-03-08T22:51:32
USR-0089,CNT-0183,click,3369,2025-03-08T22:58:30
USR-0885,CNT-0171,skip,245,2025-03-08T23:00:32
USR-0688,CNT-0128,skip,30,2025-03-08T23:03:34
USR-0077,CNT-0284,like,657,2025-03-08T23:04:05
USR-0254,CNT-0130,skip,2,2025-03-08T23:06:54
USR-0708,CNT-0431,view,407,2025-03-08T23:08:55
USR-0694,CNT-0189,click,1649,2025-03-08T23:09:40
USR-0151,CNT-0166,skip,69,2025-03-08T23:21:39
USR-0401,CNT-0348,click,28,2025-03-08T23:24:46
USR-0337,CNT-0246,click,135,2025-03-08T23:40:43
USR-0566,CNT-0298,skip,575,2025-03-08T23:43:55
USR-0574,CNT-0403,view,1648,2025-03-08T23:51:22
USR-0803,CNT-0352,view,2564,2025-03-09T00:01:03
USR-0748,CNT-0314,view,3799,2025-03-09T00:26:22
USR-0030,CNT-0080,click,14,2025-03-09T00:27:50
USR-0051,CNT-0449,complete,2956,2025-03-09T00:30:11
USR-0495,CNT-0348,view,30,2025-03-09T00:58:30
USR-0893,CNT-0491,click,2445,2025-03-09T01:00:07
USR-0764,CNT-0025,click,550,2025-03-09T01:02:39
USR-0739,CNT-0190,click,115,2025-03-09T01:07:35
USR-0192,CNT-0068,view,364,2025-03-09T01:09:43
USR-0063,CNT-0311,view,1859,2025-03-09T01:13:18
USR-0544,CNT-0050,view,333,2025-03-09T01:14:55
USR-0926,CNT-0296,complete,278,2025-03-09T01:17:49
USR-0499,CNT-0167,skip,184,2025-03-09T01:21:35
USR-0008,CNT-0242,skip,51,2025-03-09T01:24:25
USR-0525,CNT-0248,view,58,2025-03-09T01:41:19
USR-0760,CNT-0216,complete,4594,2025-03-09T01:41:36
USR-0822,CNT-0461,skip,445,2025-03-09T01:49:15
USR-0359,CNT-0362,view,2434,2025-03-09T01:51:35
USR-0034,CNT-0390,skip,680,2025-03-09T01:52:31
USR-0066,CNT-0102,view,1834,2025-03-09T02:07:59
USR-0195,CNT-0056,view,10,2025-03-09T02:22:28
USR-0314,CNT-0415,complete,5162,2025-03-09T02:29:09
USR-0725,CNT-0209,click,46,2025-03-09T02:38:03
USR-0823,CNT-0185,like,674,2025-03-09T02:49:18
USR-0525,CNT-0442,view,313,2025-03-09T02:50:55
USR-0423,CNT-0374,skip,51,2025-03-09T02:52:39
USR-0263,CNT-0486,skip,44,2025-03-09T02:59:19
USR-0982,CNT-0238,complete,863,2025-03-09T03:02:16
USR-0556,CNT-0225,skip,1467,2025-03-09T03:05:37
USR-0701,CNT-0034,view,455,2025-03-09T03:20:02
USR-0372,CNT-0444,view,148,2025-03-09T03:25:58
USR-0299,CNT-0209,view,60,2025-03-09T03:34:24
USR-0405,CNT-0241,like,1091,2025-03-09T03:40:38
USR-0279,CNT-0328,view,62,2025-03-09T03:51:57
USR-0126,CNT-0078,click,316,2025-03-09T03:54:04
USR-0895,CNT-0464,view,231,2025-03-09T03:54:04
USR-0770,CNT-0447,view,3150,2025-03-09T04:01:04
USR-0120,CNT-0005,like,1884,2025-03-09T04:01:31
USR-0231,CNT-0156,view,21,2025-03-09T04:04:35
USR-0220,CNT-0309,skip,27,2025-03-09T04:15:15
USR-0289,CNT-0027,complete,1925,2025-03-09T04:24:37
USR-0631,CNT-0104,view,1978,2025-03-09T04:29:33
USR-0182,CNT-0359,view,485,2025-03-09T04:35:31
USR-0108,CNT-0437,complete,3936,2025-03-09T04:48:24
USR-0583,CNT-0121,view,55,2025-03-09T04:49:40
USR-0915,CNT-0169,view,24,2025-03-09T04:54:52
USR-0142,CNT-0079,click,1954,2025-03-09T04:58:35
USR-0465,CNT-0449,view,1748,2025-03-09T04:59:34
USR-0931,CNT-0463,view,539,2025-03-09T05:12:04
USR-0442,CNT-0041,skip,185,2025-03-09T05:16:22
USR-0982,CNT-0088,view,0,2025-03-09T05:18:23
USR-0488,CNT-0369,complete,3882,2025-03-09T05:26:28
USR-0787,CNT-0491,view,2292,2025-03-09T05:26:44
USR-0744,CNT-0096,complete,2041,2025-03-09T05:31:08
USR-0072,CNT-0204,complete,1741,2025-03-09T05:48:07
USR-0555,CNT-0355,view,1472,2025-03-09T05:54:56
USR-0160,CNT-0010,view,4053,2025-03-09T06:02:44
USR-0899,CNT-0044,view,110,2025-03-09T06:10:43
USR-0099,CNT-0192,complete,54,2025-03-09T06:16:38
USR-0846,CNT-0212,skip,0,2025-03-09T06:30:38
USR-0807,CNT-0482,complete,1283,2025-03-09T06:32:40
USR-0398,CNT-0479,click,928,2025-03-09T06:41:39
USR-0536,CNT-0364,view,47,2025-03-09T06:46:26
USR-0571,CNT-0466,view,51,2025-03-09T06:57:11
USR-0134,CNT-0157,view,243,2025-03-09T07:02:29
USR-0708,CNT-0100,view,151,2025-03-09T07:11:34
USR-0773,CNT-0192,like,31,2025-03-09T07:14:34
USR-0129,CNT-0044,view,366,2025-03-09T07:14:49
USR-0675,CNT-0088,like,204,2025-03-09T07:15:26
USR-0985,CNT-0021,view,143,2025-03-09T07:23:21
USR-0056,CNT-0268,like,2647,2025-03-09T07:31:40
USR-0087,CNT-0099,click,370,2025-03-09T07:39:47
USR-0249,CNT-0085,like,1278,2025-03-09T07:46:30
USR-0395,CNT-0169,click,61,2025-03-09T07:47:15
USR-0088,CNT-0434,like,11,2025-03-09T07:47:48
USR-0728,CNT-0308,complete,1580,2025-03-09T07:59:28
USR-0876,CNT-0018,complete,93,2025-03-09T08:10:20
USR-0046,CNT-0135,complete,3346,2025-03-09T08:11:36
USR-0948,CNT-0264,click,100,2025-03-09T08:12:59
USR-0746,CNT-0228,skip,172,2025-03-09T08:13:42
USR-0101,CNT-0335,view,602,2025-03-09T08:13:59
USR-0155,CNT-0083,like,425,2025-03-09T08:26:30
USR-0699,CNT-0111,like,50,2025-03-09T08:26:56
USR-0027,CNT-0266,view,2646,2025-03-09T08:28:02
USR-0523,CNT-0419,like,341,2025-03-09T08:31:17
USR-0895,CNT-0492,like,3579,2025-03-09T08:39:22
USR-0706,CNT-0189,click,2285,2025-03-09T08:56:05
USR-0672,CNT-0320,view,462,2025-03-09T09:03:15
USR-0572,CNT-0411,like,107,2025-03-09T09:05:14
USR-0031,CNT-0300,click,128,2025-03-09T09:14:52
USR-0016,CNT-0079,complete,3716,2025-03-09T09:19:22
USR-0759,CNT-0037,click,2137,2025-03-09T09:20:07
USR-0699,CNT-0331,like,2020,2025-03-09T09:21:57
USR-0357,CNT-0023,click,640,2025-03-09T09:27:29
USR-0526,CNT-0481,skip,512,2025-03-09T09:35:03
USR-0869,CNT-0498,click,282,2025-03-09T09:36:25
USR-0680,CNT-0033,complete,144,2025-03-09T09:41:00
USR-0268,CNT-0499,like,124,2025-03-09T09:44:10
USR-0909,CNT-0367,view,290,2025-03-09T09:49:22
USR-0630,CNT-0485,view,26,2025-03-09T09:57:47
USR-0282,CNT-0227,complete,158,2025-03-09T10:01:13
USR-0750,CNT-0374,view,327,2025-03-09T10:03:40
USR-0866,CNT-0488,view,85,2025-03-09T10:06:57
USR-0361,CNT-0056,complete,65,2025-03-09T10:10:26
USR-0374,CNT-0109,click,205,2025-03-09T10:26:11
USR-0307,CNT-0414,click,182,2025-03-09T10:26:32
USR-0411,CNT-0290,click,3243,2025-03-09T10:30:14
USR-0567,CNT-0301,complete,939,2025-03-09T10:30:59
USR-0729,CNT-0339,complete,527,2025-03-09T10:35:13
USR-0214,CNT-0187,like,29,2025-03-09T10:35:50
USR-0479,CNT-0271,click,21,2025-03-09T10:36:30
USR-0623,CNT-0168,complete,277,2025-03-09T10:59:02
USR-0976,CNT-0125,view,2114,2025-03-09T11:08:02
USR-0371,CNT-0229,click,238,2025-03-09T11:10:49
USR-0937,CNT-0194,like,2,2025-03-09T11:14:13
USR-0329,CNT-0171,skip,56,2025-03-09T11:20:50
USR-0210,CNT-0235,like,524,2025-03-09T11:26:40
USR-0032,CNT-0140,like,2350,2025-03-09T11:29:26
USR-0641,CNT-0283,click,218,2025-03-09T11:32:57
USR-0147,CNT-0422,like,250,2025-03-09T11:41:59
USR-0876,CNT-0198,click,1166,2025-03-09T11:47:58
USR-0817,CNT-0026,click,266,2025-03-09T11:52:09
USR-0621,CNT-0351,skip,111,2025-03-09T11:54:11
USR-0653,CNT-0222,click,34,2025-03-09T11:54:43
USR-0280,CNT-0259,like,688,2025-03-09T12:02:12
USR-0972,CNT-0226,click,603,2025-03-09T12:02:56
USR-0469,CNT-0479,skip,9,2025-03-09T12:07:14
USR-0834,CNT-0455,skip,15,2025-03-09T12:10:13
USR-0559,CNT-0157,click,165,2025-03-09T12:22:09
USR-0826,CNT-0205,click,1615,2025-03-09T12:22:38
USR-0534,CNT-0439,view,1707,2025-03-09T12:25:32
USR-0407,CNT-0039,view,3385,2025-03-09T12:26:04
USR-0346,CNT-0214,view,149,2025-03-09T12:26:21
USR-0813,CNT-0282,view,1179,2025-03-09T12:27:45
USR-0856,CNT-0436,complete,968,2025-03-09T12:30:58
USR-0134,CNT-0348,click,8,2025-03-09T12:31:19
USR-0399,CNT-0340,view,347,2025-03-09T12:31:21
USR-0695,CNT-0120,complete,1298,2025-03-09T12:34:52
USR-0499,CNT-0348,like,27,2025-03-09T12:36:36
USR-0663,CNT-0139,click,89,2025-03-09T12:37:49
USR-0819,CNT-0117,like,881,2025-03-09T12:37:54
USR-0404,CNT-0414,view,198,2025-03-09T12:42:17
USR-0735,CNT-0110,like,486,2025-03-09T12:53:21
USR-0295,CNT-0244,complete,739,2025-03-09T12:55:51
USR-0474,CNT-0199,skip,6,2025-03-09T13:14:20
USR-0723,CNT-0172,view,66,2025-03-09T13:14:42
USR-0855,CNT-0461,complete,2331,2025-03-09T13:14:53
USR-0422,CNT-0211,click,25,2025-03-09T13:23:38
USR-0410,CNT-0152,like,116,2025-03-09T13:31:18
USR-0110,CNT-0031,view,280,2025-03-09T13:34:49
USR-0257,CNT-0045,complete,203,2025-03-09T13:38:39
USR-0651,CNT-0276,click,145,2025-03-09T13:40:13
USR-0603,CNT-0412,click,414,2025-03-09T13:45:11
USR-0079,CNT-0029,skip,28,2025-03-09T13:47:15
USR-0615,CNT-0010,like,342,2025-03-09T13:48:05
USR-0038,CNT-0313,view,3,2025-03-09T14:02:58
USR-0542,CNT-0303,skip,146,2025-03-09T14:15:22
USR-0689,CNT-0492,like,2130,2025-03-09T14:22:58
USR-0269,CNT-0157,view,79,2025-03-09T14:23:56
USR-0196,CNT-0485,complete,80,2025-03-09T14:28:45
USR-0983,CNT-0039,view,2584,2025-03-09T14:31:56
USR-0425,CNT-0096,skip,173,2025-03-09T14:40:21
USR-0286,CNT-0324,complete,929,2025-03-09T14:46:39
USR-0112,CNT-0083,view,199,2025-03-09T14:53:21
USR-0098,CNT-0497,complete,57,2025-03-09T15:00:10
USR-0626,CNT-0006,view,144,2025-03-09T15:11:02
USR-0494,CNT-0243,skip,20,2025-03-09T15:24:20
USR-0383,CNT-0239,view,740,2025-03-09T15:27:09
USR-0791,CNT-0393,skip,129,2025-03-09T15:28:01
USR-0036,CNT-0448,click,28,2025-03-09T15:31:38
USR-0390,CNT-0177,like,2214,2025-03-09T15:47:32
USR-0261,CNT-0020,like,26,2025-03-09T15:50:18
USR-0493,CNT-0432,view,2304,2025-03-09T16:03:05
USR-0704,CNT-0404,complete,653,2025-03-09T16:06:23
USR-0314,CNT-0238,like,291,2025-03-09T16:24:06
USR-0983,CNT-0319,complete,2340,2025-03-09T16:25:16
USR-0181,CNT-0421,complete,2833,2025-03-09T16:33:19
USR-0648,CNT-0149,view,124,2025-03-09T16:35:40
USR-0993,CNT-0181,complete,5313,2025-03-09T16:37:19
USR-0225,CNT-0235,skip,185,2025-03-09T16:57:02
USR-0856,CNT-0080,view,62,2025-03-09T16:57:46
USR-0010,CNT-0468,view,175,2025-03-09T17:04:38
USR-0036,CNT-0461,click,115,2025-03-09T17:13:34
USR-0513,CNT-0154,like,139,2025-03-09T17:20:04
USR-0348,CNT-0023,click,650,2025-03-09T17:23:02
USR-0905,CNT-0097,complete,3612,2025-03-09T17:25:41
USR-0554,CNT-0470,click,276,2025-03-09T17:34:44
USR-0168,CNT-0262,complete,3526,2025-03-09T17:35:57
USR-0926,CNT-0032,view,257,2025-03-09T17:42:33
USR-0182,CNT-0175,click,2193,2025-03-09T17:51:18
USR-0084,CNT-0081,click,330,2025-03-09T18:05:24
USR-0430,CNT-0463,complete,1893,2025-03-09T18:14:11
USR-0489,CNT-0468,skip,435,2025-03-09T18:22:20
USR-0004,CNT-0251,like,283,2025-03-09T18:24:05
USR-0220,CNT-0308,view,443,2025-03-09T18:26:22
USR-0061,CNT-0382,complete,3722,2025-03-09T18:29:33
USR-0904,CNT-0322,view,68,2025-03-09T18:33:37
USR-0360,CNT-0283,skip,44,2025-03-09T18:34:06
USR-0472,CNT-0378,skip,181,2025-03-09T18:35:21
USR-0691,CNT-0048,like,46,2025-03-09T18:38:05
USR-0703,CNT-0379,click,61,2025-03-09T19:01:39
USR-0708,CNT-0258,like,2104,2025-03-09T19:10:40
USR-0288,CNT-0276,like,84,2025-03-09T19:13:32
USR-0836,CNT-0400,view,30,2025-03-09T19:15:16
USR-0821,CNT-0152,click,76,2025-03-09T19:27:22
USR-0898,CNT-0466,view,82,2025-03-09T19:34:53
USR-0123,CNT-0290,click,717,2025-03-09T19:37:30
USR-0784,CNT-0081,skip,67,2025-03-09T19:46:18
USR-0046,CNT-0274,like,3082,2025-03-09T19:49:41
USR-0534,CNT-0357,view,939,2025-03-09T19:58:12
USR-0944,CNT-0200,view,2262,2025-03-09T20:03:10
USR-0772,CNT-0471,view,1373,2025-03-09T20:05:28
USR-0859,CNT-0100,skip,28,2025-03-09T20:15:53
USR-0386,CNT-0473,like,1019,2025-03-09T20:30:36
USR-0276,CNT-0396,complete,869,2025-03-09T20:48:32
USR-0540,CNT-0333,complete,157,2025-03-09T20:50:07
USR-0926,CNT-0300,skip,0,2025-03-09T21:09:07
USR-0280,CNT-0100,like,162,2025-03-09T21:16:54
USR-0505,CNT-0460,view,3980,2025-03-09T21:23:28
USR-0977,CNT-0364,skip,163,2025-03-09T21:31:28
USR-0382,CNT-0413,complete,671,2025-03-09T21:36:58
USR-0076,CNT-0003,complete,4109,2025-03-09T21:39:09
USR-0362,CNT-0283,like,70,2025-03-09T21:54:00
USR-0068,CNT-0258,view,2540,2025-03-09T21:58:54
USR-0233,CNT-0049,view,335,2025-03-09T22:02:14
USR-0763,CNT-0338,view,189,2025-03-09T22:15:10
USR-0704,CNT-0470,view,150,2025-03-09T22:16:36
USR-0027,CNT-0148,like,158,2025-03-09T22:16:38
USR-0574,CNT-0486,view,318,2025-03-09T22:22:01
USR-0075,CNT-0072,view,58,2025-03-09T22:23:24
USR-0174,CNT-0287,view,71,2025-03-09T22:34:37
USR-0643,CNT-0032,view,389,2025-03-09T22:43:07
USR-0785,CNT-0155,view,322,2025-03-09T22:44:19
USR-0250,CNT-0108,complete,262,2025-03-09T22:54:22
USR-0589,CNT-0146,like,419,2025-03-09T22:59:11
USR-0808,CNT-0226,view,0,2025-03-09T22:59:23
USR-0148,CNT-0446,click,387,2025-03-09T23:02:28
USR-0150,CNT-0102,view,1150,2025-03-09T23:09:01
USR-0290,CNT-0021,complete,826,2025-03-09T23:11:50
USR-0645,CNT-0345,view,381,2025-03-09T23:16:23
USR-0378,CNT-0386,complete,754,2025-03-09T23:22:06
USR-0976,CNT-0216,view,215,2025-03-09T23:27:25
USR-0886,CNT-0023,click,1255,2025-03-09T23:29:18
USR-0136,CNT-0011,complete,1206,2025-03-09T23:31:19
USR-0017,CNT-0062,like,2073,2025-03-09T23:39:00
USR-0520,CNT-0116,view,62,2025-03-09T23:39:39
USR-0015,CNT-0017,complete,2264,2025-03-09T23:47:17
USR-0373,CNT-0013,view,981,2025-03-10T00:00:01
USR-0213,CNT-0084,complete,149,2025-03-10T00:03:17
USR-0954,CNT-0397,click,917,2025-03-10T00:05:45
USR-0842,CNT-0381,view,1429,2025-03-10T00:10:46
USR-0087,CNT-0253,view,12,2025-03-10T00:14:39
USR-0041,CNT-0331,complete,2711,2025-03-10T00:29:22
USR-0927,CNT-0288,view,156,2025-03-10T00:35:18
USR-0016,CNT-0007,click,3711,2025-03-10T00:39:30
USR-0375,CNT-0205,complete,1956,2025-03-10T00:40:07
USR-0106,CNT-0025,click,1,2025-03-10T00:51:48
USR-0243,CNT-0197,view,2040,2025-03-10T00:58:15
USR-0919,CNT-0263,view,77,2025-03-10T01:14:15
USR-0256,CNT-0142,view,2158,2025-03-10T01:20:43
USR-0011,CNT-0147,complete,2094,2025-03-10T01:38:10
USR-0432,CNT-0487,complete,2341,2025-03-10T01:40:59
USR-0679,CNT-0166,click,258,2025-03-10T01:42:49
USR-0392,CNT-0313,complete,54,2025-03-10T01:51:31
USR-0094,CNT-0399,like,729,2025-03-10T01:55:21
USR-0420,CNT-0288,click,270,2025-03-10T01:59:08
USR-0398,CNT-0281,like,2136,2025-03-10T02:08:12
USR-0190,CNT-0275,view,72,2025-03-10T02:23:50
USR-0085,CNT-0351,view,515,2025-03-10T02:30:21
USR-0929,CNT-0467,like,559,2025-03-10T02:33:25
USR-0183,CNT-0361,view,1234,2025-03-10T02:36:08
USR-0342,CNT-0353,view,1361,2025-03-10T02:39:09
USR-0275,CNT-0375,click,457,2025-03-10T02:44:38
USR-0775,CNT-0002,click,28,2025-03-10T02:45:35
USR-0599,CNT-0326,skip,27,2025-03-10T02:46:58
USR-0483,CNT-0056,like,9,2025-03-10T02:59:04
USR-0019,CNT-0379,complete,456,2025-03-10T02:59:39
USR-0729,CNT-0342,complete,2476,2025-03-10T02:59:51
USR-0099,CNT-0065,click,67,2025-03-10T03:03:57
USR-0093,CNT-0390,skip,179,2025-03-10T03:04:27
USR-0935,CNT-0128,view,220,2025-03-10T03:06:35
USR-0595,CNT-0450,view,3289,2025-03-10T03:10:30
USR-0395,CNT-0331,click,1063,2025-03-10T03:11:37
USR-0532,CNT-0464,view,82,2025-03-10T03:18:07
USR-0541,CNT-0451,view,13,2025-03-10T03:18:32
USR-0084,CNT-0333,skip,30,2025-03-10T03:18:53
USR-0798,CNT-0479,view,599,2025-03-10T03:23:48
USR-0053,CNT-0306,like,38,2025-03-10T03:24:28
USR-0901,CNT-0020,like,58,2025-03-10T03:38:59
USR-0950,CNT-0474,skip,106,2025-03-10T03:39:18
USR-0964,CNT-0500,click,1712,2025-03-10T03:41:56
USR-0807,CNT-0337,click,638,2025-03-10T03:45:25
USR-0300,CNT-0324,complete,903,2025-03-10T03:48:15
USR-0022,CNT-0485,like,15,2025-03-10T03:51:50
USR-0429,CNT-0264,view,1141,2025-03-10T03:53:23
USR-0383,CNT-0435,click,6,2025-03-10T04:15:02
USR-0882,CNT-0160,view,221,2025-03-10T04:17:44
USR-0835,CNT-0478,like,338,2025-03-10T04:19:00
USR-0628,CNT-0481,like,3932,2025-03-10T04:21:14
USR-0661,CNT-0418,view,1046,2025-03-10T04:31:53
USR-0676,CNT-0226,click,501,2025-03-10T04:32:31
USR-0268,CNT-0266,like,11,2025-03-10T04:49:48
USR-0320,CNT-0144,view,40,2025-03-10T04:56:20
USR-0868,CNT-0439,view,1864,2025-03-10T05:01:24
USR-0167,CNT-0442,view,145,2025-03-10T05:03:58
USR-0054,CNT-0470,skip,265,2025-03-10T05:29:10
USR-0421,CNT-0462,complete,1968,2025-03-10T05:30:27
USR-0755,CNT-0034,click,213,2025-03-10T05:30:54
USR-0508,CNT-0484,view,20,2025-03-10T05:33:55
USR-0459,CNT-0416,complete,80,2025-03-10T05:37:11
USR-0663,CNT-0203,complete,30,2025-03-10T05:39:30
USR-0778,CNT-0420,click,535,2025-03-10T05:41:47
USR-0958,CNT-0424,view,162,2025-03-10T05:43:51
USR-0490,CNT-0360,skip,223,2025-03-10T05:44:39
USR-0789,CNT-0473,complete,1753,2025-03-10T05:51:18
USR-0942,CNT-0101,view,351,2025-03-10T05:53:11
USR-0244,CNT-0470,view,894,2025-03-10T05:53:14
USR-0569,CNT-0487,view,349,2025-03-10T05:59:25
USR-0957,CNT-0150,skip,220,2025-03-10T06:03:53
USR-0445,CNT-0363,skip,406,2025-03-10T06:04:39
USR-0601,CNT-0068,click,155,2025-03-10T06:05:12
USR-0580,CNT-0306,view,64,2025-03-10T06:10:47
USR-0551,CNT-0280,skip,7,2025-03-10T06:11:58
USR-0183,CNT-0274,skip,438,2025-03-10T06:13:10
USR-0592,CNT-0379,complete,394,2025-03-10T06:19:34
USR-0521,CNT-0450,view,548,2025-03-10T06:25:51
USR-0932,CNT-0087,click,543,2025-03-10T06:34:20
USR-0687,CNT-0500,skip,864,2025-03-10T06:39:03
USR-0606,CNT-0247,complete,780,2025-03-10T06:47:13
USR-0300,CNT-0385,view,1102,2025-03-10T06:50:04
USR-0628,CNT-0214,like,806,2025-03-10T06:51:46
USR-0168,CNT-0357,complete,2153,2025-03-10T06:52:35
USR-0782,CNT-0293,skip,321,2025-03-10T06:52:53
USR-0808,CNT-0146,like,552,2025-03-10T07:00:05
USR-0857,CNT-0318,skip,112,2025-03-10T07:11:23
USR-0711,CNT-0167,click,686,2025-03-10T07:27:57
USR-0464,CNT-0494,like,214,2025-03-10T07:29:20
USR-0861,CNT-0341,like,7,2025-03-10T07:51:03
USR-0821,CNT-0192,complete,59,2025-03-10T08:07:26
USR-0676,CNT-0232,skip,14,2025-03-10T08:07:41
USR-0822,CNT-0037,like,3782,2025-03-10T08:09:15
USR-0553,CNT-0083,complete,486,2025-03-10T08:12:11
USR-0330,CNT-0448,view,15,2025-03-10T08:15:57
USR-0157,CNT-0347,like,515,2025-03-10T08:21:56
USR-0102,CNT-0142,skip,418,2025-03-10T08:24:59
USR-0736,CNT-0308,view,1217,2025-03-10T08:27:10
USR-0308,CNT-0098,click,935,2025-03-10T08:35:23
USR-0418,CNT-0047,click,681,2025-03-10T08:37:07
USR-0703,CNT-0205,view,912,2025-03-10T08:43:43
USR-0603,CNT-0207,skip,1119,2025-03-10T08:54:53
USR-0264,CNT-0361,view,2870,2025-03-10T08:55:19
USR-0746,CNT-0008,like,1764,2025-03-10T08:56:47
USR-0228,CNT-0152,like,162,2025-03-10T08:58:53
USR-0623,CNT-0036,like,344,2025-03-10T09:01:00
USR-0802,CNT-0179,click,26,2025-03-10T09:15:10
USR-0556,CNT-0186,click,579,2025-03-10T09:15:47
USR-0280,CNT-0293,complete,1732,2025-03-10T09:18:24
USR-0667,CNT-0141,like,73,2025-03-10T09:23:21
USR-0140,CNT-0039,view,2398,2025-03-10T09:25:51
USR-0615,CNT-0020,view,5,2025-03-10T09:32:39
USR-0113,CNT-0118,complete,2690,2025-03-10T09:39:57
USR-0119,CNT-0110,complete,734,2025-03-10T09:40:34
USR-0376,CNT-0159,view,238,2025-03-10T09:44:13
USR-0478,CNT-0051,view,46,2025-03-10T10:08:31
USR-0421,CNT-0439,complete,1907,2025-03-10T10:20:10
USR-0665,CNT-0480,view,867,2025-03-10T10:25:09
USR-0358,CNT-0345,skip,184,2025-03-10T10:39:33
USR-0742,CNT-0367,view,232,2025-03-10T10:50:36
USR-0625,CNT-0488,click,2347,2025-03-10T10:57:12
USR-0016,CNT-0115,view,117,2025-03-10T11:09:34
USR-0079,CNT-0119,click,2027,2025-03-10T11:21:49
USR-0805,CNT-0467,complete,1714,2025-03-10T11:33:33
USR-0019,CNT-0227,view,66,2025-03-10T11:49:00
USR-0488,CNT-0109,click,252,2025-03-10T12:03:57
USR-0075,CNT-0426,click,1328,2025-03-10T12:20:54
USR-0907,CNT-0330,click,1311,2025-03-10T12:21:20
USR-0566,CNT-0436,view,967,2025-03-10T12:52:18
USR-0779,CNT-0249,view,233,2025-03-10T12:54:05
USR-0752,CNT-0251,view,181,2025-03-10T12:56:57
USR-0005,CNT-0090,view,453,2025-03-10T13:00:02
USR-0362,CNT-0483,view,1324,2025-03-10T13:09:19
USR-0537,CNT-0074,complete,154,2025-03-10T13:11:22
USR-0677,CNT-0278,like,163,2025-03-10T13:17:01
USR-0025,CNT-0064,view,1031,2025-03-10T13:22:24
USR-0897,CNT-0195,click,344,2025-03-10T13:38:09
USR-0453,CNT-0280,view,13,2025-03-10T13:42:49
USR-0169,CNT-0019,skip,24,2025-03-10T13:48:03
USR-0361,CNT-0022,click,741,2025-03-10T14:07:49
USR-0254,CNT-0347,click,970,2025-03-10T14:10:23
USR-0223,CNT-0096,complete,2248,2025-03-10T14:11:24
USR-0613,CNT-0231,complete,3664,2025-03-10T14:30:33
USR-0370,CNT-0338,complete,194,2025-03-10T14:38:26
USR-0693,CNT-0061,view,207,2025-03-10T14:48:25
USR-0729,CNT-0065,like,57,2025-03-10T14:50:26
USR-0916,CNT-0159,click,753,2025-03-10T15:06:07
USR-0080,CNT-0424,complete,407,2025-03-10T15:12:09
USR-0012,CNT-0232,like,86,2025-03-10T15:13:35
USR-0342,CNT-0429,complete,3376,2025-03-10T15:22:47
USR-0470,CNT-0193,view,1894,2025-03-10T15:25:16
USR-0054,CNT-0117,view,1990,2025-03-10T15:26:07
USR-0324,CNT-0032,complete,420,2025-03-10T15:35:40
USR-0031,CNT-0305,like,393,2025-03-10T15:36:58
USR-0414,CNT-0489,view,3900,2025-03-10T15:43:19
USR-0452,CNT-0153,view,4607,2025-03-10T15:44:33
USR-0342,CNT-0079,view,2831,2025-03-10T15:53:53
USR-0537,CNT-0267,view,438,2025-03-10T16:02:05
USR-0934,CNT-0488,skip,491,2025-03-10T16:03:12
USR-0337,CNT-0045,complete,180,2025-03-10T16:07:33
USR-0490,CNT-0284,like,250,2025-03-10T16:21:58
USR-0816,CNT-0498,complete,1333,2025-03-10T16:27:48
USR-0428,CNT-0188,like,995,2025-03-10T16:37:23
USR-0919,CNT-0365,complete,825,2025-03-10T16:41:32
USR-0084,CNT-0326,complete,979,2025-03-10T16:45:51
USR-0373,CNT-0143,skip,133,2025-03-10T16:47:47
USR-0726,CNT-0106,skip,121,2025-03-10T16:51:43
USR-0820,CNT-0173,like,305,2025-03-10T17:02:40
USR-0869,CNT-0480,view,264,2025-03-10T17:06:08
USR-0425,CNT-0049,skip,69,2025-03-10T17:15:47
USR-0891,CNT-0065,view,118,2025-03-10T17:17:59
USR-0889,CNT-0316,complete,987,2025-03-10T17:21:25
USR-0586,CNT-0371,complete,175,2025-03-10T17:23:03
USR-0576,CNT-0100,skip,95,2025-03-10T17:29:52
USR-0619,CNT-0478,view,109,2025-03-10T17:48:13
USR-0281,CNT-0251,complete,892,2025-03-10T17:57:15
USR-0200,CNT-0461,complete,2310,2025-03-10T18:00:14
USR-0892,CNT-0104,click,1196,2025-03-10T18:08:24
USR-0960,CNT-0395,view,66,2025-03-10T18:14:25
USR-0482,CNT-0346,view,3557,2025-03-10T18:24:43
USR-0257,CNT-0495,view,81,2025-03-10T18:28:13
USR-0268,CNT-0363,view,2141,2025-03-10T18:29:36
USR-0302,CNT-0123,skip,29,2025-03-10T18:34:49
USR-0132,CNT-0043,complete,6031,2025-03-10T18:35:03
USR-0509,CNT-0190,skip,21,2025-03-10T18:42:43
USR-0831,CNT-0129,like,654,2025-03-10T18:57:21
USR-0914,CNT-0126,skip,20,2025-03-10T19:00:36
USR-0412,CNT-0012,view,198,2025-03-10T19:02:41
USR-0505,CNT-0397,complete,911,2025-03-10T19:07:39
USR-0115,CNT-0194,view,54,2025-03-10T19:25:09
USR-0138,CNT-0154,view,214,2025-03-10T19:29:39
USR-0578,CNT-0276,skip,23,2025-03-10T19:30:55
USR-0564,CNT-0093,skip,3,2025-03-10T19:34:08
USR-0050,CNT-0100,view,153,2025-03-10T19:45:43
USR-0545,CNT-0448,complete,54,2025-03-10T19:47:14
USR-0340,CNT-0493,skip,17,2025-03-10T19:49:36
USR-0625,CNT-0488,like,1452,2025-03-10T19:52:33
USR-0917,CNT-0461,view,1460,2025-03-10T20:09:27
USR-0652,CNT-0153,view,4362,2025-03-10T20:20:09
USR-0494,CNT-0220,view,77,2025-03-10T20:20:52
USR-0790,CNT-0455,skip,16,2025-03-10T20:23:20
USR-0075,CNT-0305,view,714,2025-03-10T20:24:16
USR-0825,CNT-0447,view,2724,2025-03-10T20:36:59
USR-0645,CNT-0440,view,3345,2025-03-10T20:41:10
USR-0990,CNT-0372,click,688,2025-03-10T20:48:04
USR-0858,CNT-0326,complete,1199,2025-03-10T20:48:34
USR-0515,CNT-0396,click,40,2025-03-10T20:57:07
USR-0095,CNT-0031,click,548,2025-03-10T20:57:56
USR-0799,CNT-0211,complete,162,2025-03-10T21:02:10
USR-0771,CNT-0074,skip,11,2025-03-10T21:08:03
USR-0460,CNT-0367,skip,126,2025-03-10T21:33:32
USR-0329,CNT-0441,view,28,2025-03-10T21:48:55
USR-0263,CNT-0391,click,174,2025-03-10T21:51:06
USR-0788,CNT-0446,like,159,2025-03-10T21:57:13
USR-0339,CNT-0347,click,1794,2025-03-10T22:00:36
USR-0661,CNT-0083,view,479,2025-03-10T22:01:43
USR-0120,CNT-0436,skip,161,2025-03-10T22:02:49
USR-0612,CNT-0274,complete,3784,2025-03-10T22:10:29
USR-0919,CNT-0026,view,287,2025-03-10T22:11:27
USR-0315,CNT-0320,like,329,2025-03-10T22:22:40
USR-0520,CNT-0295,skip,16,2025-03-10T22:25:06
USR-0321,CNT-0259,view,916,2025-03-10T22:29:31
USR-0950,CNT-0439,view,31,2025-03-10T22:31:06
USR-0325,CNT-0041,click,1512,2025-03-10T22:42:01
USR-0961,CNT-0393,like,304,2025-03-10T23:09:29
USR-0667,CNT-0269,skip,154,2025-03-10T23:09:44
USR-0328,CNT-0268,complete,4188,2025-03-10T23:10:40
USR-0252,CNT-0347,view,151,2025-03-10T23:14:08
USR-0812,CNT-0314,skip,497,2025-03-10T23:15:41
USR-0403,CNT-0312,skip,69,2025-03-10T23:16:46
USR-0562,CNT-0312,skip,76,2025-03-10T23:18:30
USR-0710,CNT-0385,complete,3933,2025-03-10T23:23:01
USR-0940,CNT-0270,like,344,2025-03-10T23:27:52
USR-0022,CNT-0122,skip,43,2025-03-10T23:45:49
USR-0731,CNT-0060,view,178,2025-03-10T23:47:31
USR-0588,CNT-0035,like,39,2025-03-10T23:48:42
USR-0006,CNT-0462,complete,2195,2025-03-10T23:49:24
USR-0882,CNT-0495,like,573,2025-03-10T23:51:13
USR-0626,CNT-0267,complete,1119,2025-03-10T23:54:27
USR-0242,CNT-0489,skip,637,2025-03-10T23:57:33
USR-0084,CNT-0014,click,1894,2025-03-10T23:58:54
USR-0522,CNT-0182,click,53,2025-03-10T23:58:55
USR-0006,CNT-0208,like,863,2025-03-11T00:12:36
USR-0088,CNT-0240,complete,51,2025-03-11T00:13:14
USR-0085,CNT-0440,view,3975,2025-03-11T00:24:20
USR-0792,CNT-0498,like,1485,2025-03-11T00:24:59
USR-0544,CNT-0442,view,110,2025-03-11T00:34:26
USR-0163,CNT-0235,view,687,2025-03-11T00:35:56
USR-0432,CNT-0364,skip,213,2025-03-11T00:39:40
USR-0907,CNT-0181,view,3738,2025-03-11T00:41:33
USR-0064,CNT-0311,view,1188,2025-03-11T00:45:54
USR-0820,CNT-0171,like,273,2025-03-11T00:56:53
USR-0825,CNT-0294,complete,56,2025-03-11T01:00:44
USR-0498,CNT-0282,click,793,2025-03-11T01:02:48
USR-0947,CNT-0100,view,301,2025-03-11T01:10:24
USR-0052,CNT-0162,view,196,2025-03-11T01:12:47
USR-0196,CNT-0031,view,1460,2025-03-11T01:18:42
USR-0242,CNT-0482,view,966,2025-03-11T01:30:31
USR-0220,CNT-0483,complete,2692,2025-03-11T01:33:36
USR-0136,CNT-0289,click,45,2025-03-11T01:37:01
USR-0749,CNT-0226,view,303,2025-03-11T01:38:19
USR-0825,CNT-0446,complete,1047,2025-03-11T01:44:40
USR-0011,CNT-0213,complete,1406,2025-03-11T01:59:45
USR-0158,CNT-0025,view,2254,2025-03-11T02:09:19
USR-0566,CNT-0361,click,918,2025-03-11T02:11:52
USR-0407,CNT-0375,complete,477,2025-03-11T02:16:20
USR-0177,CNT-0254,click,202,2025-03-11T02:21:34
USR-0229,CNT-0098,skip,499,2025-03-11T02:36:23
USR-0523,CNT-0031,complete,1690,2025-03-11T02:43:08
USR-0224,CNT-0358,view,104,2025-03-11T02:50:36
USR-0569,CNT-0149,view,17,2025-03-11T02:51:25
USR-0069,CNT-0227,complete,144,2025-03-11T02:51:53
USR-0265,CNT-0292,skip,27,2025-03-11T02:54:43
USR-0474,CNT-0139,view,1303,2025-03-11T03:17:58
USR-0187,CNT-0083,view,343,2025-03-11T03:18:48
USR-0081,CNT-0211,like,130,2025-03-11T03:36:11
USR-0156,CNT-0393,view,425,2025-03-11T03:54:03
USR-0750,CNT-0136,view,164,2025-03-11T03:55:54
USR-0092,CNT-0180,complete,94,2025-03-11T03:59:27
USR-0124,CNT-0137,view,289,2025-03-11T04:00:30
USR-0862,CNT-0273,like,52,2025-03-11T04:03:19
USR-0465,CNT-0089,skip,10,2025-03-11T04:03:33
USR-0219,CNT-0117,complete,1947,2025-03-11T04:04:14
USR-0303,CNT-0080,click,42,2025-03-11T04:20:19
USR-0707,CNT-0414,like,136,2025-03-11T04:21:18
USR-0767,CNT-0132,skip,6,2025-03-11T04:25:38
USR-0419,CNT-0225,view,3784,2025-03-11T04:31:40
USR-0968,CNT-0077,like,2794,2025-03-11T04:35:11
USR-0378,CNT-0373,view,3868,2025-03-11T04:55:37
USR-0656,CNT-0111,view,60,2025-03-11T05:16:29
USR-0930,CNT-0434,like,24,2025-03-11T05:21:46
USR-0942,CNT-0015,click,123,2025-03-11T05:32:12
USR-0258,CNT-0491,view,414,2025-03-11T05:37:59
USR-0828,CNT-0073,view,2687,2025-03-11T05:41:32
USR-0088,CNT-0072,view,122,2025-03-11T05:46:04
USR-0842,CNT-0140,view,3964,2025-03-11T05:50:28
USR-0931,CNT-0188,view,380,2025-03-11T05:54:37
USR-0162,CNT-0224,view,844,2025-03-11T06:04:57
USR-0692,CNT-0041,view,235,2025-03-11T06:06:11
USR-0107,CNT-0024,view,114,2025-03-11T06:08:01
USR-0016,CNT-0421,view,2355,2025-03-11T06:12:12
USR-0155,CNT-0451,view,646,2025-03-11T06:16:17
USR-0295,CNT-0369,view,2519,2025-03-11T06:20:32
USR-0247,CNT-0197,view,1250,2025-03-11T06:28:28
USR-0907,CNT-0074,view,82,2025-03-11T06:32:09
USR-0517,CNT-0363,click,465,2025-03-11T06:35:15
USR-0554,CNT-0151,view,1918,2025-03-11T06:37:07
USR-0844,CNT-0470,click,205,2025-03-11T06:38:43
USR-0647,CNT-0272,skip,235,2025-03-11T06:47:42
USR-0103,CNT-0239,skip,149,2025-03-11T07:15:21
USR-0027,CNT-0119,click,1485,2025-03-11T07:16:54
USR-0282,CNT-0494,view,88,2025-03-11T08:01:18
USR-0657,CNT-0279,click,392,2025-03-11T08:04:54
USR-0416,CNT-0005,view,29,2025-03-11T08:06:48
USR-0672,CNT-0063,view,57,2025-03-11T08:13:10
USR-0444,CNT-0462,view,1202,2025-03-11T08:20:36
USR-0454,CNT-0282,click,119,2025-03-11T08:28:31
USR-0432,CNT-0232,click,87,2025-03-11T08:29:18
USR-0683,CNT-0412,skip,143,2025-03-11T08:33:30
USR-0079,CNT-0058,click,845,2025-03-11T08:33:50
USR-0280,CNT-0086,click,1774,2025-03-11T08:42:04
USR-0126,CNT-0077,skip,501,2025-03-11T08:43:18
USR-0122,CNT-0208,skip,284,2025-03-11T09:02:41
USR-0286,CNT-0412,skip,269,2025-03-11T09:03:26
USR-0922,CNT-0241,click,170,2025-03-11T09:05:08
USR-0023,CNT-0309,like,48,2025-03-11T09:05:26
USR-0565,CNT-0305,view,494,2025-03-11T09:06:30
USR-0221,CNT-0103,view,1703,2025-03-11T09:15:08
USR-0969,CNT-0402,skip,250,2025-03-11T09:23:23
USR-0508,CNT-0226,like,199,2025-03-11T09:24:26
USR-0587,CNT-0352,skip,1027,2025-03-11T09:26:36
USR-0733,CNT-0387,like,273,2025-03-11T09:31:16
USR-0818,CNT-0495,view,446,2025-03-11T09:41:08
USR-0960,CNT-0074,complete,155,2025-03-11T09:52:54
USR-0224,CNT-0165,click,1018,2025-03-11T09:54:59
USR-0495,CNT-0177,click,2530,2025-03-11T09:58:58
USR-0149,CNT-0220,like,15,2025-03-11T10:06:17
USR-0522,CNT-0131,view,221,2025-03-11T10:15:27
USR-0911,CNT-0455,view,50,2025-03-11T10:22:45
USR-0340,CNT-0388,view,631,2025-03-11T10:23:10
USR-0296,CNT-0427,view,203,2025-03-11T10:24:58
USR-0287,CNT-0111,skip,3,2025-03-11T10:28:58
USR-0191,CNT-0485,view,16,2025-03-11T10:31:38
USR-0121,CNT-0292,complete,123,2025-03-11T10:34:11
USR-0716,CNT-0144,like,1137,2025-03-11T10:38:35
USR-0003,CNT-0348,complete,38,2025-03-11T10:38:49
USR-0988,CNT-0116,view,32,2025-03-11T10:41:21
USR-0964,CNT-0055,skip,48,2025-03-11T10:47:28
USR-0161,CNT-0151,complete,3801,2025-03-11T10:51:07
USR-0769,CNT-0345,click,283,2025-03-11T11:09:24
USR-0836,CNT-0291,view,337,2025-03-11T11:34:13
USR-0404,CNT-0415,like,5160,2025-03-11T11:43:26
USR-0724,CNT-0086,click,2559,2025-03-11T11:45:21
USR-0579,CNT-0269,view,185,2025-03-11T11:45:48
USR-0795,CNT-0273,like,27,2025-03-11T11:53:42
USR-0069,CNT-0408,click,95,2025-03-11T12:04:07
USR-0955,CNT-0107,click,675,2025-03-11T12:51:51
USR-0656,CNT-0330,view,1542,2025-03-11T12:52:16
USR-0085,CNT-0064,view,1159,2025-03-11T13:09:54
USR-0372,CNT-0254,click,632,2025-03-11T13:12:42
USR-0010,CNT-0484,skip,3,2025-03-11T13:17:12
USR-0805,CNT-0188,like,325,2025-03-11T13:23:15
USR-0755,CNT-0316,skip,192,2025-03-11T13:24:23
USR-0108,CNT-0063,click,39,2025-03-11T13:28:03
USR-0594,CNT-0290,view,2828,2025-03-11T13:43:51
USR-0285,CNT-0002,like,119,2025-03-11T13:44:31
USR-0321,CNT-0018,click,12,2025-03-11T13:47:38
USR-0964,CNT-0418,view,1896,2025-03-11T13:48:04
USR-0565,CNT-0480,view,3,2025-03-11T13:50:52
USR-0285,CNT-0397,view,185,2025-03-11T13:58:49
USR-0641,CNT-0219,view,55,2025-03-11T14:13:29
USR-0326,CNT-0054,click,330,2025-03-11T14:14:57
USR-0012,CNT-0284,skip,12,2025-03-11T14:19:19
USR-0975,CNT-0219,click,66,2025-03-11T14:22:00
USR-0417,CNT-0036,view,501,2025-03-11T14:22:32
USR-0246,CNT-0213,view,586,2025-03-11T14:26:51
USR-0518,CNT-0399,view,1848,2025-03-11T14:29:21
USR-0729,CNT-0269,click,564,2025-03-11T14:35:38
USR-0444,CNT-0373,view,409,2025-03-11T14:40:57
USR-0849,CNT-0268,click,1555,2025-03-11T14:43:16
USR-0666,CNT-0212,view,3170,2025-03-11T14:53:54
USR-0931,CNT-0427,view,396,2025-03-11T15:01:52
USR-0847,CNT-0293,view,1028,2025-03-11T15:08:52
USR-0073,CNT-0309,view,120,2025-03-11T15:13:23
USR-0144,CNT-0344,click,345,2025-03-11T15:15:36
USR-0267,CNT-0053,like,56,2025-03-11T15:21:34
USR-0202,CNT-0330,like,1544,2025-03-11T15:22:58
USR-0388,CNT-0311,like,2026,2025-03-11T15:50:11
USR-0658,CNT-0384,complete,4852,2025-03-11T15:54:53
USR-0288,CNT-0116,click,51,2025-03-11T15:56:50
USR-0780,CNT-0289,complete,50,2025-03-11T16:04:51
USR-0642,CNT-0217,click,395,2025-03-11T16:12:22
USR-0246,CNT-0199,skip,1,2025-03-11T16:16:16
USR-0010,CNT-0212,complete,3816,2025-03-11T16:23:54
USR-0440,CNT-0246,like,224,2025-03-11T16:28:24
USR-0835,CNT-0089,view,19,2025-03-11T16:41:18
USR-0576,CNT-0208,click,3285,2025-03-11T16:56:53
USR-0077,CNT-0179,view,8,2025-03-11T17:08:36
USR-0348,CNT-0159,click,731,2025-03-11T17:29:15
USR-0645,CNT-0213,complete,1544,2025-03-11T17:35:48
USR-0609,CNT-0149,view,32,2025-03-11T18:01:06
USR-0803,CNT-0111,skip,2,2025-03-11T18:03:34
USR-0425,CNT-0479,skip,227,2025-03-11T18:06:34
USR-0915,CNT-0188,view,321,2025-03-11T18:27:42
USR-0186,CNT-0327,skip,49,2025-03-11T18:28:18
USR-0928,CNT-0124,view,35,2025-03-11T18:32:15
USR-0789,CNT-0170,view,30,2025-03-11T18:33:13
USR-0746,CNT-0054,view,351,2025-03-11T18:34:27
USR-0149,CNT-0308,complete,1546,2025-03-11T19:09:22
USR-0917,CNT-0169,like,44,2025-03-11T19:21:52
USR-0322,CNT-0375,like,124,2025-03-11T19:22:38
USR-0850,CNT-0313,view,52,2025-03-11T19:31:16
USR-0527,CNT-0464,view,496,2025-03-11T19:35:37
USR-0435,CNT-0199,view,44,2025-03-11T19:39:51
USR-0001,CNT-0132,click,15,2025-03-11T19:39:51
USR-0430,CNT-0154,view,176,2025-03-11T19:45:06
USR-0024,CNT-0243,skip,69,2025-03-11T19:49:03
USR-0702,CNT-0333,complete,167,2025-03-11T19:54:06
USR-0807,CNT-0312,complete,255,2025-03-11T19:55:00
USR-0133,CNT-0144,like,1611,2025-03-11T20:15:27
USR-0413,CNT-0013,view,1088,2025-03-11T20:16:10
USR-0204,CNT-0076,view,42,2025-03-11T20:21:48
USR-0940,CNT-0078,view,272,2025-03-11T20:25:04
USR-0773,CNT-0191,click,698,2025-03-11T20:39:45
USR-0409,CNT-0079,click,3003,2025-03-11T20:41:00
USR-0835,CNT-0226,click,485,2025-03-11T20:44:06
USR-0782,CNT-0195,click,562,2025-03-11T20:44:08
USR-0561,CNT-0371,click,82,2025-03-11T20:52:53
USR-0799,CNT-0116,view,5,2025-03-11T21:01:45
USR-0754,CNT-0178,skip,52,2025-03-11T21:17:37
USR-0788,CNT-0417,click,517,2025-03-11T21:20:07
USR-0089,CNT-0266,view,1762,2025-03-11T21:25:27
USR-0400,CNT-0214,view,1277,2025-03-11T21:28:01
USR-0342,CNT-0104,complete,2204,2025-03-11T21:39:00
USR-0010,CNT-0273,complete,115,2025-03-11T21:40:42
USR-0179,CNT-0057,skip,219,2025-03-11T21:41:33
USR-0130,CNT-0126,view,338,2025-03-11T22:04:24
USR-0803,CNT-0383,view,59,2025-03-11T22:06:55
USR-0419,CNT-0046,click,307,2025-03-11T22:11:16
USR-0415,CNT-0387,like,194,2025-03-11T22:11:23
USR-0668,CNT-0415,view,384,2025-03-11T22:24:39
USR-0748,CNT-0491,like,2003,2025-03-11T22:34:13
USR-0277,CNT-0270,view,596,2025-03-11T22:58:58
USR-0271,CNT-0429,click,681,2025-03-11T23:07:46
USR-0451,CNT-0029,skip,65,2025-03-11T23:10:36
USR-0064,CNT-0109,view,512,2025-03-11T23:15:49
USR-0998,CNT-0069,like,3192,2025-03-11T23:17:17
USR-0940,CNT-0018,skip,7,2025-03-11T23:19:27
USR-0969,CNT-0288,view,1069,2025-03-11T23:24:01
USR-0364,CNT-0380,view,252,2025-03-11T23:28:28
USR-0743,CNT-0236,complete,37,2025-03-11T23:30:52
USR-0721,CNT-0178,click,631,2025-03-11T23:48:10
USR-0553,CNT-0361,skip,963,2025-03-11T23:50:13
USR-0525,CNT-0283,click,135,2025-03-12T00:03:57
USR-0859,CNT-0019,skip,20,2025-03-12T00:25:52
USR-0231,CNT-0095,view,673,2025-03-12T00:28:25
USR-0902,CNT-0332,click,1336,2025-03-12T00:36:24
USR-0097,CNT-0351,click,477,2025-03-12T00:38:17
USR-0077,CNT-0116,view,61,2025-03-12T00:40:00
USR-0893,CNT-0300,view,97,2025-03-12T00:46:50
USR-0157,CNT-0362,skip,453,2025-03-12T00:52:21
USR-0561,CNT-0030,like,816,2025-03-12T00:53:36
USR-0061,CNT-0411,like,172,2025-03-12T01:04:11
USR-0824,CNT-0482,click,740,2025-03-12T01:04:18
USR-0344,CNT-0397,view,848,2025-03-12T01:04:51
USR-0205,CNT-0376,skip,9,2025-03-12T01:07:21
USR-0071,CNT-0231,like,3128,2025-03-12T01:15:52
USR-0412,CNT-0447,skip,623,2025-03-12T01:20:08
USR-0606,CNT-0105,complete,26,2025-03-12T01:23:23
USR-0078,CNT-0404,complete,722,2025-03-12T01:24:21
USR-0600,CNT-0171,view,533,2025-03-12T01:35:24
USR-0017,CNT-0420,complete,5202,2025-03-12T01:46:34
USR-0733,CNT-0328,skip,1,2025-03-12T01:49:09
USR-0889,CNT-0483,like,270,2025-03-12T02:21:19
USR-0894,CNT-0455,view,59,2025-03-12T02:29:23
USR-0939,CNT-0286,click,1814,2025-03-12T02:31:20
USR-0626,CNT-0178,like,20,2025-03-12T02:54:53
USR-0238,CNT-0173,like,73,2025-03-12T02:55:32
USR-0487,CNT-0029,click,359,2025-03-12T03:00:12
USR-0709,CNT-0228,like,417,2025-03-12T03:15:19
USR-0542,CNT-0237,view,29,2025-03-12T03:15:22
USR-0930,CNT-0406,skip,158,2025-03-12T03:22:56
USR-0418,CNT-0024,click,76,2025-03-12T03:35:59
USR-0997,CNT-0098,view,841,2025-03-12T03:43:14
USR-0303,CNT-0045,view,36,2025-03-12T03:44:19
USR-0505,CNT-0373,view,4341,2025-03-12T03:45:46
USR-0674,CNT-0490,skip,108,2025-03-12T03:47:06
USR-0651,CNT-0013,view,1961,2025-03-12T04:26:46
USR-0095,CNT-0143,click,3603,2025-03-12T04:35:43
USR-0608,CNT-0161,click,1239,2025-03-12T04:35:44
USR-0128,CNT-0403,click,3022,2025-03-12T05:11:52
USR-0140,CNT-0491,view,1363,2025-03-12T05:16:50
USR-0017,CNT-0037,view,3400,2025-03-12T05:18:11
USR-0228,CNT-0236,like,7,2025-03-12T05:26:45
USR-0981,CNT-0060,view,83,2025-03-12T05:27:18
USR-0613,CNT-0146,view,212,2025-03-12T05:28:34
USR-0227,CNT-0103,click,1495,2025-03-12T05:39:20
USR-0144,CNT-0090,skip,82,2025-03-12T06:10:52
USR-0330,CNT-0195,complete,1054,2025-03-12T06:12:10
USR-0840,CNT-0185,skip,27,2025-03-12T06:25:21
USR-0429,CNT-0402,skip,677,2025-03-12T06:37:00
USR-0685,CNT-0294,view,13,2025-03-12T06:41:45
USR-0408,CNT-0351,click,363,2025-03-12T06:47:54
USR-0028,CNT-0026,view,412,2025-03-12T06:49:12
USR-0183,CNT-0252,skip,770,2025-03-12T06:51:04
USR-0958,CNT-0346,click,3244,2025-03-12T06:57:14
USR-0214,CNT-0248,view,79,2025-03-12T07:01:04
USR-0226,CNT-0476,view,21,2025-03-12T07:04:08
USR-0344,CNT-0472,skip,18,2025-03-12T07:11:06
USR-0026,CNT-0327,view,29,2025-03-12T07:15:26
USR-0427,CNT-0444,view,150,2025-03-12T07:15:46
USR-0420,CNT-0221,skip,1,2025-03-12T07:17:11
USR-0024,CNT-0203,click,2,2025-03-12T07:29:41
USR-0333,CNT-0372,complete,610,2025-03-12T07:33:01
USR-0319,CNT-0401,view,55,2025-03-12T07:33:21
USR-0453,CNT-0217,view,5,2025-03-12T07:39:55
USR-0158,CNT-0426,view,1308,2025-03-12T07:41:05
USR-0638,CNT-0476,view,30,2025-03-12T07:52:09
USR-0380,CNT-0476,click,38,2025-03-12T07:53:12
USR-0803,CNT-0423,click,2827,2025-03-12T07:55:44
USR-0947,CNT-0480,complete,788,2025-03-12T07:57:31
USR-0453,CNT-0088,view,287,2025-03-12T07:58:38
USR-0251,CNT-0116,complete,62,2025-03-12T08:03:48
USR-0021,CNT-0207,click,2395,2025-03-12T08:24:58
USR-0113,CNT-0263,skip,47,2025-03-12T08:25:08
USR-0448,CNT-0330,skip,486,2025-03-12T08:47:58
USR-0125,CNT-0305,click,349,2025-03-12T08:48:20
USR-0963,CNT-0148,click,500,2025-03-12T08:52:26
USR-0007,CNT-0462,skip,135,2025-03-12T09:08:35
USR-0313,CNT-0368,view,95,2025-03-12T09:09:52
USR-0470,CNT-0409,view,2991,2025-03-12T09:15:03
USR-0020,CNT-0275,view,62,2025-03-12T09:20:41
USR-0092,CNT-0182,view,35,2025-03-12T09:32:39
USR-0317,CNT-0103,complete,2050,2025-03-12T09:33:42
USR-0997,CNT-0170,complete,99,2025-03-12T09:36:00
USR-0398,CNT-0322,click,229,2025-03-12T09:42:28
USR-0704,CNT-0278,skip,60,2025-03-12T09:44:21
USR-0968,CNT-0121,click,25,2025-03-12T09:46:23
USR-0558,CNT-0016,complete,768,2025-03-12T09:50:01
USR-0612,CNT-0380,view,75,2025-03-12T09:51:24
USR-0103,CNT-0004,skip,822,2025-03-12T09:53:07
USR-0965,CNT-0444,view,100,2025-03-12T09:55:46
USR-0681,CNT-0344,view,330,2025-03-12T10:18:26
USR-0436,CNT-0357,view,560,2025-03-12T10:32:27
USR-0208,CNT-0140,view,2188,2025-03-12T10:48:24
USR-0310,CNT-0066,view,332,2025-03-12T11:02:26
USR-0659,CNT-0441,view,40,2025-03-12T11:07:21
USR-0535,CNT-0310,view,1334,2025-03-12T11:09:38
USR-0772,CNT-0318,skip,87,2025-03-12T11:12:16
USR-0415,CNT-0430,complete,551,2025-03-12T11:29:46
USR-0255,CNT-0340,complete,593,2025-03-12T11:55:43
USR-0760,CNT-0479,view,400,2025-03-12T11:57:57
USR-0721,CNT-0037,view,2330,2025-03-12T12:01:32
USR-0527,CNT-0270,complete,788,2025-03-12T12:10:24
USR-0460,CNT-0354,view,147,2025-03-12T12:11:23
USR-0013,CNT-0496,click,128,2025-03-12T12:28:09
USR-0367,CNT-0233,click,1274,2025-03-12T12:45:55
USR-0547,CNT-0433,skip,75,2025-03-12T12:53:05
USR-0574,CNT-0472,view,184,2025-03-12T13:08:56
USR-0221,CNT-0428,click,128,2025-03-12T13:12:28
USR-0917,CNT-0379,complete,455,2025-03-12T13:21:26
USR-0403,CNT-0255,like,1715,2025-03-12T13:22:11
USR-0008,CNT-0033,complete,148,2025-03-12T13:34:56
USR-0929,CNT-0089,click,19,2025-03-12T13:49:41
USR-0134,CNT-0210,view,3003,2025-03-12T13:59:35
USR-0772,CNT-0083,view,461,2025-03-12T14:01:35
USR-0182,CNT-0069,click,1947,2025-03-12T14:05:23
USR-0450,CNT-0317,view,382,2025-03-12T14:05:45
USR-0787,CNT-0202,view,1533,2025-03-12T14:11:40
USR-0122,CNT-0087,complete,541,2025-03-12T14:13:05
USR-0737,CNT-0254,skip,558,2025-03-12T14:14:34
USR-0698,CNT-0312,complete,285,2025-03-12T14:22:47
USR-0410,CNT-0069,skip,1005,2025-03-12T14:26:57
USR-0596,CNT-0249,complete,655,2025-03-12T14:28:58
USR-0789,CNT-0164,view,2898,2025-03-12T14:33:10
USR-0734,CNT-0303,complete,501,2025-03-12T14:35:53
USR-0663,CNT-0498,view,33,2025-03-12T14:40:20
USR-0946,CNT-0433,view,249,2025-03-12T14:57:15
USR-0317,CNT-0027,skip,269,2025-03-12T15:07:12
USR-0924,CNT-0210,view,2552,2025-03-12T15:08:10
USR-0118,CNT-0333,view,164,2025-03-12T15:11:41
USR-0111,CNT-0080,click,42,2025-03-12T15:20:54
USR-0492,CNT-0187,complete,115,2025-03-12T15:35:20
USR-0606,CNT-0210,view,107,2025-03-12T15:35:40
USR-0123,CNT-0318,complete,808,2025-03-12T15:36:34
USR-0889,CNT-0188,complete,933,2025-03-12T15:38:14
USR-0646,CNT-0125,view,955,2025-03-12T15:39:11
USR-0484,CNT-0419,like,1355,2025-03-12T15:43:46
USR-0860,CNT-0426,click,548,2025-03-12T15:46:43
USR-0821,CNT-0276,view,17,2025-03-12T16:06:04
USR-0379,CNT-0418,click,1238,2025-03-12T16:08:41
USR-0055,CNT-0471,view,1733,2025-03-12T16:12:06
USR-0183,CNT-0315,view,2674,2025-03-12T16:22:49
USR-0916,CNT-0085,view,1493,2025-03-12T16:37:58
USR-0317,CNT-0014,view,2521,2025-03-12T16:43:04
USR-0109,CNT-0009,view,1203,2025-03-12T16:47:56
USR-0383,CNT-0058,skip,237,2025-03-12T16:51:25
USR-0027,CNT-0352,complete,4789,2025-03-12T16:53:37
USR-0568,CNT-0378,skip,111,2025-03-12T16:53:42
USR-0185,CNT-0070,click,607,2025-03-12T16:53:53
USR-0055,CNT-0302,view,70,2025-03-12T17:04:03
USR-0787,CNT-0056,like,48,2025-03-12T17:17:00
USR-0925,CNT-0403,skip,585,2025-03-12T17:17:44
USR-0940,CNT-0380,view,158,2025-03-12T17:26:39
USR-0829,CNT-0447,skip,142,2025-03-12T17:31:35
USR-0255,CNT-0107,view,228,2025-03-12T17:34:54
USR-0788,CNT-0453,skip,119,2025-03-12T17:44:50
USR-0426,CNT-0402,view,1736,2025-03-12T17:46:26
USR-0529,CNT-0461,view,1585,2025-03-12T17:50:40
USR-0736,CNT-0088,complete,338,2025-03-12T18:02:31
USR-0181,CNT-0325,click,484,2025-03-12T18:05:27
USR-0985,CNT-0017,like,2229,2025-03-12T18:07:51
USR-0113,CNT-0476,view,14,2025-03-12T18:15:04
USR-0669,CNT-0455,complete,58,2025-03-12T18:18:01
USR-0180,CNT-0051,view,24,2025-03-12T18:21:18
USR-0049,CNT-0352,complete,4760,2025-03-12T18:22:03
USR-0244,CNT-0223,view,1025,2025-03-12T18:25:41
USR-0705,CNT-0261,click,614,2025-03-12T18:30:16
USR-0335,CNT-0405,view,13,2025-03-12T18:32:08
USR-0427,CNT-0377,view,15,2025-03-12T18:32:25
USR-0638,CNT-0442,click,69,2025-03-12T18:36:34
USR-0251,CNT-0408,click,132,2025-03-12T18:58:31
USR-0212,CNT-0492,view,1566,2025-03-12T18:59:12
USR-0315,CNT-0404,like,463,2025-03-12T19:07:20
USR-0984,CNT-0210,view,748,2025-03-12T19:07:39
USR-0268,CNT-0239,click,616,2025-03-12T19:13:57
USR-0114,CNT-0208,view,107,2025-03-12T19:15:57
USR-0223,CNT-0379,like,447,2025-03-12T19:24:28
USR-0836,CNT-0440,view,4018,2025-03-12T19:48:41
USR-0943,CNT-0072,complete,138,2025-03-12T19:49:50
USR-0053,CNT-0396,skip,20,2025-03-12T20:01:32
USR-0072,CNT-0480,view,655,2025-03-12T20:04:05
USR-0524,CNT-0304,complete,1041,2025-03-12T20:06:16
USR-0154,CNT-0247,skip,164,2025-03-12T20:07:14
USR-0201,CNT-0049,view,127,2025-03-12T20:12:35
USR-0694,CNT-0222,view,33,2025-03-12T20:24:38
USR-0401,CNT-0166,click,172,2025-03-12T20:38:00
USR-0026,CNT-0098,like,6754,2025-03-12T21:06:09
USR-0548,CNT-0475,click,140,2025-03-12T21:07:25
USR-0693,CNT-0250,like,93,2025-03-12T21:23:24
USR-0952,CNT-0154,click,79,2025-03-12T21:24:38
USR-0509,CNT-0368,skip,56,2025-03-12T21:24:49
USR-0446,CNT-0060,view,58,2025-03-12T21:24:50
USR-0520,CNT-0369,like,869,2025-03-12T21:27:36
USR-0391,CNT-0462,click,1078,2025-03-12T21:32:22
USR-0929,CNT-0212,view,594,2025-03-12T21:36:51
USR-0287,CNT-0398,view,60,2025-03-12T21:37:37
USR-0209,CNT-0016,click,137,2025-03-12T21:37:43
USR-0106,CNT-0090,complete,1082,2025-03-12T21:41:00
USR-0159,CNT-0458,view,2050,2025-03-12T21:52:56
USR-0085,CNT-0061,skip,170,2025-03-12T22:00:52
USR-0392,CNT-0215,skip,36,2025-03-12T22:01:01
USR-0169,CNT-0303,click,150,2025-03-12T22:03:52
USR-0241,CNT-0226,complete,558,2025-03-12T22:10:21
USR-0400,CNT-0456,complete,627,2025-03-12T22:14:27
USR-0814,CNT-0186,complete,2827,2025-03-12T22:16:24
USR-0350,CNT-0329,view,642,2025-03-12T22:25:20
USR-0073,CNT-0176,complete,4586,2025-03-12T22:30:02
USR-0676,CNT-0099,like,105,2025-03-12T22:33:24
USR-0737,CNT-0016,click,509,2025-03-12T22:39:41
USR-0813,CNT-0355,like,1144,2025-03-12T23:00:15
USR-0436,CNT-0338,view,227,2025-03-12T23:11:08
USR-0950,CNT-0041,skip,327,2025-03-12T23:27:04
USR-0480,CNT-0087,view,362,2025-03-12T23:40:38
USR-0286,CNT-0252,view,865,2025-03-12T23:41:05
USR-0461,CNT-0035,view,5,2025-03-12T23:44:48
USR-0656,CNT-0257,view,206,2025-03-12T23:44:54
USR-0072,CNT-0455,like,45,2025-03-12T23:47:37
USR-0930,CNT-0415,skip,303,2025-03-12T23:49:47
USR-0068,CNT-0116,click,48,2025-03-12T23:51:16
USR-0945,CNT-0089,click,3,2025-03-12T23:51:39
USR-0632,CNT-0185,view,693,2025-03-12T23:55:04
USR-0398,CNT-0269,click,78,2025-03-13T00:01:22
USR-0307,CNT-0181,view,2096,2025-03-13T00:06:34
USR-0082,CNT-0280,view,74,2025-03-13T00:14:47
USR-0392,CNT-0192,view,47,2025-03-13T00:15:01
USR-0627,CNT-0282,view,774,2025-03-13T00:34:42
USR-0384,CNT-0293,skip,339,2025-03-13T00:40:05
USR-0652,CNT-0217,click,501,2025-03-13T01:01:26
USR-0760,CNT-0218,view,415,2025-03-13T01:04:22
USR-0764,CNT-0215,like,228,2025-03-13T01:14:21
USR-0737,CNT-0368,like,52,2025-03-13T01:25:29
USR-0533,CNT-0086,skip,925,2025-03-13T01:28:42
USR-0498,CNT-0399,complete,6564,2025-03-13T01:38:28
USR-0280,CNT-0198,view,1566,2025-03-13T01:41:14
USR-0240,CNT-0216,click,5386,2025-03-13T01:45:13
USR-0834,CNT-0250,complete,226,2025-03-13T01:55:20
USR-0826,CNT-0190,complete,2328,2025-03-13T02:00:11
USR-0576,CNT-0270,like,679,2025-03-13T02:19:23
USR-0739,CNT-0124,skip,31,2025-03-13T02:34:52
USR-0965,CNT-0252,view,3255,2025-03-13T02:40:22
USR-0198,CNT-0087,view,46,2025-03-13T02:42:33
USR-0513,CNT-0072,view,123,2025-03-13T02:42:40
USR-0160,CNT-0010,click,5951,2025-03-13T02:51:23
USR-0902,CNT-0217,skip,73,2025-03-13T02:51:52
USR-0868,CNT-0282,complete,1098,2025-03-13T03:00:22
USR-0285,CNT-0407,skip,1,2025-03-13T03:15:21
USR-0980,CNT-0235,view,856,2025-03-13T03:19:13
USR-0024,CNT-0192,click,7,2025-03-13T03:22:09
USR-0882,CNT-0211,complete,179,2025-03-13T03:26:24
USR-0261,CNT-0026,like,672,2025-03-13T03:29:30
USR-0738,CNT-0306,view,45,2025-03-13T03:54:30
USR-0129,CNT-0079,complete,3501,2025-03-13T04:06:26
USR-0844,CNT-0467,skip,377,2025-03-13T04:18:31
USR-0661,CNT-0371,skip,28,2025-03-13T04:27:13
USR-0682,CNT-0070,view,279,2025-03-13T04:31:17
USR-0783,CNT-0448,like,52,2025-03-13T04:38:51
USR-0673,CNT-0307,click,107,2025-03-13T04:43:12
USR-0943,CNT-0459,view,551,2025-03-13T04:47:47
USR-0558,CNT-0319,complete,2392,2025-03-13T04:52:49
USR-0684,CNT-0191,view,417,2025-03-13T05:03:15
USR-0965,CNT-0212,complete,3667,2025-03-13T05:03:38
USR-0006,CNT-0237,view,481,2025-03-13T05:07:25
USR-0124,CNT-0484,skip,1,2025-03-13T05:07:50
USR-0589,CNT-0064,like,3572,2025-03-13T05:32:57
USR-0925,CNT-0218,view,885,2025-03-13T05:33:03
USR-0690,CNT-0192,click,56,2025-03-13T05:38:34
USR-0021,CNT-0197,like,291,2025-03-13T05:45:26
USR-0554,CNT-0443,view,4291,2025-03-13T05:45:27
USR-0688,CNT-0416,skip,6,2025-03-13T05:47:37
USR-0892,CNT-0162,click,98,2025-03-13T06:02:47
USR-0805,CNT-0108,like,147,2025-03-13T06:04:10
USR-0078,CNT-0145,view,903,2025-03-13T06:09:01
USR-0734,CNT-0214,view,900,2025-03-13T06:10:03
USR-0162,CNT-0169,view,66,2025-03-13T06:14:52
USR-0554,CNT-0479,view,646,2025-03-13T06:20:18
USR-0139,CNT-0060,click,216,2025-03-13T06:21:28
USR-0509,CNT-0474,skip,251,2025-03-13T06:27:04
USR-0203,CNT-0121,click,17,2025-03-13T06:29:28
USR-0996,CNT-0032,click,380,2025-03-13T06:44:17
USR-0796,CNT-0234,click,5112,2025-03-13T06:53:51
USR-0095,CNT-0304,click,445,2025-03-13T06:57:49
USR-0463,CNT-0360,view,773,2025-03-13T07:12:48
USR-0827,CNT-0460,view,3669,2025-03-13T07:17:45
USR-0156,CNT-0423,complete,2948,2025-03-13T07:22:21
USR-0297,CNT-0098,view,6369,2025-03-13T07:25:02
USR-0817,CNT-0166,click,145,2025-03-13T07:26:32
USR-0477,CNT-0310,skip,605,2025-03-13T07:32:33
USR-0393,CNT-0435,view,173,2025-03-13T07:34:19
USR-0637,CNT-0284,like,1106,2025-03-13T07:38:41
USR-0741,CNT-0381,complete,3361,2025-03-13T07:42:22
USR-0618,CNT-0383,like,208,2025-03-13T07:44:30
USR-0083,CNT-0187,view,2,2025-03-13T07:50:17
USR-0058,CNT-0032,complete,432,2025-03-13T08:00:45
USR-0429,CNT-0492,like,3400,2025-03-13T08:06:21
USR-0447,CNT-0117,view,1726,2025-03-13T08:30:35
USR-0913,CNT-0238,view,784,2025-03-13T08:32:53
USR-0185,CNT-0146,like,174,2025-03-13T08:36:59
USR-0294,CNT-0045,view,119,2025-03-13T09:00:21
USR-0036,CNT-0344,complete,847,2025-03-13T09:00:42
USR-0414,CNT-0442,view,24,2025-03-13T09:11:49
USR-0324,CNT-0302,skip,16,2025-03-13T09:24:51
USR-0299,CNT-0452,view,25,2025-03-13T09:25:01
USR-0784,CNT-0433,view,176,2025-03-13T09:38:47
USR-0293,CNT-0100,view,176,2025-03-13T09:42:24
USR-0596,CNT-0199,complete,94,2025-03-13T09:42:53
USR-0323,CNT-0264,like,799,2025-03-13T09:52:17
USR-0467,CNT-0290,view,2092,2025-03-13T09:56:16
USR-0870,CNT-0405,click,30,2025-03-13T09:57:20
USR-0731,CNT-0305,like,444,2025-03-13T10:35:14
USR-0013,CNT-0015,like,166,2025-03-13T10:36:53
USR-0512,CNT-0197,like,2402,2025-03-13T10:44:49
USR-0405,CNT-0172,view,113,2025-03-13T10:48:03
USR-0871,CNT-0434,complete,32,2025-03-13T10:49:33
USR-0834,CNT-0358,skip,73,2025-03-13T10:49:35
USR-0718,CNT-0465,skip,92,2025-03-13T10:53:47
USR-0395,CNT-0152,complete,152,2025-03-13T10:54:54
USR-0558,CNT-0279,skip,216,2025-03-13T11:15:41
USR-0858,CNT-0216,view,3507,2025-03-13T11:25:15
USR-0256,CNT-0128,click,283,2025-03-13T11:30:33
USR-0182,CNT-0106,like,1188,2025-03-13T11:31:21
USR-0116,CNT-0141,like,4878,2025-03-13T11:39:29
USR-0276,CNT-0331,view,1723,2025-03-13T11:53:34
USR-0056,CNT-0397,skip,74,2025-03-13T12:11:18
USR-0952,CNT-0265,complete,282,2025-03-13T12:16:23
USR-0590,CNT-0356,view,2763,2025-03-13T12:20:46
USR-0369,CNT-0039,click,2309,2025-03-13T12:21:11
USR-0199,CNT-0167,view,1126,2025-03-13T12:32:16
USR-0223,CNT-0273,view,73,2025-03-13T12:32:38
USR-0537,CNT-0072,view,109,2025-03-13T12:43:29
USR-0984,CNT-0406,complete,1062,2025-03-13T12:52:50
USR-0351,CNT-0320,complete,635,2025-03-13T13:02:05
USR-0835,CNT-0285,view,609,2025-03-13T13:05:09
USR-0405,CNT-0210,view,62,2025-03-13T13:09:39
USR-0100,CNT-0432,complete,3034,2025-03-13T13:23:04
USR-0831,CNT-0038,view,490,2025-03-13T13:25:43
USR-0568,CNT-0142,skip,666,2025-03-13T13:33:14
USR-0313,CNT-0451,complete,712,2025-03-13T13:35:58
USR-0084,CNT-0239,skip,20,2025-03-13T13:38:55
USR-0767,CNT-0336,like,210,2025-03-13T13:47:50
USR-0792,CNT-0419,view,2393,2025-03-13T13:53:06
USR-0191,CNT-0149,click,108,2025-03-13T14:09:01
USR-0607,CNT-0138,complete,643,2025-03-13T14:12:49
USR-0446,CNT-0086,like,4703,2025-03-13T14:19:28
USR-0064,CNT-0100,skip,35,2025-03-13T14:19:49
USR-0695,CNT-0408,click,152,2025-03-13T14:20:24
USR-0657,CNT-0029,click,13,2025-03-13T14:20:28
USR-0200,CNT-0201,complete,3248,2025-03-13T14:22:10
USR-0077,CNT-0396,skip,92,2025-03-13T14:35:18
USR-0672,CNT-0170,click,9,2025-03-13T14:53:18
USR-0183,CNT-0391,view,139,2025-03-13T14:58:07
USR-0643,CNT-0038,skip,89,2025-03-13T15:01:41
USR-0798,CNT-0051,view,30,2025-03-13T15:04:37
USR-0017,CNT-0190,view,321,2025-03-13T15:16:57
USR-0890,CNT-0444,click,36,2025-03-13T15:20:11
USR-0548,CNT-0313,view,43,2025-03-13T15:29:11
USR-0990,CNT-0359,complete,635,2025-03-13T15:38:54
USR-0705,CNT-0433,skip,3,2025-03-13T15:42:13
USR-0502,CNT-0018,view,62,2025-03-13T15:42:14
USR-0647,CNT-0182,like,47,2025-03-13T15:42:17
USR-0307,CNT-0227,view,0,2025-03-13T15:43:28
USR-0432,CNT-0438,view,441,2025-03-13T15:47:27
USR-0346,CNT-0420,complete,5239,2025-03-13T15:52:00
USR-0745,CNT-0171,view,370,2025-03-13T15:55:41
USR-0011,CNT-0438,like,130,2025-03-13T16:23:45
USR-0186,CNT-0164,click,2559,2025-03-13T16:26:06
USR-0781,CNT-0058,like,948,2025-03-13T16:29:18
USR-0447,CNT-0211,click,138,2025-03-13T16:35:43
USR-0692,CNT-0280,complete,96,2025-03-13T16:36:49
USR-0378,CNT-0197,skip,582,2025-03-13T16:53:36
USR-0054,CNT-0411,skip,111,2025-03-13T16:55:23
USR-0663,CNT-0030,skip,115,2025-03-13T16:56:27
USR-0503,CNT-0335,like,3803,2025-03-13T17:01:18
USR-0519,CNT-0102,complete,2281,2025-03-13T17:04:11
USR-0287,CNT-0175,click,2195,2025-03-13T17:14:27
USR-0286,CNT-0117,skip,98,2025-03-13T17:26:30
USR-0030,CNT-0176,like,3683,2025-03-13T17:29:41
USR-0230,CNT-0494,complete,362,2025-03-13T17:40:02
USR-0755,CNT-0178,like,641,2025-03-13T17:40:58
USR-0431,CNT-0452,view,6,2025-03-13T17:43:07
USR-0544,CNT-0402,view,1820,2025-03-13T17:43:43
USR-0302,CNT-0177,like,2984,2025-03-13T17:44:43
USR-0772,CNT-0247,skip,6,2025-03-13T17:45:48
USR-0330,CNT-0409,click,2317,2025-03-13T17:46:59
USR-0436,CNT-0366,skip,31,2025-03-13T17:57:19
USR-0381,CNT-0163,complete,5016,2025-03-13T17:57:37
USR-0837,CNT-0033,view,10,2025-03-13T18:01:46
USR-0364,CNT-0216,view,3406,2025-03-13T18:01:59
USR-0868,CNT-0407,view,142,2025-03-13T18:05:44
USR-0490,CNT-0344,skip,3,2025-03-13T18:07:08
USR-0414,CNT-0122,complete,178,2025-03-13T18:20:24
USR-0244,CNT-0462,like,1817,2025-03-13T18:35:25
USR-0361,CNT-0239,click,688,2025-03-13T18:46:23
USR-0319,CNT-0230,view,21,2025-03-13T18:59:22
USR-0134,CNT-0424,view,428,2025-03-13T19:07:30
USR-0038,CNT-0175,view,3898,2025-03-13T19:09:08
USR-0575,CNT-0214,complete,2614,2025-03-13T19:10:07
USR-0038,CNT-0170,click,52,2025-03-13T19:18:49
USR-0430,CNT-0198,view,1686,2025-03-13T19:19:41
USR-0165,CNT-0487,like,1967,2025-03-13T19:23:25
USR-0663,CNT-0443,click,4104,2025-03-13T19:29:15
USR-0426,CNT-0067,click,2663,2025-03-13T19:40:33
USR-0392,CNT-0373,skip,89,2025-03-13T19:47:46
USR-0751,CNT-0301,view,375,2025-03-13T19:49:56
USR-0182,CNT-0292,view,103,2025-03-13T19:59:03
USR-0593,CNT-0186,click,1319,2025-03-13T20:00:59
USR-0753,CNT-0236,complete,30,2025-03-13T20:06:15
USR-0259,CNT-0178,skip,99,2025-03-13T20:11:23
USR-0733,CNT-0173,view,54,2025-03-13T20:15:10
USR-0998,CNT-0050,click,528,2025-03-13T20:20:18
USR-0507,CNT-0097,click,3766,2025-03-13T20:21:15
USR-0051,CNT-0471,click,1651,2025-03-13T20:24:19
USR-0936,CNT-0359,click,603,2025-03-13T20:32:28
USR-0206,CNT-0169,click,27,2025-03-13T20:41:35
USR-0456,CNT-0302,view,34,2025-03-13T20:43:16
USR-0195,CNT-0159,view,174,2025-03-13T20:49:14
USR-0816,CNT-0109,view,563,2025-03-13T20:51:56
USR-0195,CNT-0337,skip,65,2025-03-13T21:08:57
USR-0561,CNT-0447,skip,32,2025-03-13T21:11:47
USR-0825,CNT-0451,click,106,2025-03-13T21:17:47
USR-0404,CNT-0264,view,1371,2025-03-13T21:19:29
USR-0494,CNT-0351,skip,31,2025-03-13T21:25:37
USR-0534,CNT-0394,view,66,2025-03-13T21:30:13
USR-0953,CNT-0360,skip,54,2025-03-13T21:35:32
USR-0864,CNT-0023,view,2403,2025-03-13T21:35:55
USR-0208,CNT-0134,view,537,2025-03-13T21:38:14
USR-0453,CNT-0278,complete,237,2025-03-13T21:53:42
USR-0805,CNT-0017,skip,414,2025-03-13T21:54:13
USR-0032,CNT-0131,view,364,2025-03-13T21:56:01
USR-0572,CNT-0373,like,2636,2025-03-13T21:58:01
USR-0562,CNT-0013,view,1827,2025-03-13T22:02:20
USR-0849,CNT-0047,complete,773,2025-03-13T22:11:45
USR-0222,CNT-0224,like,2175,2025-03-13T22:13:02
USR-0289,CNT-0217,view,381,2025-03-13T22:18:50
USR-0296,CNT-0303,click,530,2025-03-13T22:18:59
USR-0959,CNT-0419,view,1488,2025-03-13T22:34:05
USR-0829,CNT-0086,skip,1064,2025-03-13T22:36:06
USR-0408,CNT-0252,view,841,2025-03-13T22:40:46
USR-0849,CNT-0437,like,27,2025-03-13T22:42:25
USR-0739,CNT-0110,complete,796,2025-03-13T22:44:27
USR-0897,CNT-0496,view,14,2025-03-13T22:45:15
USR-0963,CNT-0339,complete,442,2025-03-13T22:46:30
USR-0829,CNT-0450,view,745,2025-03-13T22:47:22
USR-0814,CNT-0129,like,276,2025-03-13T23:00:42
USR-0853,CNT-0469,like,358,2025-03-13T23:01:15
USR-0103,CNT-0466,skip,3,2025-03-13T23:01:37
USR-0919,CNT-0015,like,3,2025-03-13T23:12:18
USR-0524,CNT-0092,complete,1760,2025-03-13T23:17:24
USR-0631,CNT-0133,complete,140,2025-03-13T23:39:18
USR-0147,CNT-0222,like,13,2025-03-13T23:39:43
USR-0594,CNT-0082,skip,143,2025-03-13T23:42:19
USR-0976,CNT-0290,view,14,2025-03-13T23:43:45
USR-0523,CNT-0228,skip,270,2025-03-13T23:51:13
USR-0575,CNT-0048,skip,14,2025-03-13T23:53:04
USR-0325,CNT-0362,view,2852,2025-03-13T23:58:06
USR-0973,CNT-0225,complete,5667,2025-03-14T00:31:39
USR-0009,CNT-0089,like,44,2025-03-14T00:52:04
USR-0999,CNT-0040,like,48,2025-03-14T01:04:58
USR-0563,CNT-0416,complete,77,2025-03-14T01:06:23
USR-0152,CNT-0245,view,93,2025-03-14T01:20:11
USR-0707,CNT-0228,view,221,2025-03-14T01:25:36
USR-0278,CNT-0003,view,220,2025-03-14T01:38:51
USR-0027,CNT-0063,skip,5,2025-03-14T01:44:01
USR-0939,CNT-0149,view,5,2025-03-14T01:58:46
USR-0128,CNT-0218,complete,1068,2025-03-14T02:00:05
USR-0596,CNT-0043,like,989,2025-03-14T02:28:34
USR-0867,CNT-0009,complete,4872,2025-03-14T02:29:21
USR-0710,CNT-0081,view,172,2025-03-14T02:36:13
USR-0836,CNT-0042,complete,568,2025-03-14T02:57:54
USR-0133,CNT-0031,view,196,2025-03-14T03:17:16
USR-0044,CNT-0207,complete,4655,2025-03-14T03:35:03
USR-0648,CNT-0026,like,555,2025-03-14T03:53:32
USR-0013,CNT-0342,click,1940,2025-03-14T03:58:01
USR-0976,CNT-0065,skip,19,2025-03-14T03:59:58
USR-0578,CNT-0287,view,67,2025-03-14T04:11:58
USR-0575,CNT-0105,view,2,2025-03-14T04:12:00
USR-0107,CNT-0099,view,335,2025-03-14T04:15:05
USR-0774,CNT-0221,view,276,2025-03-14T04:20:37
USR-0815,CNT-0382,click,2003,2025-03-14T04:20:58
USR-0010,CNT-0083,complete,425,2025-03-14T04:26:04
USR-0844,CNT-0127,complete,170,2025-03-14T04:26:14
USR-0315,CNT-0062,skip,783,2025-03-14T04:38:30
USR-0129,CNT-0326,like,911,2025-03-14T05:03:02
USR-0249,CNT-0481,click,1774,2025-03-14T05:06:47
USR-0898,CNT-0169,click,37,2025-03-14T05:11:23
USR-0987,CNT-0019,click,21,2025-03-14T05:13:12
USR-0191,CNT-0191,complete,677,2025-03-14T05:20:18
USR-0024,CNT-0065,view,64,2025-03-14T05:21:18
USR-0963,CNT-0177,skip,6,2025-03-14T05:21:55
USR-0143,CNT-0289,click,2,2025-03-14T05:29:51
USR-0361,CNT-0275,skip,15,2025-03-14T05:34:00
USR-0306,CNT-0405,skip,7,2025-03-14T05:34:55
USR-0217,CNT-0078,skip,94,2025-03-14T05:46:04
USR-0635,CNT-0292,view,32,2025-03-14T05:48:12
USR-0527,CNT-0462,click,855,2025-03-14T05:49:48
USR-0330,CNT-0207,complete,5504,2025-03-14T05:55:08
USR-0081,CNT-0110,view,347,2025-03-14T06:15:55
USR-0691,CNT-0383,skip,1,2025-03-14T06:16:18
USR-0750,CNT-0340,complete,543,2025-03-14T06:17:32
USR-0926,CNT-0311,skip,1471,2025-03-14T06:22:02
USR-0139,CNT-0102,view,550,2025-03-14T06:22:17
USR-0885,CNT-0251,complete,963,2025-03-14T06:32:45
USR-0363,CNT-0402,complete,2382,2025-03-14T06:34:43
USR-0290,CNT-0383,click,148,2025-03-14T06:36:24
USR-0328,CNT-0223,like,1314,2025-03-14T06:43:03
USR-0463,CNT-0199,view,66,2025-03-14T06:44:35
USR-0332,CNT-0423,complete,3258,2025-03-14T06:58:10
USR-0092,CNT-0162,like,96,2025-03-14T07:05:06
USR-0496,CNT-0396,skip,17,2025-03-14T07:09:47
USR-0588,CNT-0199,skip,26,2025-03-14T07:10:02
USR-0100,CNT-0208,like,2541,2025-03-14T07:17:25
USR-0507,CNT-0283,view,109,2025-03-14T07:27:14
USR-0093,CNT-0352,click,3279,2025-03-14T07:32:35
USR-0040,CNT-0258,click,2345,2025-03-14T07:36:12
USR-0408,CNT-0173,click,247,2025-03-14T07:39:42
USR-0136,CNT-0356,view,2047,2025-03-14T07:41:47
USR-0700,CNT-0121,view,147,2025-03-14T07:55:06
USR-0226,CNT-0094,skip,221,2025-03-14T08:01:10
USR-0141,CNT-0278,click,178,2025-03-14T08:03:32
USR-0164,CNT-0241,complete,2613,2025-03-14T08:04:44
USR-0293,CNT-0074,like,100,2025-03-14T08:10:44
USR-0364,CNT-0062,click,740,2025-03-14T08:12:53
USR-0396,CNT-0073,click,2624,2025-03-14T08:21:06
USR-0607,CNT-0028,view,1806,2025-03-14T08:25:27
USR-0149,CNT-0151,skip,849,2025-03-14T08:28:27
USR-0118,CNT-0045,complete,165,2025-03-14T08:29:32
USR-0718,CNT-0356,click,4979,2025-03-14T08:33:43
USR-0075,CNT-0484,click,101,2025-03-14T08:41:59
USR-0128,CNT-0420,view,2717,2025-03-14T08:42:47
USR-0883,CNT-0153,click,318,2025-03-14T08:44:57
USR-0368,CNT-0435,skip,23,2025-03-14T08:48:30
USR-0499,CNT-0113,like,1337,2025-03-14T08:51:28
USR-0063,CNT-0480,skip,56,2025-03-14T09:03:25
USR-0284,CNT-0250,complete,256,2025-03-14T09:17:37
USR-0808,CNT-0482,view,884,2025-03-14T09:17:49
USR-0888,CNT-0361,complete,4346,2025-03-14T09:26:49
USR-0532,CNT-0126,complete,641,2025-03-14T09:27:10
USR-0402,CNT-0284,click,2366,2025-03-14T09:35:48
USR-0002,CNT-0301,view,857,2025-03-14T09:40:57
USR-0595,CNT-0465,view,887,2025-03-14T09:46:42
USR-0425,CNT-0075,complete,383,2025-03-14T09:53:19
USR-0258,CNT-0174,view,32,2025-03-14T10:00:14
USR-0248,CNT-0420,like,2227,2025-03-14T10:01:36
USR-0616,CNT-0003,view,3526,2025-03-14T10:03:13
USR-0351,CNT-0461,view,35,2025-03-14T10:07:35
USR-0826,CNT-0285,click,723,2025-03-14T10:12:09
USR-0680,CNT-0490,complete,1966,2025-03-14T10:32:10
USR-0747,CNT-0010,complete,5324,2025-03-14T10:34:48
USR-0661,CNT-0231,complete,3501,2025-03-14T10:36:35
USR-0436,CNT-0446,like,1014,2025-03-14T10:55:14
USR-0309,CNT-0490,click,1722,2025-03-14T10:55:57
USR-0313,CNT-0278,click,112,2025-03-14T10:56:47
USR-0998,CNT-0465,view,465,2025-03-14T11:05:32
USR-0212,CNT-0220,complete,133,2025-03-14T11:06:30
USR-0278,CNT-0363,view,484,2025-03-14T11:06:45
USR-0393,CNT-0405,view,3,2025-03-14T11:09:26
USR-0053,CNT-0289,view,1,2025-03-14T11:09:49
USR-0279,CNT-0435,click,79,2025-03-14T11:14:41
USR-0096,CNT-0398,complete,167,2025-03-14T11:16:45
USR-0969,CNT-0443,skip,589,2025-03-14T11:20:17
USR-0378,CNT-0043,complete,5255,2025-03-14T11:37:45
USR-0655,CNT-0476,click,55,2025-03-14T11:51:21
USR-0620,CNT-0126,click,338,2025-03-14T12:05:12
USR-0768,CNT-0145,click,376,2025-03-14T12:05:35
USR-0449,CNT-0466,view,318,2025-03-14T12:06:26
USR-0913,CNT-0358,click,60,2025-03-14T12:10:11
USR-0278,CNT-0216,complete,5248,2025-03-14T12:11:14
USR-0826,CNT-0086,view,1476,2025-03-14T12:21:01
USR-0634,CNT-0116,view,20,2025-03-14T12:25:05
USR-0432,CNT-0128,skip,7,2025-03-14T12:37:31
USR-0228,CNT-0045,complete,181,2025-03-14T12:39:49
USR-0912,CNT-0267,view,522,2025-03-14T12:59:18
USR-0023,CNT-0328,click,83,2025-03-14T13:19:29
USR-0386,CNT-0258,skip,168,2025-03-14T13:32:42
USR-0506,CNT-0100,like,333,2025-03-14T13:35:53
USR-0936,CNT-0453,view,79,2025-03-14T13:39:42
USR-0993,CNT-0151,view,2742,2025-03-14T13:40:40
USR-0238,CNT-0050,view,422,2025-03-14T13:44:40
USR-0967,CNT-0445,like,42,2025-03-14T13:50:11
USR-0120,CNT-0132,skip,31,2025-03-14T13:53:27
USR-0664,CNT-0494,view,370,2025-03-14T14:04:09
USR-0943,CNT-0476,click,22,2025-03-14T14:06:02
USR-0694,CNT-0485,view,77,2025-03-14T14:09:05
USR-0697,CNT-0291,complete,879,2025-03-14T14:20:25
USR-0883,CNT-0484,view,134,2025-03-14T14:28:14
USR-0442,CNT-0194,complete,626,2025-03-14T14:28:36
USR-0055,CNT-0100,view,181,2025-03-14T14:40:20
USR-0003,CNT-0031,view,402,2025-03-14T14:57:23
USR-0499,CNT-0281,view,1700,2025-03-14T14:59:30
USR-0851,CNT-0289,view,10,2025-03-14T15:18:27
USR-0837,CNT-0350,skip,58,2025-03-14T15:21:12
USR-0803,CNT-0465,like,500,2025-03-14T15:34:43
USR-0664,CNT-0301,like,303,2025-03-14T15:49:04
USR-0408,CNT-0243,click,147,2025-03-14T15:52:16
USR-0651,CNT-0496,complete,129,2025-03-14T15:53:45
USR-0703,CNT-0037,view,3537,2025-03-14T16:03:59
USR-0452,CNT-0155,view,67,2025-03-14T16:14:18
USR-0276,CNT-0169,complete,66,2025-03-14T16:15:12
USR-0744,CNT-0463,click,920,2025-03-14T16:23:03
USR-0742,CNT-0295,like,19,2025-03-14T16:53:13
USR-0656,CNT-0325,like,775,2025-03-14T16:54:05
USR-0553,CNT-0099,like,646,2025-03-14T17:05:25
USR-0654,CNT-0182,complete,147,2025-03-14T17:08:36
USR-0969,CNT-0446,view,1100,2025-03-14T17:14:32
USR-0590,CNT-0344,view,1003,2025-03-14T17:15:19
USR-0175,CNT-0310,like,572,2025-03-14T17:16:52
USR-0496,CNT-0030,like,639,2025-03-14T17:17:47
USR-0003,CNT-0203,complete,32,2025-03-14T17:23:25
USR-0629,CNT-0465,skip,148,2025-03-14T17:25:00
USR-0957,CNT-0011,view,712,2025-03-14T17:31:57
USR-0255,CNT-0294,complete,56,2025-03-14T17:44:57
USR-0326,CNT-0197,view,1578,2025-03-14T17:46:33
USR-0255,CNT-0332,view,678,2025-03-14T17:47:38
USR-0477,CNT-0429,like,1767,2025-03-14T17:58:13
USR-0526,CNT-0143,click,908,2025-03-14T17:59:16
USR-0912,CNT-0186,like,415,2025-03-14T17:59:43
USR-0539,CNT-0486,click,93,2025-03-14T18:11:26
USR-0799,CNT-0225,view,205,2025-03-14T18:17:33
USR-0388,CNT-0218,view,108,2025-03-14T18:18:18
USR-0174,CNT-0087,view,103,2025-03-14T18:21:09
USR-0964,CNT-0342,view,444,2025-03-14T18:45:47
USR-0033,CNT-0263,view,101,2025-03-14T18:59:39
USR-0755,CNT-0107,skip,71,2025-03-14T19:14:37
USR-0124,CNT-0404,click,569,2025-03-14T19:24:33
USR-0829,CNT-0428,like,124,2025-03-14T19:30:49
USR-0811,CNT-0374,view,198,2025-03-14T19:47:43
USR-0705,CNT-0367,click,425,2025-03-14T19:49:16
USR-0262,CNT-0229,click,405,2025-03-14T19:53:16
USR-0783,CNT-0448,view,14,2025-03-14T20:01:16
USR-0383,CNT-0338,skip,6,2025-03-14T20:05:34
USR-0314,CNT-0322,view,185,2025-03-14T20:10:50
USR-0020,CNT-0208,complete,2832,2025-03-14T20:26:35
USR-0245,CNT-0025,complete,2175,2025-03-14T20:33:44
USR-0765,CNT-0436,click,337,2025-03-14T20:42:12
USR-0932,CNT-0072,complete,144,2025-03-14T20:44:12
USR-0186,CNT-0004,complete,4215,2025-03-14T20:57:40
USR-0215,CNT-0240,skip,4,2025-03-14T21:03:51
USR-0526,CNT-0105,like,22,2025-03-14T21:08:19
USR-0140,CNT-0445,view,109,2025-03-14T21:08:52
USR-0613,CNT-0374,like,151,2025-03-14T21:21:06
USR-0292,CNT-0002,complete,102,2025-03-14T21:22:20
USR-0737,CNT-0153,view,4717,2025-03-14T21:33:25
USR-0849,CNT-0335,skip,1102,2025-03-14T21:37:33
USR-0511,CNT-0243,view,27,2025-03-14T21:43:52
USR-0038,CNT-0318,view,423,2025-03-14T21:44:18
USR-0516,CNT-0051,view,0,2025-03-14T22:08:32
USR-0254,CNT-0060,skip,97,2025-03-14T22:13:11
USR-0060,CNT-0418,click,1420,2025-03-14T22:15:28
USR-0463,CNT-0025,view,438,2025-03-14T22:16:59
USR-0514,CNT-0016,skip,209,2025-03-14T22:20:00
USR-0227,CNT-0014,view,4877,2025-03-14T22:21:15
USR-0262,CNT-0351,complete,470,2025-03-14T22:25:42
USR-0973,CNT-0277,view,44,2025-03-14T22:29:10
USR-0640,CNT-0202,click,95,2025-03-14T22:51:42
USR-0242,CNT-0058,click,184,2025-03-14T22:54:14
USR-0054,CNT-0184,view,10,2025-03-14T22:57:14
USR-0474,CNT-0135,complete,3158,2025-03-14T23:11:40
USR-0120,CNT-0012,click,49,2025-03-14T23:20:03
USR-0660,CNT-0214,view,1456,2025-03-14T23:21:54
USR-0054,CNT-0060,view,250,2025-03-14T23:22:24
USR-0806,CNT-0300,skip,25,2025-03-14T23:25:40
USR-0422,CNT-0109,view,183,2025-03-14T23:40:32
USR-0276,CNT-0439,view,103,2025-03-14T23:43:41
USR-0006,CNT-0369,like,2616,2025-03-14T23:51:32
USR-0451,CNT-0335,like,3687,2025-03-14T23:54:12
USR-0966,CNT-0255,complete,2254,2025-03-14T23:56:15
USR-0129,CNT-0267,skip,245,2025-03-15T00:00:25
USR-0945,CNT-0242,like,195,2025-03-15T00:04:16
USR-0367,CNT-0146,click,190,2025-03-15T00:23:32
USR-0637,CNT-0160,view,14,2025-03-15T00:25:12
USR-0690,CNT-0155,view,192,2025-03-15T00:28:28
USR-0478,CNT-0119,complete,2196,2025-03-15T00:37:05
USR-0558,CNT-0102,click,1211,2025-03-15T00:49:15
USR-0851,CNT-0159,complete,981,2025-03-15T01:04:57
USR-0106,CNT-0070,view,305,2025-03-15T01:05:44
USR-0895,CNT-0370,view,350,2025-03-15T01:08:19
USR-0723,CNT-0299,view,109,2025-03-15T01:10:49
USR-0050,CNT-0375,click,75,2025-03-15T01:13:54
USR-0782,CNT-0216,like,5215,2025-03-15T01:20:25
USR-0338,CNT-0326,view,1006,2025-03-15T01:27:28
USR-0830,CNT-0465,like,710,2025-03-15T01:27:52
USR-0008,CNT-0076,like,219,2025-03-15T01:33:43
USR-0551,CNT-0490,like,1875,2025-03-15T01:35:57
USR-0746,CNT-0096,click,1802,2025-03-15T01:38:18
USR-0668,CNT-0137,like,526,2025-03-15T01:40:24
USR-0237,CNT-0070,skip,68,2025-03-15T01:49:17
USR-0780,CNT-0312,view,207,2025-03-15T02:01:58
USR-0680,CNT-0248,like,57,2025-03-15T02:11:21
USR-0887,CNT-0095,skip,71,2025-03-15T02:17:38
USR-0384,CNT-0037,like,3388,2025-03-15T02:21:24
USR-0021,CNT-0142,view,3374,2025-03-15T02:22:52
USR-0360,CNT-0009,skip,785,2025-03-15T02:25:33
USR-0633,CNT-0029,skip,104,2025-03-15T02:27:36
USR-0978,CNT-0435,view,145,2025-03-15T02:32:38
USR-0448,CNT-0023,skip,645,2025-03-15T02:55:26
USR-0428,CNT-0415,complete,5183,2025-03-15T02:57:00
USR-0651,CNT-0015,view,125,2025-03-15T03:05:13
USR-0698,CNT-0244,click,645,2025-03-15T03:09:12
USR-0287,CNT-0238,click,681,2025-03-15T03:10:03
USR-0077,CNT-0379,click,136,2025-03-15T03:33:46
USR-0962,CNT-0017,complete,2259,2025-03-15T03:36:20
USR-0836,CNT-0001,skip,46,2025-03-15T03:52:09
USR-0165,CNT-0040,complete,55,2025-03-15T03:52:19
USR-0610,CNT-0119,like,873,2025-03-15T03:52:39
USR-0446,CNT-0402,click,1639,2025-03-15T03:53:51
USR-0984,CNT-0187,view,124,2025-03-15T04:04:24
USR-0665,CNT-0095,complete,698,2025-03-15T04:16:03
USR-0324,CNT-0010,view,1023,2025-03-15T04:30:03
USR-0162,CNT-0369,view,3427,2025-03-15T04:48:07
USR-0401,CNT-0007,view,2404,2025-03-15T05:11:37
USR-0879,CNT-0292,view,125,2025-03-15T05:17:22
USR-0249,CNT-0431,view,662,2025-03-15T05:17:53
USR-0663,CNT-0367,click,296,2025-03-15T05:19:26
USR-0599,CNT-0496,complete,126,2025-03-15T05:23:20
USR-0057,CNT-0405,skip,4,2025-03-15T05:23:25
USR-0048,CNT-0015,view,55,2025-03-15T05:26:48
USR-0794,CNT-0441,view,44,2025-03-15T05:29:31
USR-0885,CNT-0375,like,405,2025-03-15T05:37:23
USR-0621,CNT-0059,like,418,2025-03-15T05:37:51
USR-0199,CNT-0198,click,292,2025-03-15T05:49:10
USR-0703,CNT-0484,view,71,2025-03-15T05:56:40
USR-0761,CNT-0202,view,1801,2025-03-15T06:03:38
USR-0782,CNT-0201,view,2493,2025-03-15T06:03:40
USR-0032,CNT-0167,view,288,2025-03-15T06:11:33
USR-0066,CNT-0435,click,146,2025-03-15T06:15:08
USR-0911,CNT-0307,view,412,2025-03-15T06:20:02
USR-0205,CNT-0347,view,240,2025-03-15T06:30:24
USR-0063,CNT-0209,skip,1,2025-03-15T06:41:39
USR-0263,CNT-0298,complete,5111,2025-03-15T06:43:28
USR-0275,CNT-0141,view,4404,2025-03-15T06:47:39
USR-0252,CNT-0144,view,335,2025-03-15T06:48:02
USR-0177,CNT-0322,click,504,2025-03-15T06:55:45
USR-0286,CNT-0066,view,520,2025-03-15T06:57:44
USR-0896,CNT-0371,skip,3,2025-03-15T07:03:30
USR-0076,CNT-0263,view,60,2025-03-15T07:03:57
USR-0681,CNT-0139,complete,1190,2025-03-15T07:07:27
USR-0585,CNT-0079,like,3741,2025-03-15T07:11:28
USR-0163,CNT-0095,complete,566,2025-03-15T07:14:07
USR-0271,CNT-0324,complete,915,2025-03-15T07:23:48
USR-0660,CNT-0273,view,49,2025-03-15T07:29:22
USR-0847,CNT-0139,view,211,2025-03-15T07:39:43
USR-0559,CNT-0055,like,203,2025-03-15T07:47:30
USR-0351,CNT-0104,complete,2144,2025-03-15T08:02:37
USR-0781,CNT-0268,complete,3556,2025-03-15T08:12:08
USR-0294,CNT-0242,view,503,2025-03-15T08:22:44
USR-0581,CNT-0399,complete,6709,2025-03-15T08:29:25
USR-0750,CNT-0019,like,23,2025-03-15T08:49:05
USR-0243,CNT-0060,complete,402,2025-03-15T09:10:26
USR-0528,CNT-0371,complete,172,2025-03-15T09:27:55
USR-0975,CNT-0131,view,1229,2025-03-15T09:36:12
USR-0155,CNT-0101,click,149,2025-03-15T09:46:30
USR-0675,CNT-0045,complete,168,2025-03-15T09:48:56
USR-0198,CNT-0194,view,247,2025-03-15T09:55:02
USR-0303,CNT-0308,like,11,2025-03-15T10:00:50
USR-0892,CNT-0461,skip,86,2025-03-15T10:04:47
USR-0553,CNT-0121,like,101,2025-03-15T10:08:54
USR-0408,CNT-0275,click,58,2025-03-15T10:16:31
USR-0766,CNT-0340,click,611,2025-03-15T10:17:49
USR-0477,CNT-0150,view,1992,2025-03-15T10:18:03
USR-0619,CNT-0185,complete,729,2025-03-15T10:21:38
USR-0453,CNT-0098,complete,5985,2025-03-15T10:29:29
USR-0305,CNT-0074,view,107,2025-03-15T10:43:29
USR-0167,CNT-0265,view,5,2025-03-15T10:49:21
USR-0691,CNT-0275,like,12,2025-03-15T10:50:14
USR-0013,CNT-0060,view,225,2025-03-15T10:58:59
USR-0788,CNT-0141,skip,161,2025-03-15T11:07:39
USR-0341,CNT-0454,like,461,2025-03-15T11:16:59
USR-0003,CNT-0493,click,142,2025-03-15T11:26:21
USR-0714,CNT-0350,skip,46,2025-03-15T11:27:17
USR-0443,CNT-0443,complete,4030,2025-03-15T11:35:31
USR-0468,CNT-0206,click,10,2025-03-15T11:37:55
USR-0108,CNT-0240,view,16,2025-03-15T11:40:25
USR-0986,CNT-0369,complete,3752,2025-03-15T11:43:55
USR-0348,CNT-0067,view,1884,2025-03-15T11:52:56
USR-0858,CNT-0221,view,398,2025-03-15T12:04:02
USR-0536,CNT-0468,view,1533,2025-03-15T12:23:35
USR-0036,CNT-0191,skip,52,2025-03-15T12:24:52
USR-0561,CNT-0034,view,6,2025-03-15T12:24:55
USR-0298,CNT-0044,view,381,2025-03-15T12:26:17
USR-0778,CNT-0458,view,1755,2025-03-15T12:30:37
USR-0391,CNT-0216,like,3097,2025-03-15T12:34:22
USR-0689,CNT-0001,view,29,2025-03-15T12:36:49
USR-0655,CNT-0149,like,131,2025-03-15T12:54:27
USR-0768,CNT-0156,click,1000,2025-03-15T12:54:59
USR-0454,CNT-0481,click,1992,2025-03-15T13:02:26
USR-0178,CNT-0183,view,1157,2025-03-15T13:13:10
USR-0589,CNT-0097,view,1920,2025-03-15T13:13:40
USR-0244,CNT-0090,like,766,2025-03-15T13:14:41
USR-0400,CNT-0078,complete,391,2025-03-15T13:28:16
USR-0330,CNT-0344,like,418,2025-03-15T13:29:08
USR-0046,CNT-0183,like,1763,2025-03-15T13:35:49
USR-0248,CNT-0443,view,2001,2025-03-15T13:39:17
USR-0575,CNT-0035,skip,8,2025-03-15T13:43:11
USR-0391,CNT-0044,click,381,2025-03-15T13:58:37
USR-0183,CNT-0405,click,11,2025-03-15T14:01:14
USR-0327,CNT-0327,complete,407,2025-03-15T14:05:40
USR-0523,CNT-0139,skip,8,2025-03-15T14:05:44
USR-0463,CNT-0233,click,1703,2025-03-15T14:26:48
USR-0035,CNT-0079,view,3716,2025-03-15T14:30:48
USR-0736,CNT-0357,view,173,2025-03-15T14:31:25
USR-0204,CNT-0188,view,320,2025-03-15T14:35:45
USR-0630,CNT-0487,like,433,2025-03-15T14:36:14
USR-0213,CNT-0497,view,55,2025-03-15T14:38:12
USR-0653,CNT-0334,click,94,2025-03-15T14:57:25
USR-0425,CNT-0251,like,364,2025-03-15T15:01:57
USR-0352,CNT-0427,skip,81,2025-03-15T15:02:26
USR-0941,CNT-0363,complete,4413,2025-03-15T15:11:46
USR-0365,CNT-0145,complete,1094,2025-03-15T15:12:21
USR-0230,CNT-0391,like,213,2025-03-15T15:16:32
USR-0478,CNT-0457,like,45,2025-03-15T15:18:14
USR-0173,CNT-0431,like,498,2025-03-15T15:20:19
USR-0641,CNT-0173,view,454,2025-03-15T15:20:36
USR-0202,CNT-0135,complete,3416,2025-03-15T15:24:12
USR-0618,CNT-0478,view,104,2025-03-15T15:29:19
USR-0508,CNT-0481,view,4189,2025-03-15T15:34:00
USR-0817,CNT-0278,view,78,2025-03-15T15:39:25
USR-0996,CNT-0356,like,749,2025-03-15T15:45:07
USR-0901,CNT-0368,like,212,2025-03-15T15:45:13
USR-0507,CNT-0100,complete,414,2025-03-15T15:50:49
USR-0236,CNT-0239,view,48,2025-03-15T15:51:31
USR-0137,CNT-0171,click,999,2025-03-15T16:16:04
USR-0229,CNT-0135,like,2931,2025-03-15T16:27:00
USR-0194,CNT-0295,skip,7,2025-03-15T16:36:44
USR-0992,CNT-0348,click,7,2025-03-15T16:37:38
USR-0807,CNT-0014,click,4719,2025-03-15T16:50:04
USR-0588,CNT-0100,view,229,2025-03-15T16:54:07
USR-0106,CNT-0183,skip,1238,2025-03-15T17:17:26
USR-0940,CNT-0131,click,1064,2025-03-15T17:22:47
USR-0559,CNT-0375,view,77,2025-03-15T17:27:29
USR-0339,CNT-0171,complete,994,2025-03-15T17:29:47
USR-0266,CNT-0217,skip,45,2025-03-15T17:32:07
USR-0586,CNT-0168,complete,345,2025-03-15T17:54:15
USR-0056,CNT-0490,view,923,2025-03-15T17:56:27
USR-0039,CNT-0212,view,1074,2025-03-15T18:00:54
USR-0115,CNT-0390,complete,2861,2025-03-15T18:01:17
USR-0114,CNT-0328,like,34,2025-03-15T18:02:57
USR-0128,CNT-0062,skip,611,2025-03-15T18:09:18
USR-0407,CNT-0085,view,2709,2025-03-15T18:09:30
USR-0777,CNT-0194,like,452,2025-03-15T18:11:02
USR-0110,CNT-0374,complete,594,2025-03-15T18:22:02
USR-0896,CNT-0139,complete,1126,2025-03-15T18:23:10
USR-0693,CNT-0299,view,78,2025-03-15T18:34:42
USR-0685,CNT-0318,click,273,2025-03-15T18:40:49
USR-0741,CNT-0204,complete,1955,2025-03-15T18:48:59
USR-0914,CNT-0075,click,177,2025-03-15T18:50:50
USR-0961,CNT-0468,view,1738,2025-03-15T18:52:23
USR-0087,CNT-0192,view,44,2025-03-15T19:24:47
USR-0187,CNT-0058,view,155,2025-03-15T19:29:07
USR-0819,CNT-0389,like,29,2025-03-15T19:29:21
USR-0483,CNT-0217,click,443,2025-03-15T19:41:03
USR-0841,CNT-0314,skip,467,2025-03-15T19:42:12
USR-0375,CNT-0079,skip,833,2025-03-15T20:01:20
USR-0423,CNT-0386,view,609,2025-03-15T20:02:03
USR-0062,CNT-0373,like,610,2025-03-15T20:06:55
USR-0080,CNT-0498,skip,66,2025-03-15T20:10:12
USR-0156,CNT-0105,view,8,2025-03-15T20:17:26
USR-0825,CNT-0279,view,2477,2025-03-15T20:17:28
USR-0819,CNT-0031,like,440,2025-03-15T20:36:13
USR-0197,CNT-0052,skip,25,2025-03-15T20:41:51
USR-0096,CNT-0484,view,59,2025-03-15T20:42:49
USR-0450,CNT-0210,view,1850,2025-03-15T20:53:39
USR-0670,CNT-0246,like,282,2025-03-15T20:54:41
USR-0046,CNT-0064,like,1289,2025-03-15T21:02:31
USR-0446,CNT-0406,complete,1126,2025-03-15T21:03:28
USR-0164,CNT-0005,complete,2050,2025-03-15T21:06:05
USR-0193,CNT-0084,skip,16,2025-03-15T21:15:03
USR-0769,CNT-0146,click,213,2025-03-15T21:16:03
USR-0755,CNT-0261,skip,184,2025-03-15T21:18:09
USR-0533,CNT-0037,complete,4606,2025-03-15T21:20:01
USR-0987,CNT-0209,skip,10,2025-03-15T21:22:34
USR-0310,CNT-0490,like,23,2025-03-15T21:22:50
USR-0569,CNT-0330,click,534,2025-03-15T21:35:15
USR-0219,CNT-0087,view,631,2025-03-15T21:45:32
USR-0784,CNT-0291,like,790,2025-03-15T21:46:19
USR-0140,CNT-0094,click,901,2025-03-15T21:47:54
USR-0672,CNT-0236,skip,3,2025-03-15T21:50:43
USR-0355,CNT-0031,view,1639,2025-03-15T22:06:27
USR-0984,CNT-0039,view,1445,2025-03-15T22:33:12
USR-0967,CNT-0334,click,13,2025-03-15T22:36:08
USR-0564,CNT-0449,view,1539,2025-03-15T22:42:33
USR-0692,CNT-0195,view,371,2025-03-15T22:49:56
USR-0410,CNT-0308,click,1400,2025-03-15T22:53:07
USR-0109,CNT-0350,like,324,2025-03-15T23:00:48
USR-0885,CNT-0442,click,116,2025-03-15T23:15:15
USR-0725,CNT-0051,click,13,2025-03-15T23:20:59
USR-0648,CNT-0274,view,3412,2025-03-15T23:23:20
USR-0790,CNT-0405,skip,6,2025-03-15T23:24:38
USR-0160,CNT-0408,skip,1,2025-03-15T23:25:26
USR-0699,CNT-0366,click,220,2025-03-15T23:39:51
USR-0080,CNT-0307,complete,471,2025-03-15T23:42:42
USR-0715,CNT-0151,view,3553,2025-03-15T23:42:48
USR-0871,CNT-0010,complete,5242,2025-03-15T23:47:30
USR-0543,CNT-0100,complete,370,2025-03-15T23:47:46
USR-0595,CNT-0156,click,2492,2025-03-15T23:50:05
USR-0585,CNT-0138,view,178,2025-03-16T00:02:35
USR-0125,CNT-0461,skip,618,2025-03-16T00:07:57
USR-0733,CNT-0451,view,108,2025-03-16T00:15:18
USR-0148,CNT-0151,view,2637,2025-03-16T00:27:33
USR-0674,CNT-0338,skip,46,2025-03-16T00:29:33
USR-0477,CNT-0468,view,684,2025-03-16T00:32:36
USR-0659,CNT-0249,click,659,2025-03-16T00:37:06
USR-0798,CNT-0081,view,13,2025-03-16T00:37:53
USR-0527,CNT-0368,click,98,2025-03-16T00:48:57
USR-0411,CNT-0426,click,1356,2025-03-16T00:50:59
USR-0108,CNT-0096,click,183,2025-03-16T00:52:37
USR-0572,CNT-0109,skip,101,2025-03-16T00:58:37
USR-0674,CNT-0441,skip,12,2025-03-16T01:02:55
USR-0441,CNT-0491,like,2748,2025-03-16T01:12:01
USR-0323,CNT-0241,click,1611,2025-03-16T01:12:31
USR-0102,CNT-0128,complete,335,2025-03-16T01:15:06
USR-0850,CNT-0177,like,3183,2025-03-16T01:26:18
USR-0578,CNT-0152,like,168,2025-03-16T01:26:41
USR-0597,CNT-0361,like,4675,2025-03-16T01:28:34
USR-0231,CNT-0199,skip,12,2025-03-16T01:32:58
USR-0993,CNT-0322,complete,524,2025-03-16T01:36:32
USR-0285,CNT-0071,click,30,2025-03-16T01:39:35
USR-0587,CNT-0029,skip,101,2025-03-16T01:42:35
USR-0107,CNT-0333,complete,164,2025-03-16T01:45:40
USR-0603,CNT-0354,click,292,2025-03-16T01:50:04
USR-0966,CNT-0222,view,51,2025-03-16T01:50:25
USR-0568,CNT-0488,skip,252,2025-03-16T01:52:05
USR-0033,CNT-0358,view,145,2025-03-16T01:58:42
USR-0588,CNT-0393,complete,565,2025-03-16T02:03:51
USR-0614,CNT-0211,like,11,2025-03-16T02:06:38
USR-0981,CNT-0117,skip,509,2025-03-16T02:08:53
USR-0346,CNT-0440,view,194,2025-03-16T02:17:21
USR-0308,CNT-0022,complete,672,2025-03-16T02:19:19
USR-0518,CNT-0289,view,37,2025-03-16T02:29:15
USR-0798,CNT-0215,complete,360,2025-03-16T02:40:00
USR-0043,CNT-0288,like,1184,2025-03-16T02:40:36
USR-0118,CNT-0025,skip,452,2025-03-16T02:44:20
USR-0851,CNT-0173,like,323,2025-03-16T03:24:43
USR-0625,CNT-0004,view,2733,2025-03-16T03:50:53
USR-0413,CNT-0130,view,39,2025-03-16T03:53:10
USR-0387,CNT-0397,skip,116,2025-03-16T04:01:15
USR-0441,CNT-0110,click,480,2025-03-16T04:07:58
USR-0352,CNT-0421,like,72,2025-03-16T04:10:02
USR-0281,CNT-0380,click,6,2025-03-16T04:11:14
USR-0153,CNT-0414,like,138,2025-03-16T04:18:23
USR-0986,CNT-0109,skip,53,2025-03-16T04:22:51
USR-0995,CNT-0215,like,26,2025-03-16T04:37:35
USR-0648,CNT-0125,view,3225,2025-03-16T04:44:42
USR-0252,CNT-0256,view,392,2025-03-16T04:45:49
USR-0116,CNT-0055,click,1,2025-03-16T05:04:27
USR-0253,CNT-0054,view,194,2025-03-16T05:15:52
USR-0420,CNT-0059,skip,171,2025-03-16T05:17:30
USR-0424,CNT-0166,view,151,2025-03-16T05:18:28
USR-0586,CNT-0191,click,775,2025-03-16T05:22:13
USR-0603,CNT-0242,click,354,2025-03-16T05:24:38
USR-0659,CNT-0236,complete,30,2025-03-16T05:26:50
USR-0270,CNT-0045,like,132,2025-03-16T05:30:12
USR-0338,CNT-0423,view,1996,2025-03-16T05:31:02
USR-0774,CNT-0186,view,656,2025-03-16T05:37:50
USR-0161,CNT-0266,complete,2627,2025-03-16T05:51:14
USR-0929,CNT-0324,view,122,2025-03-16T05:55:22
USR-0383,CNT-0210,view,812,2025-03-16T06:03:17
USR-0683,CNT-0497,view,51,2025-03-16T06:05:19
USR-0239,CNT-0403,skip,570,2025-03-16T06:09:10
USR-0778,CNT-0286,skip,79,2025-03-16T06:14:28
USR-0233,CNT-0001,click,254,2025-03-16T06:20:59
USR-0022,CNT-0383,view,236,2025-03-16T06:41:29
USR-0037,CNT-0152,skip,13,2025-03-16T06:55:50
USR-0480,CNT-0002,view,62,2025-03-16T07:05:22
USR-0103,CNT-0370,like,177,2025-03-16T07:05:35
USR-0516,CNT-0413,like,482,2025-03-16T07:07:46
USR-0657,CNT-0107,skip,20,2025-03-16T07:45:45
USR-0465,CNT-0012,view,67,2025-03-16T07:45:59
USR-0298,CNT-0205,like,1869,2025-03-16T07:49:14
USR-0661,CNT-0441,skip,6,2025-03-16T07:51:43
USR-0711,CNT-0300,like,155,2025-03-16T07:55:39
USR-0762,CNT-0005,like,1993,2025-03-16T08:03:48
USR-0309,CNT-0064,view,2162,2025-03-16T08:04:31
USR-0569,CNT-0464,skip,68,2025-03-16T08:08:45
USR-0207,CNT-0455,view,13,2025-03-16T08:11:13
USR-0349,CNT-0075,like,349,2025-03-16T08:30:27
USR-0356,CNT-0154,like,26,2025-03-16T08:34:29
USR-0613,CNT-0231,complete,3514,2025-03-16T08:42:37
USR-0066,CNT-0372,click,409,2025-03-16T08:45:47
USR-0171,CNT-0005,click,1546,2025-03-16T08:48:18
USR-0483,CNT-0306,complete,61,2025-03-16T08:53:10
USR-0117,CNT-0399,view,4099,2025-03-16T08:54:31
USR-0216,CNT-0266,view,2599,2025-03-16T09:00:39
USR-0428,CNT-0163,complete,5271,2025-03-16T09:03:07
USR-0335,CNT-0332,skip,194,2025-03-16T09:04:47
USR-0194,CNT-0433,skip,2,2025-03-16T09:15:53
USR-0405,CNT-0462,view,1659,2025-03-16T09:24:31
USR-0765,CNT-0295,view,9,2025-03-16T09:48:07
USR-0912,CNT-0305,view,828,2025-03-16T09:57:49
USR-0676,CNT-0353,click,2954,2025-03-16T09:59:15
USR-0384,CNT-0262,like,2173,2025-03-16T10:05:56
USR-0205,CNT-0173,view,482,2025-03-16T10:08:45
USR-0242,CNT-0322,view,276,2025-03-16T10:08:59
USR-0648,CNT-0099,click,443,2025-03-16T10:31:18
USR-0985,CNT-0195,view,54,2025-03-16T10:42:10
USR-0612,CNT-0406,like,1031,2025-03-16T10:45:02
USR-0257,CNT-0084,view,1,2025-03-16T10:45:20
USR-0219,CNT-0463,view,329,2025-03-16T11:08:53
USR-0363,CNT-0341,view,58,2025-03-16T11:21:10
USR-0377,CNT-0105,view,21,2025-03-16T11:23:11
USR-0025,CNT-0335,like,2991,2025-03-16T11:29:01
USR-0110,CNT-0132,view,92,2025-03-16T11:29:33
USR-0623,CNT-0217,like,385,2025-03-16T11:31:29
USR-0158,CNT-0259,click,158,2025-03-16T11:32:46
USR-0826,CNT-0458,view,1845,2025-03-16T11:34:18
USR-0760,CNT-0150,view,1830,2025-03-16T11:41:22
USR-0145,CNT-0110,complete,795,2025-03-16T11:53:58
USR-0005,CNT-0322,skip,70,2025-03-16T11:57:11
USR-0179,CNT-0296,click,177,2025-03-16T11:58:10
USR-0910,CNT-0406,skip,251,2025-03-16T11:58:20
USR-0741,CNT-0435,skip,3,2025-03-16T12:11:28
USR-0339,CNT-0399,click,3561,2025-03-16T12:27:04
USR-0149,CNT-0049,complete,351,2025-03-16T12:29:13
USR-0311,CNT-0097,like,1192,2025-03-16T12:30:45
USR-0900,CNT-0499,view,236,2025-03-16T12:43:05
USR-0897,CNT-0148,like,699,2025-03-16T12:46:41
USR-0076,CNT-0430,skip,124,2025-03-16T12:56:15
USR-0994,CNT-0303,view,182,2025-03-16T13:12:21
USR-0551,CNT-0454,like,315,2025-03-16T13:34:56
USR-0779,CNT-0340,skip,74,2025-03-16T13:37:26
USR-0471,CNT-0055,complete,218,2025-03-16T13:40:41
USR-0644,CNT-0228,skip,143,2025-03-16T14:03:45
USR-0937,CNT-0345,like,160,2025-03-16T14:05:02
USR-0351,CNT-0268,view,3913,2025-03-16T14:06:58
USR-0973,CNT-0068,like,89,2025-03-16T14:10:34
USR-0379,CNT-0357,complete,2302,2025-03-16T14:17:27
USR-0643,CNT-0217,complete,541,2025-03-16T14:27:14
USR-0557,CNT-0016,complete,849,2025-03-16T14:30:50
USR-0938,CNT-0361,complete,4334,2025-03-16T14:37:04
USR-0768,CNT-0297,complete,1577,2025-03-16T14:45:45
USR-0126,CNT-0414,like,119,2025-03-16T14:53:23
USR-0120,CNT-0034,complete,617,2025-03-16T14:58:45
USR-0869,CNT-0240,view,17,2025-03-16T15:01:42
USR-0291,CNT-0301,click,101,2025-03-16T15:05:31
USR-0844,CNT-0389,view,72,2025-03-16T15:10:34
USR-0391,CNT-0005,view,1587,2025-03-16T15:11:24
USR-0125,CNT-0231,view,3411,2025-03-16T15:16:23
USR-0121,CNT-0024,skip,29,2025-03-16T15:18:59
USR-0317,CNT-0156,skip,792,2025-03-16T15:25:09
USR-0976,CNT-0342,complete,2290,2025-03-16T15:29:37
USR-0955,CNT-0271,view,533,2025-03-16T15:34:52
USR-0017,CNT-0266,complete,2748,2025-03-16T15:40:07
USR-0061,CNT-0087,click,520,2025-03-16T15:52:03
USR-0438,CNT-0201,view,3923,2025-03-16T15:53:14
USR-0961,CNT-0277,click,72,2025-03-16T15:55:43
USR-0696,CNT-0338,complete,189,2025-03-16T15:57:58
USR-0586,CNT-0168,click,131,2025-03-16T16:08:28
USR-0165,CNT-0106,view,566,2025-03-16T16:13:42
USR-0445,CNT-0003,view,486,2025-03-16T16:15:55
USR-0857,CNT-0080,view,69,2025-03-16T16:23:20
USR-0309,CNT-0108,like,63,2025-03-16T16:27:27
USR-0531,CNT-0376,skip,8,2025-03-16T16:34:30
USR-0706,CNT-0211,complete,164,2025-03-16T16:44:50
USR-0895,CNT-0261,skip,36,2025-03-16T17:01:17
USR-0763,CNT-0195,skip,263,2025-03-16T17:02:11
USR-0016,CNT-0467,like,966,2025-03-16T17:15:04
USR-0974,CNT-0130,complete,38,2025-03-16T17:16:36
USR-0677,CNT-0443,click,1639,2025-03-16T17:34:22
USR-0651,CNT-0416,like,59,2025-03-16T17:39:17
USR-0783,CNT-0017,view,1214,2025-03-16T17:45:03
USR-0914,CNT-0123,view,70,2025-03-16T17:51:27
USR-0141,CNT-0004,view,3557,2025-03-16T18:12:33
USR-0457,CNT-0311,like,4192,2025-03-16T18:16:07
USR-0328,CNT-0069,skip,883,2025-03-16T18:16:47
USR-0096,CNT-0040,click,40,2025-03-16T18:18:18
USR-0734,CNT-0367,complete,714,2025-03-16T18:24:26
USR-0085,CNT-0131,click,552,2025-03-16T18:26:04
USR-0660,CNT-0021,skip,109,2025-03-16T18:31:12
USR-0811,CNT-0045,complete,190,2025-03-16T18:32:07
USR-0699,CNT-0208,view,596,2025-03-16T18:35:02
USR-0326,CNT-0250,like,237,2025-03-16T18:57:56
USR-0103,CNT-0430,complete,505,2025-03-16T18:59:10
USR-0813,CNT-0183,like,4415,2025-03-16T19:04:09
USR-0987,CNT-0376,click,46,2025-03-16T19:04:50
USR-0861,CNT-0126,skip,96,2025-03-16T19:08:33
USR-0412,CNT-0358,like,36,2025-03-16T19:11:42
USR-0973,CNT-0011,view,855,2025-03-16T19:12:44
USR-0784,CNT-0454,view,559,2025-03-16T19:13:41
USR-0792,CNT-0361,view,4822,2025-03-16T19:23:19
USR-0388,CNT-0169,view,18,2025-03-16T19:35:17
USR-0300,CNT-0384,view,764,2025-03-16T19:39:01
USR-0377,CNT-0353,view,2754,2025-03-16T19:39:54
USR-0681,CNT-0314,view,1648,2025-03-16T19:44:45
USR-0357,CNT-0085,skip,954,2025-03-16T19:57:55
USR-0625,CNT-0200,click,1176,2025-03-16T20:11:37
USR-0139,CNT-0282,like,357,2025-03-16T20:13:18
USR-0930,CNT-0099,view,39,2025-03-16T20:14:01
USR-0230,CNT-0229,complete,419,2025-03-16T20:20:37
USR-0755,CNT-0098,like,918,2025-03-16T20:22:13
USR-0720,CNT-0204,skip,57,2025-03-16T20:22:54
USR-0840,CNT-0288,view,830,2025-03-16T20:43:14
USR-0511,CNT-0261,view,625,2025-03-16T20:49:13
USR-0693,CNT-0387,complete,322,2025-03-16T20:52:45
USR-0195,CNT-0424,complete,416,2025-03-16T21:12:53
USR-0020,CNT-0008,skip,333,2025-03-16T21:15:08
USR-0594,CNT-0071,click,37,2025-03-16T21:18:55
USR-0906,CNT-0282,complete,1143,2025-03-16T21:19:44
USR-0699,CNT-0474,view,511,2025-03-16T21:21:02
USR-0862,CNT-0407,complete,152,2025-03-16T21:22:59
USR-0005,CNT-0264,view,992,2025-03-16T21:31:38
USR-0544,CNT-0094,view,351,2025-03-16T21:40:57
USR-0917,CNT-0316,skip,256,2025-03-16T21:50:10
USR-0671,CNT-0350,like,42,2025-03-16T22:05:45
USR-0806,CNT-0139,skip,189,2025-03-16T22:11:44
USR-0213,CNT-0270,view,119,2025-03-16T22:12:28
USR-0011,CNT-0154,view,184,2025-03-16T22:38:28
USR-0519,CNT-0009,complete,4536,2025-03-16T22:53:40
USR-0027,CNT-0357,complete,2345,2025-03-16T22:53:49
USR-0327,CNT-0186,view,1841,2025-03-16T23:06:35
USR-0544,CNT-0398,skip,8,2025-03-16T23:07:30
USR-0734,CNT-0427,skip,131,2025-03-16T23:17:31
USR-0649,CNT-0290,like,3614,2025-03-16T23:23:41
USR-0923,CNT-0112,view,3830,2025-03-16T23:39:18
USR-0168,CNT-0221,view,111,2025-03-16T23:41:42
USR-0619,CNT-0330,complete,3949,2025-03-16T23:44:39
USR-0065,CNT-0241,complete,2252,2025-03-16T23:49:19
USR-0629,CNT-0408,complete,183,2025-03-16T23:52:58
USR-0383,CNT-0089,complete,53,2025-03-16T23:55:46
USR-0192,CNT-0286,view,1033,2025-03-16T23:59:35
USR-0222,CNT-0146,click,305,2025-03-17T00:05:26
USR-0609,CNT-0474,click,1094,2025-03-17T00:13:14
USR-0871,CNT-0233,view,1876,2025-03-17T00:15:10
USR-0316,CNT-0178,view,129,2025-03-17T00:17:05
USR-0576,CNT-0080,skip,6,2025-03-17T00:19:24
USR-0913,CNT-0369,complete,3439,2025-03-17T00:22:37
USR-0490,CNT-0326,complete,1052,2025-03-17T00:23:27
USR-0452,CNT-0418,click,133,2025-03-17T00:52:34
USR-0450,CNT-0073,skip,572,2025-03-17T01:14:07
USR-0801,CNT-0039,skip,100,2025-03-17T01:19:09
USR-0343,CNT-0375,complete,458,2025-03-17T01:24:16
USR-0570,CNT-0254,skip,768,2025-03-17T01:30:56
USR-0765,CNT-0109,like,45,2025-03-17T01:46:33
USR-0132,CNT-0149,complete,166,2025-03-17T01:49:38
USR-0185,CNT-0331,view,1870,2025-03-17T01:51:23
USR-0258,CNT-0004,complete,4357,2025-03-17T01:55:54
USR-0395,CNT-0042,complete,568,2025-03-17T01:57:16
USR-0376,CNT-0214,view,2920,2025-03-17T01:58:54
USR-0749,CNT-0055,skip,47,2025-03-17T02:04:33
USR-0419,CNT-0196,view,135,2025-03-17T02:10:53
USR-0646,CNT-0481,complete,4368,2025-03-17T02:15:47
USR-0741,CNT-0028,view,2652,2025-03-17T02:19:49
USR-0045,CNT-0220,view,80,2025-03-17T02:25:26
USR-0643,CNT-0448,complete,44,2025-03-17T02:26:03
USR-0953,CNT-0325,click,649,2025-03-17T02:32:14
USR-0294,CNT-0370,click,484,2025-03-17T02:38:18
USR-0065,CNT-0483,like,1030,2025-03-17T02:40:30
USR-0195,CNT-0137,click,311,2025-03-17T02:47:53
USR-0489,CNT-0171,view,403,2025-03-17T03:12:16
USR-0062,CNT-0088,click,133,2025-03-17T03:14:21
USR-0646,CNT-0442,skip,11,2025-03-17T03:16:09
USR-0295,CNT-0125,view,1077,2025-03-17T03:32:43
USR-0883,CNT-0411,like,691,2025-03-17T03:36:35
USR-0569,CNT-0323,complete,4432,2025-03-17T03:56:59
USR-0219,CNT-0164,view,2462,2025-03-17T04:01:46
USR-0669,CNT-0349,view,3886,2025-03-17T04:14:33
USR-0873,CNT-0322,view,534,2025-03-17T04:20:19
USR-0224,CNT-0387,view,279,2025-03-17T04:26:47
USR-0026,CNT-0294,skip,5,2025-03-17T04:29:42
USR-0649,CNT-0431,view,419,2025-03-17T04:31:26
USR-0928,CNT-0329,view,1916,2025-03-17T04:33:44
USR-0725,CNT-0497,skip,3,2025-03-17T04:35:30
USR-0739,CNT-0174,skip,1,2025-03-17T04:36:13
USR-0768,CNT-0484,click,32,2025-03-17T04:38:18
USR-0440,CNT-0299,click,30,2025-03-17T04:40:46
USR-0920,CNT-0238,skip,5,2025-03-17T04:46:34
USR-0380,CNT-0136,view,112,2025-03-17T04:47:23
USR-0764,CNT-0145,view,665,2025-03-17T04:55:53
USR-0342,CNT-0422,view,131,2025-03-17T04:59:31
USR-0449,CNT-0280,click,97,2025-03-17T05:07:07
USR-0205,CNT-0161,complete,1427,2025-03-17T05:07:07
USR-0807,CNT-0118,view,943,2025-03-17T05:08:13
USR-0100,CNT-0335,like,800,2025-03-17T05:17:40
USR-0625,CNT-0116,complete,51,2025-03-17T05:21:36
USR-0759,CNT-0344,complete,893,2025-03-17T05:24:32
USR-0306,CNT-0248,complete,96,2025-03-17T05:24:42
USR-0615,CNT-0303,like,113,2025-03-17T05:40:45
USR-0545,CNT-0352,view,3906,2025-03-17T05:45:09
USR-0844,CNT-0112,like,5180,2025-03-17T05:48:28
USR-0471,CNT-0017,view,2301,2025-03-17T05:53:01
USR-0261,CNT-0072,skip,37,2025-03-17T06:05:08
USR-0235,CNT-0458,skip,655,2025-03-17T06:19:15
USR-0038,CNT-0032,like,281,2025-03-17T06:23:29
USR-0247,CNT-0215,like,241,2025-03-17T06:32:25
USR-0675,CNT-0087,skip,129,2025-03-17T06:48:29
USR-0103,CNT-0371,like,56,2025-03-17T06:53:09
USR-0139,CNT-0314,click,200,2025-03-17T06:54:16
USR-0040,CNT-0196,skip,38,2025-03-17T06:57:33
USR-0495,CNT-0215,complete,342,2025-03-17T06:59:54
USR-0983,CNT-0335,click,4433,2025-03-17T07:02:09
USR-0034,CNT-0499,click,132,2025-03-17T07:11:04
USR-0826,CNT-0044,view,304,2025-03-17T07:15:35
USR-0205,CNT-0385,like,2424,2025-03-17T07:18:03
USR-0894,CNT-0003,complete,3831,2025-03-17T07:19:33
USR-0109,CNT-0395,complete,65,2025-03-17T07:25:04
USR-0342,CNT-0247,view,74,2025-03-17T07:37:38
USR-0011,CNT-0425,complete,641,2025-03-17T07:38:09
USR-0427,CNT-0111,like,28,2025-03-17T07:41:27
USR-0350,CNT-0329,click,2509,2025-03-17T07:49:29
USR-0611,CNT-0474,like,768,2025-03-17T07:51:39
USR-0399,CNT-0401,click,65,2025-03-17T07:53:23
USR-0450,CNT-0442,complete,283,2025-03-17T07:56:14
USR-0358,CNT-0040,view,44,2025-03-17T07:59:02
USR-0860,CNT-0124,view,179,2025-03-17T08:16:19
USR-0857,CNT-0413,view,208,2025-03-17T08:16:46
USR-0773,CNT-0290,view,2971,2025-03-17T08:25:30
USR-0011,CNT-0401,view,16,2025-03-17T08:28:33
USR-0331,CNT-0265,view,279,2025-03-17T08:46:32
USR-0847,CNT-0492,complete,3578,2025-03-17T09:15:20
USR-0667,CNT-0151,view,2107,2025-03-17T09:19:37
USR-0336,CNT-0316,click,527,2025-03-17T09:24:11
USR-0885,CNT-0411,view,377,2025-03-17T09:27:31
USR-0555,CNT-0423,complete,3339,2025-03-17T09:27:50
USR-0048,CNT-0089,complete,52,2025-03-17T09:40:40
USR-0467,CNT-0329,like,1234,2025-03-17T09:43:21
USR-0559,CNT-0450,view,1229,2025-03-17T10:04:07
USR-0204,CNT-0058,view,541,2025-03-17T10:16:22
USR-0865,CNT-0210,like,67,2025-03-17T10:24:36
USR-0466,CNT-0055,click,78,2025-03-17T10:28:29
USR-0198,CNT-0345,view,347,2025-03-17T10:44:31
USR-0458,CNT-0442,click,17,2025-03-17T11:14:36
USR-0636,CNT-0083,skip,28,2025-03-17T11:16:28
USR-0941,CNT-0352,complete,4747,2025-03-17T11:46:18
USR-0247,CNT-0175,view,2069,2025-03-17T11:47:37
USR-0553,CNT-0268,click,2096,2025-03-17T12:08:05
USR-0709,CNT-0495,like,91,2025-03-17T12:14:38
USR-0256,CNT-0055,view,242,2025-03-17T12:16:52
USR-0301,CNT-0171,view,533,2025-03-17T12:32:00
USR-0625,CNT-0285,skip,47,2025-03-17T12:33:50
USR-0609,CNT-0170,view,23,2025-03-17T12:51:54
USR-0185,CNT-0123,complete,629,2025-03-17T12:56:23
USR-0400,CNT-0035,like,17,2025-03-17T12:59:11
USR-0784,CNT-0334,complete,99,2025-03-17T13:07:14
USR-0822,CNT-0315,view,867,2025-03-17T13:12:50
USR-0997,CNT-0487,complete,2638,2025-03-17T13:14:29
USR-0165,CNT-0358,view,199,2025-03-17T13:18:35
USR-0482,CNT-0228,skip,74,2025-03-17T13:29:41
USR-0737,CNT-0345,like,573,2025-03-17T13:46:21
USR-0215,CNT-0485,view,40,2025-03-17T14:01:26
USR-0610,CNT-0447,view,2327,2025-03-17T14:15:44
USR-0934,CNT-0167,complete,1153,2025-03-17T14:22:43
USR-0580,CNT-0154,click,78,2025-03-17T14:26:55
USR-0891,CNT-0405,complete,27,2025-03-17T14:31:00
USR-0116,CNT-0270,view,150,2025-03-17T14:34:11
USR-0972,CNT-0192,click,23,2025-03-17T14:36:57
USR-0113,CNT-0279,skip,216,2025-03-17T14:41:22
USR-0340,CNT-0197,complete,2342,2025-03-17T14:45:17
USR-0270,CNT-0060,view,6,2025-03-17T14:49:54
USR-0082,CNT-0062,skip,768,2025-03-17T14:53:53
USR-0860,CNT-0278,complete,203,2025-03-17T15:05:25
USR-0230,CNT-0171,click,109,2025-03-17T15:16:23
USR-0271,CNT-0280,view,15,2025-03-17T15:19:44
USR-0733,CNT-0469,complete,704,2025-03-17T15:32:02
USR-0605,CNT-0278,view,158,2025-03-17T15:34:54
USR-0024,CNT-0392,like,342,2025-03-17T15:42:55
USR-0182,CNT-0351,click,504,2025-03-17T15:43:50
USR-0259,CNT-0116,view,33,2025-03-17T15:47:39
USR-0811,CNT-0102,like,1151,2025-03-17T15:54:55
USR-0725,CNT-0376,like,33,2025-03-17T16:01:07
USR-0229,CNT-0143,skip,383,2025-03-17T16:01:16
USR-0713,CNT-0055,click,194,2025-03-17T16:02:42
USR-0475,CNT-0224,view,1859,2025-03-17T16:08:33
USR-0448,CNT-0311,view,1210,2025-03-17T16:16:30
USR-0027,CNT-0276,complete,134,2025-03-17T16:16:51
USR-0353,CNT-0295,view,18,2025-03-17T16:17:00
USR-0262,CNT-0235,complete,877,2025-03-17T16:24:24
USR-0446,CNT-0318,complete,832,2025-03-17T16:54:59
USR-0874,CNT-0479,click,326,2025-03-17T16:59:33
USR-0069,CNT-0328,complete,83,2025-03-17T17:01:33
USR-0908,CNT-0405,view,30,2025-03-17T17:14:03
USR-0495,CNT-0072,click,15,2025-03-17T17:18:16
USR-0193,CNT-0188,view,560,2025-03-17T17:21:52
USR-0656,CNT-0456,skip,42,2025-03-17T17:31:43
USR-0324,CNT-0385,view,3413,2025-03-17T17:36:10
USR-0696,CNT-0114,view,342,2025-03-17T17:55:57
USR-0531,CNT-0334,view,73,2025-03-17T17:55:59
USR-0918,CNT-0269,skip,114,2025-03-17T18:05:54
USR-0711,CNT-0054,skip,109,2025-03-17T18:14:47
USR-0163,CNT-0064,view,1572,2025-03-17T18:29:26
USR-0854,CNT-0258,click,1144,2025-03-17T18:43:25
USR-0775,CNT-0219,view,56,2025-03-17T18:45:00
USR-0069,CNT-0365,like,571,2025-03-17T18:54:08
USR-0927,CNT-0301,view,357,2025-03-17T19:05:00
USR-0653,CNT-0321,view,2458,2025-03-17T19:19:30
USR-0505,CNT-0441,like,30,2025-03-17T19:24:59
USR-0518,CNT-0290,complete,4073,2025-03-17T19:25:37
USR-0923,CNT-0443,view,3756,2025-03-17T19:48:27
USR-0666,CNT-0007,click,547,2025-03-17T19:57:50
USR-0459,CNT-0314,like,3365,2025-03-17T19:59:30
USR-0478,CNT-0261,skip,182,2025-03-17T20:01:18
USR-0667,CNT-0228,view,551,2025-03-17T20:05:54
USR-0762,CNT-0038,complete,544,2025-03-17T20:16:13
USR-0608,CNT-0220,complete,113,2025-03-17T20:23:34
USR-0623,CNT-0321,like,1819,2025-03-17T20:31:19
USR-0531,CNT-0132,skip,6,2025-03-17T20:32:32
USR-0266,CNT-0331,click,1788,2025-03-17T20:32:41
USR-0294,CNT-0278,like,223,2025-03-17T20:37:48
USR-0493,CNT-0305,like,345,2025-03-17T20:40:33
USR-0259,CNT-0002,click,7,2025-03-17T20:46:40
USR-0998,CNT-0126,skip,85,2025-03-17T20:57:22
USR-0019,CNT-0339,complete,483,2025-03-17T21:01:47
USR-0332,CNT-0362,view,1372,2025-03-17T21:07:11
USR-0720,CNT-0210,skip,521,2025-03-17T21:10:20
USR-0971,CNT-0081,skip,35,2025-03-17T21:21:50
USR-0469,CNT-0479,skip,27,2025-03-17T21:22:55
USR-0284,CNT-0273,skip,35,2025-03-17T21:31:31
USR-0636,CNT-0377,complete,38,2025-03-17T21:32:47
USR-0775,CNT-0074,view,152,2025-03-17T21:33:52
USR-0132,CNT-0291,like,241,2025-03-17T21:42:55
USR-0597,CNT-0487,complete,2445,2025-03-17T21:48:17
USR-0334,CNT-0360,view,312,2025-03-17T22:01:07
USR-0992,CNT-0076,like,172,2025-03-17T22:14:49
USR-0328,CNT-0140,like,1022,2025-03-17T22:18:15
USR-0449,CNT-0153,click,1107,2025-03-17T22:26:38
USR-0871,CNT-0066,complete,710,2025-03-17T22:27:02
USR-0711,CNT-0495,view,254,2025-03-17T22:35:24
USR-0291,CNT-0245,click,154,2025-03-17T22:36:12
USR-0630,CNT-0170,click,81,2025-03-17T22:39:54
USR-0624,CNT-0016,view,877,2025-03-17T22:43:45
USR-0181,CNT-0349,view,3980,2025-03-17T22:44:12
USR-0132,CNT-0178,view,598,2025-03-17T22:52:44
USR-0358,CNT-0314,skip,67,2025-03-17T23:08:32
USR-0257,CNT-0043,view,4438,2025-03-17T23:12:25
USR-0679,CNT-0232,view,67,2025-03-17T23:12:26
USR-0549,CNT-0269,view,32,2025-03-17T23:14:45
USR-0400,CNT-0265,click,253,2025-03-17T23:15:06
USR-0116,CNT-0427,click,285,2025-03-17T23:24:11
USR-0675,CNT-0219,complete,152,2025-03-17T23:25:18
USR-0813,CNT-0076,complete,632,2025-03-17T23:28:17
USR-0891,CNT-0093,view,74,2025-03-17T23:30:22
USR-0388,CNT-0150,complete,1923,2025-03-17T23:31:29
USR-0483,CNT-0302,view,3,2025-03-17T23:49:49
USR-0806,CNT-0114,view,150,2025-03-18T00:04:46
USR-0078,CNT-0398,skip,41,2025-03-18T00:06:20
USR-0457,CNT-0049,like,104,2025-03-18T00:14:46
USR-0624,CNT-0025,skip,290,2025-03-18T00:15:52
USR-0755,CNT-0016,skip,135,2025-03-18T00:22:33
USR-0083,CNT-0450,skip,392,2025-03-18T00:30:36
USR-0293,CNT-0195,view,609,2025-03-18T00:30:56
USR-0765,CNT-0446,view,462,2025-03-18T00:44:03
USR-0509,CNT-0257,skip,53,2025-03-18T00:44:22
USR-0062,CNT-0150,view,1562,2025-03-18T01:02:27
USR-0636,CNT-0040,click,12,2025-03-18T01:03:30
USR-0379,CNT-0125,click,3123,2025-03-18T01:10:21
USR-0340,CNT-0468,complete,1726,2025-03-18T01:19:31
USR-0798,CNT-0479,view,984,2025-03-18T01:30:42
USR-0773,CNT-0084,like,59,2025-03-18T01:33:04
USR-0385,CNT-0206,complete,205,2025-03-18T01:40:51
USR-0604,CNT-0287,view,44,2025-03-18T01:54:40
USR-0778,CNT-0220,view,95,2025-03-18T02:01:51
USR-0237,CNT-0162,skip,60,2025-03-18T02:40:08
USR-0502,CNT-0115,view,404,2025-03-18T02:50:31
USR-0392,CNT-0068,view,666,2025-03-18T02:59:07
USR-0385,CNT-0154,skip,54,2025-03-18T03:07:58
USR-0636,CNT-0035,skip,11,2025-03-18T03:12:28
USR-0871,CNT-0148,view,223,2025-03-18T03:13:13
USR-0204,CNT-0464,like,276,2025-03-18T03:18:01
USR-0702,CNT-0455,like,0,2025-03-18T03:21:23
USR-0523,CNT-0005,view,1836,2025-03-18T03:37:08
USR-0532,CNT-0171,view,726,2025-03-18T03:42:44
USR-0251,CNT-0125,like,3546,2025-03-18T03:43:34
USR-0587,CNT-0274,skip,1006,2025-03-18T03:46:18
USR-0433,CNT-0020,skip,15,2025-03-18T04:32:21
USR-0072,CNT-0328,like,62,2025-03-18T04:34:56
USR-0402,CNT-0187,complete,119,2025-03-18T04:42:28
USR-0124,CNT-0270,like,348,2025-03-18T04:54:59
USR-0555,CNT-0146,click,86,2025-03-18T04:56:20
USR-0841,CNT-0223,view,2432,2025-03-18T04:56:21
USR-0510,CNT-0326,skip,51,2025-03-18T05:05:18
USR-0347,CNT-0274,skip,930,2025-03-18T05:23:28
USR-0678,CNT-0021,view,174,2025-03-18T05:30:30
USR-0155,CNT-0307,view,26,2025-03-18T05:31:35
USR-0001,CNT-0034,view,290,2025-03-18T05:47:45
USR-0447,CNT-0213,skip,415,2025-03-18T06:04:19
USR-0143,CNT-0426,complete,1959,2025-03-18T06:06:23
USR-0986,CNT-0355,view,404,2025-03-18T06:10:06
USR-0909,CNT-0221,skip,96,2025-03-18T06:30:12
USR-0870,CNT-0003,click,237,2025-03-18T06:30:27
USR-0615,CNT-0453,view,576,2025-03-18T06:45:07
USR-0240,CNT-0453,view,412,2025-03-18T06:58:06
USR-0700,CNT-0443,view,750,2025-03-18T06:59:09
USR-0574,CNT-0468,like,1353,2025-03-18T07:05:02
USR-0980,CNT-0026,view,406,2025-03-18T07:05:06
USR-0091,CNT-0137,view,221,2025-03-18T07:07:03
USR-0537,CNT-0196,click,187,2025-03-18T07:09:12
USR-0039,CNT-0130,skip,1,2025-03-18T07:28:26
USR-0250,CNT-0047,like,646,2025-03-18T07:32:11
USR-0066,CNT-0421,skip,31,2025-03-18T07:55:23
USR-0582,CNT-0134,skip,173,2025-03-18T07:58:09
USR-0617,CNT-0430,like,363,2025-03-18T08:43:54
USR-0432,CNT-0050,view,309,2025-03-18T08:59:08
USR-0457,CNT-0353,view,4020,2025-03-18T09:00:12
USR-0080,CNT-0304,complete,873,2025-03-18T09:00:42
USR-0959,CNT-0279,complete,3006,2025-03-18T09:16:36
USR-0618,CNT-0203,view,26,2025-03-18T09:23:22
USR-0893,CNT-0459,like,487,2025-03-18T09:23:28
USR-0344,CNT-0013,click,1975,2025-03-18T09:28:30
USR-0094,CNT-0239,click,59,2025-03-18T09:35:28
USR-0184,CNT-0066,complete,728,2025-03-18T09:37:45
USR-0983,CNT-0103,like,426,2025-03-18T09:38:37
USR-0469,CNT-0453,like,441,2025-03-18T09:46:25
USR-0899,CNT-0160,view,329,2025-03-18T09:46:30
USR-0367,CNT-0252,view,1575,2025-03-18T09:52:09
USR-0767,CNT-0395,view,29,2025-03-18T09:57:04
USR-0718,CNT-0328,complete,75,2025-03-18T09:59:08
USR-0496,CNT-0408,view,144,2025-03-18T09:59:30
USR-0477,CNT-0139,like,1364,2025-03-18T09:59:36
USR-0082,CNT-0207,click,856,2025-03-18T10:29:17
USR-0564,CNT-0475,skip,8,2025-03-18T10:55:26
USR-0715,CNT-0031,skip,55,2025-03-18T11:00:40
USR-0123,CNT-0032,click,370,2025-03-18T11:01:58
USR-0128,CNT-0272,click,894,2025-03-18T11:02:37
USR-0428,CNT-0330,complete,3908,2025-03-18T11:02:48
USR-0559,CNT-0057,view,541,2025-03-18T11:03:52
USR-0271,CNT-0304,like,53,2025-03-18T11:04:12
USR-0783,CNT-0438,complete,511,2025-03-18T11:05:15
USR-0700,CNT-0458,click,1834,2025-03-18T11:08:13
USR-0183,CNT-0127,click,12,2025-03-18T11:12:18
USR-0163,CNT-0249,like,167,2025-03-18T11:14:39
USR-0070,CNT-0398,click,27,2025-03-18T11:15:34
USR-0157,CNT-0422,complete,293,2025-03-18T11:18:05
USR-0609,CNT-0285,click,17,2025-03-18T11:20:23
USR-0391,CNT-0361,click,990,2025-03-18T11:23:06
USR-0654,CNT-0269,like,43,2025-03-18T11:46:27
USR-0484,CNT-0124,view,209,2025-03-18T11:50:37
USR-0008,CNT-0093,click,82,2025-03-18T11:52:56
USR-0517,CNT-0095,like,136,2025-03-18T12:08:24
USR-0437,CNT-0068,like,698,2025-03-18T12:23:15
USR-0380,CNT-0381,view,1420,2025-03-18T12:39:17
USR-0282,CNT-0006,click,227,2025-03-18T12:40:18
USR-0769,CNT-0191,complete,701,2025-03-18T12:47:28
USR-0610,CNT-0103,like,899,2025-03-18T12:53:26
USR-0302,CNT-0264,view,1472,2025-03-18T12:55:39
USR-0635,CNT-0201,skip,405,2025-03-18T13:04:00
USR-0285,CNT-0457,click,302,2025-03-18T13:13:48
USR-0546,CNT-0036,view,143,2025-03-18T13:18:54
USR-0110,CNT-0074,view,142,2025-03-18T13:28:56
USR-0439,CNT-0105,view,17,2025-03-18T13:36:47
USR-0333,CNT-0366,view,190,2025-03-18T13:38:00
USR-0298,CNT-0431,view,412,2025-03-18T13:42:31
USR-0606,CNT-0308,view,346,2025-03-18T13:53:22
USR-0935,CNT-0166,view,169,2025-03-18T13:59:15
USR-0826,CNT-0283,like,61,2025-03-18T14:07:17
USR-0020,CNT-0133,click,17,2025-03-18T14:07:46
USR-0175,CNT-0254,like,2096,2025-03-18T14:11:58
USR-0051,CNT-0383,like,252,2025-03-18T14:28:12
USR-0046,CNT-0260,like,23,2025-03-18T14:29:23
USR-0226,CNT-0259,like,794,2025-03-18T14:29:59
USR-0685,CNT-0327,skip,45,2025-03-18T14:30:11
USR-0628,CNT-0037,click,1235,2025-03-18T14:33:04
USR-0123,CNT-0466,complete,291,2025-03-18T14:55:15
USR-0463,CNT-0492,complete,3676,2025-03-18T14:57:47
USR-0970,CNT-0295,skip,7,2025-03-18T15:08:53
USR-0638,CNT-0477,view,855,2025-03-18T15:13:36
USR-0325,CNT-0432,skip,416,2025-03-18T15:14:34
USR-0433,CNT-0269,like,605,2025-03-18T15:17:30
USR-0919,CNT-0091,like,15,2025-03-18T15:19:21
USR-0849,CNT-0281,like,4130,2025-03-18T15:23:10
USR-0691,CNT-0027,view,166,2025-03-18T15:28:14
USR-0192,CNT-0147,view,765,2025-03-18T15:37:36
USR-0805,CNT-0405,like,21,2025-03-18T15:45:08
USR-0631,CNT-0295,complete,73,2025-03-18T15:52:22
USR-0233,CNT-0303,complete,572,2025-03-18T15:54:04
USR-0075,CNT-0317,skip,111,2025-03-18T15:54:58
USR-0164,CNT-0031,view,639,2025-03-18T16:03:41
USR-0427,CNT-0163,view,1785,2025-03-18T16:12:43
USR-0065,CNT-0255,skip,293,2025-03-18T16:15:32
USR-0514,CNT-0383,skip,56,2025-03-18T16:18:14
USR-0117,CNT-0489,click,3564,2025-03-18T16:18:52
USR-0520,CNT-0073,view,193,2025-03-18T16:29:56
USR-0791,CNT-0072,skip,11,2025-03-18T16:30:15
USR-0870,CNT-0206,like,5,2025-03-18T16:47:42
USR-0498,CNT-0434,complete,27,2025-03-18T16:50:13
USR-0825,CNT-0484,skip,20,2025-03-18T16:51:07
USR-0883,CNT-0017,complete,2386,2025-03-18T16:52:32
USR-0941,CNT-0363,click,1707,2025-03-18T16:55:28
USR-0239,CNT-0395,view,8,2025-03-18T17:02:47
USR-0559,CNT-0202,skip,276,2025-03-18T17:04:57
USR-0886,CNT-0482,view,1137,2025-03-18T17:09:02
USR-0305,CNT-0123,like,620,2025-03-18T17:16:47
USR-0763,CNT-0342,click,1905,2025-03-18T17:27:57
USR-0515,CNT-0348,like,22,2025-03-18T17:34:22
USR-0723,CNT-0066,view,761,2025-03-18T17:37:20
USR-0954,CNT-0247,view,738,2025-03-18T17:44:00
USR-0984,CNT-0242,view,534,2025-03-18T17:45:23
USR-0160,CNT-0037,like,1967,2025-03-18T17:47:04
USR-0491,CNT-0248,view,84,2025-03-18T17:52:39
USR-0108,CNT-0084,like,29,2025-03-18T17:58:43
USR-0990,CNT-0397,complete,857,2025-03-18T17:59:00
USR-0523,CNT-0481,complete,3588,2025-03-18T18:00:27
USR-0720,CNT-0155,view,398,2025-03-18T18:04:25
USR-0412,CNT-0341,view,25,2025-03-18T18:12:02
USR-0157,CNT-0469,view,344,2025-03-18T18:18:04
USR-0801,CNT-0180,like,11,2025-03-18T18:25:44
USR-0807,CNT-0236,skip,1,2025-03-18T18:30:03
USR-0070,CNT-0238,like,515,2025-03-18T18:53:45
USR-0103,CNT-0229,view,423,2025-03-18T19:08:37
USR-0250,CNT-0454,view,102,2025-03-18T19:17:07
USR-0343,CNT-0091,complete,32,2025-03-18T19:21:30
USR-0087,CNT-0369,view,1937,2025-03-18T19:21:45
USR-0335,CNT-0423,view,874,2025-03-18T19:29:23
USR-0218,CNT-0359,like,187,2025-03-18T19:35:36
USR-0737,CNT-0427,click,113,2025-03-18T19:56:42
USR-0247,CNT-0411,skip,225,2025-03-18T20:02:36
USR-0183,CNT-0028,view,1019,2025-03-18T20:13:10
USR-0524,CNT-0440,like,2215,2025-03-18T20:14:35
USR-0062,CNT-0033,like,137,2025-03-18T20:15:00
USR-0210,CNT-0272,skip,123,2025-03-18T20:33:52
USR-0764,CNT-0107,skip,18,2025-03-18T20:48:40
USR-0959,CNT-0236,like,7,2025-03-18T20:49:58
USR-0087,CNT-0169,view,31,2025-03-18T20:58:25
USR-0827,CNT-0372,view,69,2025-03-18T21:02:38
USR-0463,CNT-0293,complete,1743,2025-03-18T21:10:08
USR-0577,CNT-0434,click,31,2025-03-18T21:24:33
USR-0072,CNT-0462,like,1052,2025-03-18T21:30:52
USR-0674,CNT-0377,view,38,2025-03-18T21:35:20
USR-0982,CNT-0444,complete,129,2025-03-18T21:40:02
USR-0757,CNT-0485,like,76,2025-03-18T21:57:15
USR-0872,CNT-0414,view,208,2025-03-18T22:08:27
USR-0829,CNT-0313,like,4,2025-03-18T22:16:51
USR-0941,CNT-0214,skip,728,2025-03-18T22:18:06
USR-0138,CNT-0126,view,624,2025-03-18T22:22:54
USR-0241,CNT-0020,view,58,2025-03-18T22:26:04
USR-0861,CNT-0328,skip,2,2025-03-18T22:26:52
USR-0628,CNT-0067,complete,3666,2025-03-18T22:43:06
USR-0825,CNT-0294,click,30,2025-03-18T22:54:12
USR-0520,CNT-0050,like,109,2025-03-18T22:56:16
USR-0323,CNT-0065,click,151,2025-03-18T23:05:17
USR-0985,CNT-0282,view,1011,2025-03-18T23:17:59
USR-0965,CNT-0366,view,79,2025-03-18T23:19:21
USR-0939,CNT-0139,skip,55,2025-03-18T23:25:43
USR-0497,CNT-0476,view,60,2025-03-18T23:29:09
USR-0735,CNT-0270,click,371,2025-03-18T23:30:20
USR-0185,CNT-0329,view,694,2025-03-18T23:38:06
USR-0716,CNT-0306,complete,58,2025-03-18T23:43:17
USR-0518,CNT-0040,complete,46,2025-03-18T23:44:38
USR-0022,CNT-0072,complete,128,2025-03-18T23:45:22
USR-0962,CNT-0113,view,1159,2025-03-18T23:45:54
USR-0262,CNT-0449,complete,2553,2025-03-18T23:56:15
USR-0314,CNT-0477,view,1779,2025-03-19T00:13:08
USR-0416,CNT-0241,skip,425,2025-03-19T00:14:14
USR-0577,CNT-0049,view,259,2025-03-19T00:15:05
USR-0806,CNT-0018,click,74,2025-03-19T00:20:57
USR-0459,CNT-0014,skip,122,2025-03-19T00:35:19
USR-0886,CNT-0382,view,1981,2025-03-19T00:39:30
USR-0935,CNT-0355,complete,1399,2025-03-19T00:40:37
USR-0709,CNT-0016,view,272,2025-03-19T00:41:40
USR-0814,CNT-0030,skip,153,2025-03-19T00:48:26
USR-0667,CNT-0048,view,83,2025-03-19T00:49:04
USR-0383,CNT-0033,click,76,2025-03-19T00:52:28
USR-0561,CNT-0263,like,172,2025-03-19T01:12:53
USR-0809,CNT-0068,like,159,2025-03-19T01:13:19
USR-0648,CNT-0183,click,5260,2025-03-19T01:43:29
USR-0101,CNT-0036,view,152,2025-03-19T01:46:08
USR-0551,CNT-0295,view,6,2025-03-19T02:26:04
USR-0837,CNT-0391,complete,201,2025-03-19T02:31:04
USR-0839,CNT-0459,click,58,2025-03-19T03:00:22
USR-0468,CNT-0336,click,55,2025-03-19T03:04:39
USR-0695,CNT-0251,skip,6,2025-03-19T03:17:04
USR-0971,CNT-0150,view,562,2025-03-19T03:21:51
USR-0799,CNT-0473,click,1972,2025-03-19T03:31:39
USR-0420,CNT-0448,complete,52,2025-03-19T03:34:09
USR-0193,CNT-0486,view,275,2025-03-19T03:35:56
USR-0163,CNT-0219,click,93,2025-03-19T03:36:32
USR-0076,CNT-0363,like,1828,2025-03-19T03:44:20
USR-0154,CNT-0493,view,29,2025-03-19T03:45:39
USR-0970,CNT-0240,view,37,2025-03-19T03:48:23
USR-0955,CNT-0342,click,118,2025-03-19T03:54:02
USR-0729,CNT-0041,view,267,2025-03-19T04:14:48
USR-0422,CNT-0258,view,1773,2025-03-19T04:22:32
USR-0015,CNT-0120,click,927,2025-03-19T04:31:07
USR-0190,CNT-0116,like,21,2025-03-19T04:34:01
USR-0261,CNT-0002,view,125,2025-03-19T04:35:34
USR-0981,CNT-0499,view,232,2025-03-19T04:41:31
USR-0264,CNT-0057,complete,1089,2025-03-19T04:45:00
USR-0901,CNT-0310,view,3697,2025-03-19T04:48:22
USR-0689,CNT-0339,skip,31,2025-03-19T04:50:01
USR-0792,CNT-0027,view,1636,2025-03-19T04:51:38
USR-0884,CNT-0159,view,8,2025-03-19T04:51:48
USR-0588,CNT-0329,view,3,2025-03-19T04:52:08
USR-0312,CNT-0305,like,415,2025-03-19T05:05:25
USR-0755,CNT-0134,view,522,2025-03-19T05:10:06
USR-0092,CNT-0050,skip,132,2025-03-19T05:17:31
USR-0329,CNT-0094,skip,247,2025-03-19T05:28:46
USR-0558,CNT-0151,click,3612,2025-03-19T05:47:02
USR-0779,CNT-0120,skip,375,2025-03-19T05:53:37
USR-0548,CNT-0353,view,401,2025-03-19T05:55:52
USR-0477,CNT-0233,view,1173,2025-03-19T06:00:59
USR-0744,CNT-0393,skip,148,2025-03-19T06:15:50
USR-0292,CNT-0081,view,111,2025-03-19T06:26:10
USR-0816,CNT-0339,like,138,2025-03-19T06:36:45
USR-0481,CNT-0115,view,130,2025-03-19T06:43:49
USR-0058,CNT-0184,view,137,2025-03-19T06:46:26
USR-0302,CNT-0049,skip,71,2025-03-19T06:46:46
USR-0571,CNT-0118,skip,402,2025-03-19T06:57:51
USR-0707,CNT-0287,view,42,2025-03-19T06:58:05
USR-0051,CNT-0383,view,25,2025-03-19T07:03:43
USR-0496,CNT-0418,like,91,2025-03-19T07:06:33
USR-0418,CNT-0403,skip,770,2025-03-19T07:16:55
USR-0628,CNT-0399,complete,6241,2025-03-19T07:19:48
USR-0655,CNT-0129,complete,593,2025-03-19T07:31:45
USR-0359,CNT-0416,complete,70,2025-03-19T07:33:24
USR-0238,CNT-0104,view,774,2025-03-19T07:37:22
USR-0618,CNT-0360,skip,45,2025-03-19T08:01:00
USR-0471,CNT-0379,view,14,2025-03-19T08:03:29
USR-0803,CNT-0337,view,112,2025-03-19T08:04:29
USR-0648,CNT-0172,click,93,2025-03-19T08:13:05
USR-0179,CNT-0200,click,478,2025-03-19T08:13:44
USR-0664,CNT-0463,like,1683,2025-03-19T08:17:18
USR-0085,CNT-0061,like,286,2025-03-19T08:25:28
USR-0091,CNT-0397,skip,100,2025-03-19T08:35:39
USR-0614,CNT-0028,like,1372,2025-03-19T08:48:29
USR-0891,CNT-0085,skip,694,2025-03-19T09:07:26
USR-0248,CNT-0036,skip,123,2025-03-19T09:11:16
USR-0727,CNT-0295,view,36,2025-03-19T09:17:20
USR-0970,CNT-0488,like,3036,2025-03-19T09:31:30
USR-0821,CNT-0077,view,1483,2025-03-19T09:37:08
USR-0909,CNT-0257,click,341,2025-03-19T09:38:32
USR-0294,CNT-0462,view,399,2025-03-19T09:49:35
USR-0054,CNT-0197,like,123,2025-03-19T09:54:58
USR-0366,CNT-0261,complete,718,2025-03-19T09:58:21
USR-0797,CNT-0434,view,14,2025-03-19T10:01:33
USR-0512,CNT-0010,complete,6151,2025-03-19T10:05:42
USR-0347,CNT-0126,complete,599,2025-03-19T10:08:10
USR-0438,CNT-0412,view,816,2025-03-19T10:15:01
USR-0465,CNT-0210,skip,737,2025-03-19T10:16:51
USR-0759,CNT-0344,view,168,2025-03-19T10:19:10
USR-0296,CNT-0134,click,187,2025-03-19T10:24:48
USR-0181,CNT-0359,view,414,2025-03-19T10:32:11
USR-0720,CNT-0028,complete,2429,2025-03-19T10:55:15
USR-0596,CNT-0405,click,22,2025-03-19T11:10:00
USR-0437,CNT-0240,click,10,2025-03-19T11:13:05
USR-0828,CNT-0062,complete,3053,2025-03-19T11:19:02
USR-0940,CNT-0141,complete,4282,2025-03-19T11:25:24
USR-0378,CNT-0130,like,36,2025-03-19T11:51:04
USR-0180,CNT-0066,view,780,2025-03-19T11:55:18
USR-0050,CNT-0370,view,246,2025-03-19T11:57:13
USR-0711,CNT-0412,like,279,2025-03-19T11:58:15
USR-0605,CNT-0145,skip,244,2025-03-19T12:12:52
USR-0135,CNT-0326,like,326,2025-03-19T12:21:42
USR-0085,CNT-0041,complete,1403,2025-03-19T12:27:19
USR-0537,CNT-0457,view,48,2025-03-19T12:36:16
USR-0059,CNT-0302,complete,77,2025-03-19T13:03:57
USR-0909,CNT-0185,like,707,2025-03-19T13:06:57
USR-0672,CNT-0197,view,1862,2025-03-19T13:09:12
USR-0919,CNT-0310,skip,885,2025-03-19T13:11:40
USR-0717,CNT-0476,like,19,2025-03-19T13:13:05
USR-0252,CNT-0105,like,20,2025-03-19T13:22:35
USR-0494,CNT-0495,view,322,2025-03-19T13:23:07
USR-0179,CNT-0025,skip,510,2025-03-19T13:33:14
USR-0384,CNT-0128,complete,309,2025-03-19T13:36:14
USR-0991,CNT-0460,view,5424,2025-03-19T13:40:05
USR-0442,CNT-0111,click,9,2025-03-19T13:41:32
USR-0457,CNT-0457,like,75,2025-03-19T13:45:26
USR-0686,CNT-0048,view,56,2025-03-19T13:46:27
USR-0685,CNT-0052,view,51,2025-03-19T13:49:25
USR-0024,CNT-0381,complete,2971,2025-03-19T13:50:06
USR-0997,CNT-0441,skip,17,2025-03-19T13:52:49
USR-0823,CNT-0331,view,2235,2025-03-19T14:14:16
USR-0760,CNT-0237,view,691,2025-03-19T14:17:16
USR-0970,CNT-0259,view,884,2025-03-19T14:17:17
USR-0482,CNT-0277,skip,12,2025-03-19T14:20:44
USR-0130,CNT-0324,skip,10,2025-03-19T14:27:59
USR-0899,CNT-0413,complete,577,2025-03-19T14:31:55
USR-0960,CNT-0471,click,1122,2025-03-19T14:33:07
USR-0606,CNT-0015,view,25,2025-03-19T14:39:14
USR-0229,CNT-0480,complete,746,2025-03-19T14:40:10
USR-0420,CNT-0363,skip,694,2025-03-19T14:43:07
USR-0549,CNT-0008,click,1358,2025-03-19T15:03:08
USR-0641,CNT-0386,skip,53,2025-03-19T15:07:11
USR-0947,CNT-0114,complete,740,2025-03-19T15:10:38
USR-0652,CNT-0338,like,51,2025-03-19T15:15:22
USR-0145,CNT-0093,complete,126,2025-03-19T15:17:52
USR-0589,CNT-0463,skip,445,2025-03-19T15:21:34
USR-0118,CNT-0449,view,2148,2025-03-19T15:25:38
USR-0996,CNT-0450,view,701,2025-03-19T15:27:41
USR-0102,CNT-0443,view,3537,2025-03-19T15:35:59
USR-0944,CNT-0218,view,723,2025-03-19T15:36:55
USR-0460,CNT-0081,skip,11,2025-03-19T15:41:46
USR-0554,CNT-0102,like,2425,2025-03-19T16:03:01
USR-0791,CNT-0227,view,68,2025-03-19T16:05:35
USR-0158,CNT-0134,view,424,2025-03-19T16:06:59
USR-0940,CNT-0334,skip,21,2025-03-19T16:23:09
USR-0440,CNT-0374,view,674,2025-03-19T16:37:15
USR-0567,CNT-0163,view,1335,2025-03-19T16:55:59
USR-0016,CNT-0317,like,932,2025-03-19T17:11:26
USR-0298,CNT-0349,view,4303,2025-03-19T17:16:38
USR-0303,CNT-0439,view,1100,2025-03-19T17:22:06
USR-0372,CNT-0305,view,751,2025-03-19T17:48:12
USR-0721,CNT-0215,view,48,2025-03-19T17:51:14
USR-0630,CNT-0136,like,286,2025-03-19T17:53:53
USR-0027,CNT-0382,like,2358,2025-03-19T18:05:26
USR-0275,CNT-0464,view,621,2025-03-19T18:08:14
USR-0338,CNT-0092,click,376,2025-03-19T18:24:27
USR-0594,CNT-0212,skip,690,2025-03-19T18:27:23
USR-0504,CNT-0459,complete,549,2025-03-19T18:30:42
USR-0727,CNT-0479,complete,922,2025-03-19T18:47:36
USR-0130,CNT-0002,click,11,2025-03-19T18:49:19
USR-0725,CNT-0359,view,131,2025-03-19T19:03:46
USR-0045,CNT-0339,complete,477,2025-03-19T19:08:22
USR-0561,CNT-0375,view,174,2025-03-19T19:11:39
USR-0584,CNT-0420,skip,162,2025-03-19T19:14:59
USR-0983,CNT-0390,complete,2484,2025-03-19T19:17:15
USR-0439,CNT-0339,like,233,2025-03-19T19:17:54
USR-0700,CNT-0010,click,2004,2025-03-19T19:27:22
USR-0632,CNT-0123,view,45,2025-03-19T19:28:08
USR-0309,CNT-0342,view,1017,2025-03-19T19:28:42
USR-0249,CNT-0093,view,63,2025-03-19T19:31:05
USR-0635,CNT-0220,view,20,2025-03-19T19:32:00
USR-0720,CNT-0293,view,678,2025-03-19T19:43:02
USR-0721,CNT-0477,like,3222,2025-03-19T20:06:51
USR-0841,CNT-0287,click,62,2025-03-19T20:08:37
USR-0574,CNT-0017,complete,2143,2025-03-19T20:09:04
USR-0339,CNT-0136,view,260,2025-03-19T20:12:21
USR-0260,CNT-0362,like,964,2025-03-19T20:14:06
USR-0636,CNT-0091,view,36,2025-03-19T20:14:27
USR-0771,CNT-0446,skip,23,2025-03-19T20:15:09
USR-0360,CNT-0315,click,926,2025-03-19T20:16:01
USR-0644,CNT-0292,click,17,2025-03-19T20:19:52
USR-0065,CNT-0150,like,253,2025-03-19T20:30:36
USR-0013,CNT-0380,click,65,2025-03-19T20:32:33
USR-0503,CNT-0124,click,217,2025-03-19T20:37:07
USR-0837,CNT-0403,skip,551,2025-03-19T20:37:48
USR-0315,CNT-0156,complete,2832,2025-03-19T20:41:14
USR-0481,CNT-0337,complete,724,2025-03-19T20:43:48
USR-0512,CNT-0245,skip,38,2025-03-19T20:49:08
USR-0474,CNT-0347,view,589,2025-03-19T20:53:29
USR-0331,CNT-0405,view,13,2025-03-19T20:57:49
USR-0960,CNT-0305,like,533,2025-03-19T21:14:53
USR-0877,CNT-0001,view,73,2025-03-19T21:16:08
USR-0997,CNT-0272,like,894,2025-03-19T21:18:30
USR-0931,CNT-0208,like,2747,2025-03-19T21:22:28
USR-0826,CNT-0489,click,834,2025-03-19T21:23:39
USR-0347,CNT-0346,view,831,2025-03-19T21:34:41
USR-0206,CNT-0366,view,0,2025-03-19T21:39:28
USR-0407,CNT-0003,view,623,2025-03-19T21:42:25
USR-0816,CNT-0260,like,85,2025-03-19T21:54:04
USR-0744,CNT-0378,view,1239,2025-03-19T22:02:21
USR-0524,CNT-0402,skip,150,2025-03-19T22:08:28
USR-0774,CNT-0263,click,60,2025-03-19T22:13:52
USR-0502,CNT-0280,skip,20,2025-03-19T22:17:50
USR-0049,CNT-0473,like,1907,2025-03-19T22:24:23
USR-0434,CNT-0170,skip,14,2025-03-19T22:26:58
USR-0116,CNT-0380,view,171,2025-03-19T22:31:51
USR-0801,CNT-0294,click,23,2025-03-19T22:46:40
USR-0573,CNT-0041,view,239,2025-03-19T22:59:27
USR-0107,CNT-0132,view,41,2025-03-19T23:06:50
USR-0153,CNT-0308,view,1178,2025-03-19T23:19:33
USR-0636,CNT-0457,like,165,2025-03-19T23:35:13
USR-0945,CNT-0290,like,4201,2025-03-19T23:36:36
USR-0994,CNT-0236,complete,37,2025-03-19T23:43:47
USR-0051,CNT-0279,like,41,2025-03-19T23:44:57
USR-0796,CNT-0467,click,1362,2025-03-20T00:08:12
USR-0520,CNT-0034,skip,61,2025-03-20T00:12:14
USR-0703,CNT-0355,like,828,2025-03-20T00:24:28
USR-0712,CNT-0309,view,192,2025-03-20T00:31:47
USR-0124,CNT-0270,click,687,2025-03-20T00:38:53
USR-0811,CNT-0499,click,70,2025-03-20T00:56:19
USR-0001,CNT-0134,skip,186,2025-03-20T00:59:35
USR-0303,CNT-0369,view,245,2025-03-20T01:03:43
USR-0080,CNT-0094,complete,1089,2025-03-20T01:06:29
USR-0747,CNT-0129,view,497,2025-03-20T01:14:16
USR-0177,CNT-0316,complete,1107,2025-03-20T01:24:00
USR-0549,CNT-0265,complete,253,2025-03-20T01:41:05
USR-0422,CNT-0188,like,556,2025-03-20T01:56:16
USR-0400,CNT-0243,view,12,2025-03-20T02:04:23
USR-0940,CNT-0360,complete,769,2025-03-20T02:13:10
USR-0704,CNT-0356,complete,4780,2025-03-20T02:16:30
USR-0098,CNT-0272,view,541,2025-03-20T02:22:02
USR-0306,CNT-0429,like,640,2025-03-20T02:22:29
USR-0945,CNT-0176,view,170,2025-03-20T02:28:47
USR-0447,CNT-0320,view,84,2025-03-20T02:32:16
USR-0090,CNT-0134,skip,55,2025-03-20T02:33:55
USR-0278,CNT-0169,complete,63,2025-03-20T02:39:54
USR-0495,CNT-0485,complete,76,2025-03-20T02:43:11
USR-0681,CNT-0025,click,935,2025-03-20T02:50:12
USR-0538,CNT-0212,like,2175,2025-03-20T02:50:46
USR-0416,CNT-0100,view,198,2025-03-20T02:56:14
USR-0772,CNT-0310,view,3629,2025-03-20T03:07:41
USR-0045,CNT-0209,view,11,2025-03-20T03:17:44
USR-0097,CNT-0471,like,1586,2025-03-20T03:35:07
USR-0062,CNT-0416,click,53,2025-03-20T03:37:43
USR-0356,CNT-0094,skip,222,2025-03-20T03:39:15
USR-0645,CNT-0096,like,963,2025-03-20T03:47:53
USR-0548,CNT-0456,view,555,2025-03-20T03:48:28
USR-0808,CNT-0454,view,411,2025-03-20T03:53:12
USR-0659,CNT-0287,skip,8,2025-03-20T04:00:19
USR-0952,CNT-0291,skip,187,2025-03-20T04:07:29
USR-0327,CNT-0480,view,518,2025-03-20T04:24:09
USR-0039,CNT-0422,view,34,2025-03-20T04:34:45
USR-0390,CNT-0417,view,1,2025-03-20T04:37:47
USR-0439,CNT-0001,complete,249,2025-03-20T04:52:02
USR-0562,CNT-0313,complete,52,2025-03-20T05:08:28
USR-0644,CNT-0152,complete,140,2025-03-20T05:13:23
USR-0150,CNT-0416,skip,15,2025-03-20T05:20:36
USR-0445,CNT-0225,skip,1622,2025-03-20T05:28:01
USR-0932,CNT-0131,click,381,2025-03-20T05:29:59
USR-0802,CNT-0455,complete,60,2025-03-20T05:32:04
USR-0908,CNT-0208,like,2412,2025-03-20T05:34:13
USR-0221,CNT-0066,skip,44,2025-03-20T05:42:19
USR-0206,CNT-0483,like,2892,2025-03-20T05:45:31
USR-0272,CNT-0435,click,86,2025-03-20T05:52:38
USR-0257,CNT-0444,click,84,2025-03-20T05:56:09
USR-0638,CNT-0273,complete,123,2025-03-20T06:04:49
USR-0600,CNT-0246,like,581,2025-03-20T06:10:59
USR-0203,CNT-0368,view,97,2025-03-20T06:16:05
USR-0445,CNT-0415,click,1500,2025-03-20T06:24:21
USR-0060,CNT-0498,like,994,2025-03-20T06:25:00
USR-0694,CNT-0420,complete,5197,2025-03-20T06:29:57
USR-0749,CNT-0195,complete,873,2025-03-20T06:35:10
USR-0011,CNT-0392,view,1054,2025-03-20T06:35:25
USR-0522,CNT-0443,view,1052,2025-03-20T06:38:39
USR-0987,CNT-0093,complete,114,2025-03-20T06:44:09
USR-0626,CNT-0029,click,169,2025-03-20T06:44:44
USR-0458,CNT-0365,like,709,2025-03-20T06:48:58
USR-0416,CNT-0010,click,5562,2025-03-20T07:02:04
USR-0690,CNT-0367,click,636,2025-03-20T07:05:19
USR-0380,CNT-0255,view,589,2025-03-20T07:10:00
USR-0563,CNT-0280,like,10,2025-03-20T07:18:37
USR-0352,CNT-0262,complete,3321,2025-03-20T07:23:50
USR-0967,CNT-0168,view,43,2025-03-20T07:26:31
USR-0732,CNT-0282,complete,1137,2025-03-20T07:28:40
USR-0553,CNT-0495,click,662,2025-03-20T07:33:49
USR-0769,CNT-0244,like,423,2025-03-20T07:41:32
USR-0335,CNT-0256,skip,23,2025-03-20T07:53:10
USR-0507,CNT-0445,click,31,2025-03-20T07:58:43
USR-0494,CNT-0246,view,762,2025-03-20T07:59:11
USR-0954,CNT-0368,complete,203,2025-03-20T08:11:51
USR-0344,CNT-0206,complete,202,2025-03-20T08:12:38
USR-0894,CNT-0006,view,186,2025-03-20T08:16:23
USR-0510,CNT-0414,view,129,2025-03-20T08:16:24
USR-0238,CNT-0250,view,136,2025-03-20T08:20:27
USR-0792,CNT-0286,like,187,2025-03-20T08:46:16
USR-0352,CNT-0350,click,326,2025-03-20T08:48:37
USR-0079,CNT-0450,complete,3525,2025-03-20T08:51:56
USR-0596,CNT-0127,complete,176,2025-03-20T08:53:14
USR-0040,CNT-0479,complete,820,2025-03-20T08:55:24
USR-0721,CNT-0462,complete,2079,2025-03-20T08:56:38
USR-0686,CNT-0327,like,291,2025-03-20T08:57:06
USR-0822,CNT-0099,skip,64,2025-03-20T08:59:35
USR-0493,CNT-0390,complete,2656,2025-03-20T09:04:42
USR-0590,CNT-0402,like,1135,2025-03-20T09:08:39
USR-0884,CNT-0493,view,95,2025-03-20T09:12:13
USR-0714,CNT-0204,skip,425,2025-03-20T09:14:39
USR-0850,CNT-0307,skip,14,2025-03-20T09:22:14
USR-0480,CNT-0165,view,1885,2025-03-20T09:25:53
USR-0178,CNT-0244,complete,745,2025-03-20T09:26:59
USR-0294,CNT-0198,view,407,2025-03-20T09:30:25
USR-0078,CNT-0060,click,221,2025-03-20T09:41:34
USR-0209,CNT-0381,complete,3352,2025-03-20T09:50:02
USR-0515,CNT-0265,view,59,2025-03-20T09:55:37
USR-0194,CNT-0143,view,4400,2025-03-20T09:59:32
USR-0435,CNT-0308,click,1052,2025-03-20T10:06:04
USR-0224,CNT-0415,view,4451,2025-03-20T10:08:43
USR-0844,CNT-0183,skip,284,2025-03-20T10:14:32
USR-0287,CNT-0160,view,492,2025-03-20T10:18:24
USR-0103,CNT-0368,view,192,2025-03-20T10:45:34
USR-0225,CNT-0329,complete,2421,2025-03-20T10:48:15
USR-0711,CNT-0407,skip,24,2025-03-20T10:50:24
USR-0746,CNT-0426,click,2132,2025-03-20T11:03:54
USR-0500,CNT-0500,view,640,2025-03-20T11:04:05
USR-0734,CNT-0330,view,3695,2025-03-20T11:27:51
USR-0216,CNT-0413,skip,144,2025-03-20T11:37:27
USR-0044,CNT-0299,complete,121,2025-03-20T11:38:07
USR-0001,CNT-0235,click,247,2025-03-20T11:45:47
USR-0658,CNT-0380,complete,324,2025-03-20T11:49:09
USR-0822,CNT-0370,click,201,2025-03-20T11:53:02
USR-0293,CNT-0488,skip,893,2025-03-20T11:56:01
USR-0131,CNT-0367,view,117,2025-03-20T11:58:45
USR-0470,CNT-0092,view,194,2025-03-20T12:20:33
USR-0322,CNT-0286,like,1025,2025-03-20T12:21:03
USR-0428,CNT-0094,view,569,2025-03-20T12:45:50
USR-0604,CNT-0348,view,29,2025-03-20T12:49:29
USR-0593,CNT-0086,view,2390,2025-03-20T12:51:49
USR-0620,CNT-0070,complete,674,2025-03-20T12:52:07
USR-0410,CNT-0026,click,611,2025-03-20T12:59:15
USR-0753,CNT-0301,complete,960,2025-03-20T13:02:32
USR-0251,CNT-0103,click,2108,2025-03-20T13:14:23
USR-0337,CNT-0384,click,968,2025-03-20T13:14:26
USR-0667,CNT-0381,skip,172,2025-03-20T13:16:43
USR-0167,CNT-0454,complete,561,2025-03-20T13:20:04
USR-0763,CNT-0044,click,321,2025-03-20T13:27:09
USR-0218,CNT-0030,view,268,2025-03-20T13:51:43
USR-0320,CNT-0488,complete,3304,2025-03-20T14:09:43
USR-0693,CNT-0488,like,1223,2025-03-20T14:14:39
USR-0247,CNT-0216,view,5023,2025-03-20T14:15:33
USR-0857,CNT-0260,view,24,2025-03-20T14:16:03
USR-0429,CNT-0305,skip,142,2025-03-20T14:19:38
USR-0515,CNT-0388,click,245,2025-03-20T14:21:47
USR-0567,CNT-0209,view,0,2025-03-20T14:22:12
USR-0585,CNT-0355,complete,1522,2025-03-20T14:23:20
USR-0866,CNT-0114,click,99,2025-03-20T14:27:58
USR-0955,CNT-0073,complete,3608,2025-03-20T14:32:56
USR-0077,CNT-0485,skip,2,2025-03-20T14:35:12
USR-0855,CNT-0404,view,179,2025-03-20T14:35:40
USR-0236,CNT-0177,click,5377,2025-03-20T14:39:47
USR-0385,CNT-0309,click,158,2025-03-20T14:45:24
USR-0712,CNT-0225,like,4779,2025-03-20T15:01:12
USR-0143,CNT-0438,complete,545,2025-03-20T15:03:45
USR-0825,CNT-0474,like,1069,2025-03-20T15:11:17
USR-0643,CNT-0304,view,574,2025-03-20T15:14:59
USR-0444,CNT-0235,skip,9,2025-03-20T15:23:33
USR-0144,CNT-0437,view,867,2025-03-20T15:25:24
USR-0645,CNT-0483,view,136,2025-03-20T15:27:26
USR-0502,CNT-0093,view,125,2025-03-20T15:27:41
USR-0076,CNT-0336,like,80,2025-03-20T15:28:35
USR-0142,CNT-0131,like,32,2025-03-20T15:42:03
USR-0329,CNT-0369,click,2248,2025-03-20T15:45:44
USR-0183,CNT-0201,complete,3647,2025-03-20T15:59:06
USR-0582,CNT-0135,like,2719,2025-03-20T15:59:58
USR-0915,CNT-0169,complete,56,2025-03-20T16:00:16
USR-0019,CNT-0017,view,1578,2025-03-20T16:01:20
USR-0504,CNT-0194,view,154,2025-03-20T16:07:49
USR-0018,CNT-0460,view,239,2025-03-20T16:08:22
USR-0486,CNT-0192,view,35,2025-03-20T16:10:02
USR-0583,CNT-0319,view,376,2025-03-20T16:18:26
USR-0542,CNT-0499,complete,212,2025-03-20T16:22:18
USR-0512,CNT-0325,complete,967,2025-03-20T16:24:01
USR-0258,CNT-0377,click,26,2025-03-20T16:46:29
USR-0694,CNT-0079,view,3690,2025-03-20T16:47:51
USR-0701,CNT-0174,view,38,2025-03-20T16:59:15
USR-0987,CNT-0152,view,143,2025-03-20T17:04:27
USR-0939,CNT-0264,click,543,2025-03-20T17:06:47
USR-0322,CNT-0286,like,1687,2025-03-20T17:08:04
USR-0095,CNT-0097,complete,3495,2025-03-20T17:12:01
USR-0872,CNT-0476,view,29,2025-03-20T17:12:14
USR-0855,CNT-0107,click,111,2025-03-20T17:12:33
USR-0585,CNT-0164,skip,591,2025-03-20T17:12:56
USR-0532,CNT-0384,skip,891,2025-03-20T17:13:37
USR-0004,CNT-0258,view,998,2025-03-20T17:14:15
USR-0610,CNT-0412,complete,1713,2025-03-20T17:14:25
USR-0314,CNT-0399,like,2525,2025-03-20T17:17:38
USR-0511,CNT-0335,view,322,2025-03-20T17:24:12
USR-0262,CNT-0407,view,124,2025-03-20T17:26:37
USR-0737,CNT-0140,skip,694,2025-03-20T17:28:34
USR-0307,CNT-0459,view,336,2025-03-20T17:29:57
USR-0367,CNT-0031,complete,1656,2025-03-20T17:33:03
USR-0413,CNT-0016,click,433,2025-03-20T17:39:55
USR-0275,CNT-0275,click,54,2025-03-20T17:45:13
USR-0224,CNT-0492,like,2899,2025-03-20T17:46:15
USR-0311,CNT-0374,view,677,2025-03-20T17:56:56
USR-0819,CNT-0420,skip,173,2025-03-20T17:58:49
USR-0721,CNT-0497,skip,12,2025-03-20T17:59:43
USR-0312,CNT-0052,view,74,2025-03-20T18:05:47
USR-0695,CNT-0162,like,193,2025-03-20T18:12:45
USR-0559,CNT-0058,like,1008,2025-03-20T18:14:31
USR-0584,CNT-0328,click,61,2025-03-20T18:19:50
USR-0158,CNT-0156,skip,669,2025-03-20T18:25:47
USR-0465,CNT-0114,complete,792,2025-03-20T18:25:50
USR-0765,CNT-0190,view,712,2025-03-20T18:29:02
USR-0446,CNT-0045,view,136,2025-03-20T18:30:37
USR-0556,CNT-0423,complete,3000,2025-03-20T18:32:53
USR-0723,CNT-0425,skip,6,2025-03-20T18:33:11
USR-0179,CNT-0251,like,759,2025-03-20T18:36:13
USR-0708,CNT-0336,view,257,2025-03-20T18:49:56
USR-0197,CNT-0229,view,204,2025-03-20T18:56:58
USR-0307,CNT-0177,complete,5843,2025-03-20T19:02:03
USR-0226,CNT-0068,like,276,2025-03-20T19:35:34
USR-0367,CNT-0004,view,629,2025-03-20T19:40:12
USR-0641,CNT-0418,view,190,2025-03-20T19:40:56
USR-0613,CNT-0365,skip,51,2025-03-20T19:41:09
USR-0891,CNT-0225,view,4115,2025-03-20T19:41:25
USR-0942,CNT-0093,click,1,2025-03-20T19:44:15
USR-0188,CNT-0245,click,67,2025-03-20T19:50:50
USR-0442,CNT-0096,click,1534,2025-03-20T20:09:21
USR-0856,CNT-0330,complete,4090,2025-03-20T20:15:37
USR-0590,CNT-0286,click,1008,2025-03-20T20:15:47
USR-0061,CNT-0420,skip,550,2025-03-20T20:16:11
USR-0448,CNT-0122,click,35,2025-03-20T20:27:06
USR-0157,CNT-0216,click,4810,2025-03-20T20:30:03
USR-0913,CNT-0293,complete,1995,2025-03-20T20:30:09
USR-0134,CNT-0205,click,326,2025-03-20T20:36:42
USR-0941,CNT-0284,complete,2298,2025-03-20T20:40:31
USR-0365,CNT-0326,complete,1175,2025-03-20T20:42:23
USR-0397,CNT-0439,skip,122,2025-03-20T20:49:35
USR-0509,CNT-0288,skip,254,2025-03-20T20:50:19
USR-0785,CNT-0136,complete,378,2025-03-20T20:52:35
USR-0660,CNT-0444,click,73,2025-03-20T20:55:37
USR-0942,CNT-0234,complete,4936,2025-03-20T20:56:12
USR-0456,CNT-0001,view,201,2025-03-20T21:07:53
USR-0759,CNT-0285,view,70,2025-03-20T21:07:56
USR-0207,CNT-0209,complete,104,2025-03-20T21:09:06
USR-0373,CNT-0442,view,239,2025-03-20T21:12:42
USR-0951,CNT-0025,complete,2230,2025-03-20T21:15:01
USR-0608,CNT-0059,skip,58,2025-03-20T21:24:59
USR-0454,CNT-0409,complete,3161,2025-03-20T21:31:27
USR-0828,CNT-0058,view,1306,2025-03-20T21:48:00
USR-0920,CNT-0435,view,39,2025-03-20T21:49:41
USR-0073,CNT-0037,like,3041,2025-03-20T22:27:20
USR-0801,CNT-0083,skip,102,2025-03-20T22:31:58
USR-0536,CNT-0466,skip,77,2025-03-20T22:39:24
USR-0634,CNT-0175,view,900,2025-03-20T22:49:10
USR-0034,CNT-0471,view,1944,2025-03-20T23:06:22
USR-0728,CNT-0452,complete,77,2025-03-20T23:14:28
USR-0951,CNT-0380,complete,321,2025-03-20T23:17:10
USR-0951,CNT-0006,view,23,2025-03-20T23:17:23
USR-0446,CNT-0077,click,3244,2025-03-20T23:17:54
USR-0433,CNT-0194,complete,622,2025-03-20T23:22:11
USR-0668,CNT-0113,view,304,2025-03-20T23:22:35
USR-0252,CNT-0087,view,157,2025-03-20T23:40:06
USR-0248,CNT-0250,click,20,2025-03-20T23:41:29
USR-0903,CNT-0151,skip,385,2025-03-20T23:43:23
USR-0513,CNT-0360,click,858,2025-03-20T23:54:53
USR-0091,CNT-0316,complete,1052,2025-03-20T23:55:35
USR-0134,CNT-0140,view,615,2025-03-20T23:56:47
USR-0782,CNT-0334,click,19,2025-03-20T23:59:30
USR-0762,CNT-0007,complete,3424,2025-03-21T00:08:00
USR-0556,CNT-0491,view,2941,2025-03-21T00:11:44
USR-0684,CNT-0183,complete,4701,2025-03-21T00:12:31
USR-0996,CNT-0357,complete,2225,2025-03-21T00:14:35
USR-0293,CNT-0105,skip,6,2025-03-21T00:22:45
USR-0998,CNT-0230,view,26,2025-03-21T00:33:39
USR-0869,CNT-0490,view,767,2025-03-21T00:42:03
USR-0275,CNT-0211,view,121,2025-03-21T00:44:09
USR-0812,CNT-0043,click,1674,2025-03-21T00:48:24
USR-0760,CNT-0311,view,1147,2025-03-21T01:09:26
USR-0096,CNT-0311,view,3678,2025-03-21T01:09:33
USR-0014,CNT-0313,like,42,2025-03-21T01:15:10
USR-0062,CNT-0271,complete,2289,2025-03-21T01:21:42
USR-0380,CNT-0424,view,344,2025-03-21T01:37:56
USR-0791,CNT-0232,complete,81,2025-03-21T01:41:51
USR-0838,CNT-0088,complete,304,2025-03-21T01:50:40
USR-0709,CNT-0374,skip,100,2025-03-21T01:51:30
USR-0043,CNT-0051,skip,0,2025-03-21T01:58:51
USR-0132,CNT-0240,view,52,2025-03-21T02:02:03
USR-0124,CNT-0416,like,32,2025-03-21T02:06:05
USR-0514,CNT-0294,complete,49,2025-03-21T02:06:55
USR-0152,CNT-0198,skip,489,2025-03-21T02:16:17
USR-0506,CNT-0188,click,863,2025-03-21T02:16:48
USR-0883,CNT-0297,view,1489,2025-03-21T02:16:53
USR-0262,CNT-0426,skip,413,2025-03-21T02:22:15
USR-0397,CNT-0272,view,799,2025-03-21T02:23:48
USR-0673,CNT-0006,view,324,2025-03-21T02:33:16
USR-0562,CNT-0251,complete,804,2025-03-21T02:35:30
USR-0303,CNT-0005,view,946,2025-03-21T02:49:14
USR-0440,CNT-0494,click,351,2025-03-21T03:07:58
USR-0694,CNT-0491,view,465,2025-03-21T03:37:26
USR-0727,CNT-0494,view,257,2025-03-21T03:45:10
USR-0132,CNT-0181,like,3858,2025-03-21T03:57:06
USR-0998,CNT-0315,view,1594,2025-03-21T04:08:26
USR-0143,CNT-0236,like,28,2025-03-21T04:10:15
USR-0749,CNT-0386,view,312,2025-03-21T04:16:28
USR-0850,CNT-0277,like,44,2025-03-21T04:17:14
USR-0904,CNT-0257,skip,17,2025-03-21T04:20:06
USR-0511,CNT-0095,skip,127,2025-03-21T04:39:22
USR-0099,CNT-0052,view,236,2025-03-21T04:46:21
USR-0254,CNT-0098,skip,65,2025-03-21T04:49:44
USR-0407,CNT-0104,view,2393,2025-03-21T04:55:45
USR-0249,CNT-0051,click,21,2025-03-21T04:58:38
USR-0716,CNT-0377,complete,36,2025-03-21T05:01:37
USR-0090,CNT-0059,view,114,2025-03-21T05:20:37
USR-0807,CNT-0066,view,291,2025-03-21T05:24:14
USR-0452,CNT-0025,complete,2092,2025-03-21T05:26:08
USR-0358,CNT-0358,view,304,2025-03-21T05:40:45
USR-0364,CNT-0371,skip,41,2025-03-21T05:43:26
USR-0091,CNT-0087,complete,598,2025-03-21T05:45:42
USR-0139,CNT-0291,click,166,2025-03-21T05:51:22
USR-0797,CNT-0177,skip,19,2025-03-21T06:06:12
USR-0880,CNT-0231,skip,451,2025-03-21T06:16:23
USR-0305,CNT-0240,view,6,2025-03-21T06:17:45
USR-0603,CNT-0240,like,60,2025-03-21T06:26:20
USR-0888,CNT-0368,view,99,2025-03-21T06:30:43
USR-0741,CNT-0141,complete,4415,2025-03-21T06:41:22
USR-0764,CNT-0491,like,316,2025-03-21T06:43:11
USR-0660,CNT-0252,click,2922,2025-03-21T06:51:56
USR-0609,CNT-0346,complete,4141,2025-03-21T06:52:08
USR-0735,CNT-0020,complete,50,2025-03-21T06:58:59
USR-0052,CNT-0030,like,350,2025-03-21T07:01:02
USR-0700,CNT-0198,skip,163,2025-03-21T07:11:21
USR-0910,CNT-0396,view,560,2025-03-21T07:11:39
USR-0221,CNT-0166,click,19,2025-03-21T07:12:02
USR-0384,CNT-0106,skip,253,2025-03-21T07:18:12
USR-0821,CNT-0410,like,42,2025-03-21T07:22:46
USR-0220,CNT-0500,click,2162,2025-03-21T07:24:21
USR-0729,CNT-0094,like,334,2025-03-21T07:29:42
USR-0961,CNT-0437,skip,873,2025-03-21T07:31:48
USR-0684,CNT-0365,skip,160,2025-03-21T07:43:22
USR-0507,CNT-0329,view,891,2025-03-21T07:49:34
USR-0370,CNT-0096,view,1159,2025-03-21T07:49:53
USR-0849,CNT-0272,view,889,2025-03-21T07:59:53
USR-0305,CNT-0124,complete,253,2025-03-21T08:02:27
USR-0380,CNT-0278,view,50,2025-03-21T08:03:17
USR-0292,CNT-0358,like,683,2025-03-21T08:09:43
USR-0760,CNT-0088,view,78,2025-03-21T08:10:35
USR-0339,CNT-0125,view,2460,2025-03-21T08:18:13
USR-0557,CNT-0242,view,256,2025-03-21T08:19:55
USR-0120,CNT-0287,click,80,2025-03-21T08:33:44
USR-0395,CNT-0100,view,63,2025-03-21T08:39:37
USR-0626,CNT-0089,like,52,2025-03-21T08:50:38
USR-0033,CNT-0117,click,1751,2025-03-21T09:11:07
USR-0466,CNT-0300,complete,163,2025-03-21T09:12:44
USR-0664,CNT-0132,click,6,2025-03-21T09:30:40
USR-0017,CNT-0059,click,553,2025-03-21T09:37:21
USR-0716,CNT-0022,view,663,2025-03-21T09:39:28
USR-0072,CNT-0294,view,44,2025-03-21T10:01:25
USR-0566,CNT-0059,click,570,2025-03-21T10:02:45
USR-0501,CNT-0457,complete,298,2025-03-21T10:52:10
USR-0676,CNT-0342,skip,658,2025-03-21T10:55:04
USR-0944,CNT-0154,complete,174,2025-03-21T11:02:15
USR-0685,CNT-0495,click,227,2025-03-21T11:15:29
USR-0913,CNT-0210,click,1704,2025-03-21T11:15:33
USR-0558,CNT-0081,view,194,2025-03-21T11:21:21
USR-0443,CNT-0069,view,1160,2025-03-21T11:21:35
USR-0554,CNT-0351,complete,506,2025-03-21T11:29:54
USR-0063,CNT-0277,view,22,2025-03-21T11:31:55
USR-0126,CNT-0341,click,29,2025-03-21T11:40:51
USR-0958,CNT-0326,skip,170,2025-03-21T11:51:09
USR-0258,CNT-0312,view,23,2025-03-21T11:55:03
USR-0066,CNT-0262,click,2923,2025-03-21T12:00:23
USR-0269,CNT-0490,complete,2100,2025-03-21T12:01:59
USR-0506,CNT-0428,complete,289,2025-03-21T12:10:35
USR-0990,CNT-0364,click,227,2025-03-21T12:12:37
USR-0355,CNT-0479,skip,97,2025-03-21T12:18:27
USR-0984,CNT-0186,view,394,2025-03-21T12:24:15
USR-0373,CNT-0005,complete,2069,2025-03-21T12:31:42
USR-0903,CNT-0101,view,309,2025-03-21T12:32:00
USR-0455,CNT-0064,like,3223,2025-03-21T12:43:26
USR-0020,CNT-0038,complete,558,2025-03-21T12:49:01
USR-0145,CNT-0435,view,130,2025-03-21T12:52:08
USR-0681,CNT-0467,view,436,2025-03-21T12:59:50
USR-0210,CNT-0392,view,1098,2025-03-21T13:03:35
USR-0852,CNT-0416,skip,11,2025-03-21T13:10:43
USR-0696,CNT-0203,view,38,2025-03-21T13:12:09
USR-0589,CNT-0419,view,949,2025-03-21T13:20:48
USR-0166,CNT-0288,view,1040,2025-03-21T13:25:44
USR-0269,CNT-0218,complete,1026,2025-03-21T13:27:18
USR-0603,CNT-0322,click,216,2025-03-21T13:32:37
USR-0597,CNT-0403,view,2870,2025-03-21T13:52:52
USR-0146,CNT-0024,view,2,2025-03-21T13:56:51
USR-0841,CNT-0308,view,271,2025-03-21T14:23:22
USR-0220,CNT-0146,view,73,2025-03-21T14:27:04
USR-0697,CNT-0338,complete,233,2025-03-21T14:32:55
USR-0838,CNT-0285,complete,805,2025-03-21T14:36:54
USR-0016,CNT-0017,skip,531,2025-03-21T14:49:07
USR-0213,CNT-0265,view,267,2025-03-21T14:49:12
USR-0762,CNT-0023,click,936,2025-03-21T14:57:51
USR-0359,CNT-0120,complete,1514,2025-03-21T14:59:38
USR-0911,CNT-0493,click,32,2025-03-21T15:02:00
USR-0160,CNT-0301,complete,848,2025-03-21T15:02:32
USR-0894,CNT-0497,view,21,2025-03-21T15:19:52
USR-0266,CNT-0378,view,1035,2025-03-21T15:21:03
USR-0231,CNT-0165,click,3963,2025-03-21T15:30:17
USR-0914,CNT-0003,complete,3673,2025-03-21T15:33:05
USR-0296,CNT-0125,complete,4501,2025-03-21T15:40:57
USR-0682,CNT-0117,like,1580,2025-03-21T15:41:49
USR-0455,CNT-0208,like,2778,2025-03-21T15:42:12
USR-0069,CNT-0259,click,794,2025-03-21T15:47:26
USR-0021,CNT-0364,click,349,2025-03-21T16:00:24
USR-0242,CNT-0256,complete,683,2025-03-21T16:00:50
USR-0774,CNT-0387,click,2,2025-03-21T16:09:02
USR-0135,CNT-0436,click,226,2025-03-21T16:11:43
USR-0456,CNT-0071,click,84,2025-03-21T16:17:57
USR-0725,CNT-0291,view,808,2025-03-21T16:21:44
USR-0774,CNT-0493,like,41,2025-03-21T16:28:57
USR-0644,CNT-0006,view,145,2025-03-21T16:29:47
USR-0023,CNT-0150,click,1262,2025-03-21T16:29:59
USR-0531,CNT-0448,like,54,2025-03-21T16:40:18
USR-0233,CNT-0433,click,107,2025-03-21T16:41:43
USR-0578,CNT-0389,like,50,2025-03-21T16:49:11
USR-0430,CNT-0485,complete,74,2025-03-21T17:09:43
USR-0738,CNT-0161,skip,283,2025-03-21T17:14:57
USR-0721,CNT-0378,view,401,2025-03-21T17:21:22
USR-0017,CNT-0387,complete,311,2025-03-21T17:51:22
USR-0842,CNT-0002,like,23,2025-03-21T17:52:16
USR-0479,CNT-0426,complete,1969,2025-03-21T18:02:16
USR-0752,CNT-0077,like,3407,2025-03-21T18:06:36
USR-0882,CNT-0157,view,292,2025-03-21T18:29:23
USR-0297,CNT-0117,complete,1995,2025-03-21T18:32:20
USR-0111,CNT-0235,complete,769,2025-03-21T18:32:43
USR-0378,CNT-0463,like,670,2025-03-21T18:34:22
USR-0189,CNT-0407,complete,142,2025-03-21T18:40:05
USR-0732,CNT-0242,complete,480,2025-03-21T18:47:28
USR-0643,CNT-0052,skip,29,2025-03-21T18:48:29
USR-0512,CNT-0400,like,100,2025-03-21T18:51:53
USR-0471,CNT-0457,like,369,2025-03-21T19:08:04
USR-0398,CNT-0025,complete,1895,2025-03-21T19:16:26
USR-0655,CNT-0029,click,212,2025-03-21T19:27:38
USR-0616,CNT-0465,view,374,2025-03-21T19:36:50
USR-0016,CNT-0318,like,394,2025-03-21T19:54:46
USR-0695,CNT-0238,click,101,2025-03-21T20:00:06
USR-0717,CNT-0294,like,46,2025-03-21T20:09:19
USR-0117,CNT-0229,like,91,2025-03-21T20:16:45
USR-0697,CNT-0019,view,49,2025-03-21T20:26:39
USR-0007,CNT-0445,click,217,2025-03-21T20:28:21
USR-0411,CNT-0329,view,752,2025-03-21T20:34:31
USR-0894,CNT-0383,like,80,2025-03-21T20:45:46
USR-0871,CNT-0249,like,131,2025-03-21T20:54:15
USR-0578,CNT-0474,click,415,2025-03-21T20:59:33
USR-0292,CNT-0387,like,239,2025-03-21T21:01:35
USR-0146,CNT-0318,click,398,2025-03-21T21:02:09
USR-0257,CNT-0042,skip,22,2025-03-21T21:07:29
USR-0193,CNT-0014,click,2472,2025-03-21T21:35:22
USR-0037,CNT-0014,view,2790,2025-03-21T21:37:52
USR-0448,CNT-0163,skip,796,2025-03-21T21:45:56
USR-0356,CNT-0391,complete,224,2025-03-21T21:48:29
USR-0484,CNT-0303,click,290,2025-03-21T21:49:27
USR-0563,CNT-0283,view,102,2025-03-21T21:58:34
USR-0747,CNT-0301,view,261,2025-03-21T22:00:11
USR-0867,CNT-0441,click,36,2025-03-21T22:06:42
USR-0174,CNT-0487,like,95,2025-03-21T22:08:56
USR-0726,CNT-0296,click,79,2025-03-21T22:14:10
USR-0896,CNT-0304,view,1021,2025-03-21T22:15:28
USR-0611,CNT-0140,view,3440,2025-03-21T22:17:02
USR-0889,CNT-0390,view,2507,2025-03-21T22:18:34
USR-0042,CNT-0004,skip,727,2025-03-21T22:20:30
USR-0749,CNT-0166,complete,246,2025-03-21T22:26:43
USR-0121,CNT-0405,skip,3,2025-03-21T22:27:22
USR-0722,CNT-0128,like,292,2025-03-21T22:29:16
USR-0883,CNT-0040,view,37,2025-03-21T22:35:12
USR-0895,CNT-0400,like,31,2025-03-21T22:41:05
USR-0169,CNT-0020,view,6,2025-03-21T22:46:11
USR-0601,CNT-0081,view,78,2025-03-21T23:01:19
USR-0137,CNT-0397,click,80,2025-03-21T23:06:59
USR-0626,CNT-0315,skip,208,2025-03-21T23:09:03
USR-0760,CNT-0220,skip,34,2025-03-21T23:22:29
USR-0066,CNT-0324,complete,864,2025-03-21T23:23:06
USR-0675,CNT-0206,complete,185,2025-03-21T23:23:52
USR-0450,CNT-0024,skip,13,2025-03-21T23:39:37
USR-0008,CNT-0193,like,1864,2025-03-21T23:46:38
USR-0448,CNT-0142,view,4334,2025-03-21T23:46:44
USR-0380,CNT-0218,click,759,2025-03-21T23:47:30
USR-0025,CNT-0285,view,213,2025-03-21T23:49:46
USR-0910,CNT-0382,view,1429,2025-03-22T00:03:56
USR-0109,CNT-0381,like,1371,2025-03-22T00:14:15
USR-0900,CNT-0497,view,49,2025-03-22T00:28:26
USR-0995,CNT-0336,skip,67,2025-03-22T00:37:25
USR-0476,CNT-0290,skip,476,2025-03-22T00:54:27
USR-0958,CNT-0080,click,10,2025-03-22T00:58:53
USR-0306,CNT-0212,view,3938,2025-03-22T01:14:15
USR-0105,CNT-0296,complete,298,2025-03-22T01:17:32
USR-0397,CNT-0069,skip,631,2025-03-22T01:22:38
USR-0443,CNT-0123,view,243,2025-03-22T01:36:43
USR-0751,CNT-0105,skip,5,2025-03-22T01:38:51
USR-0428,CNT-0488,view,791,2025-03-22T01:44:09
USR-0235,CNT-0385,click,2298,2025-03-22T01:57:42
USR-0017,CNT-0325,skip,147,2025-03-22T02:04:03
USR-0082,CNT-0270,view,228,2025-03-22T02:09:49
USR-0818,CNT-0270,complete,683,2025-03-22T02:25:10
USR-0105,CNT-0235,view,836,2025-03-22T02:26:20
USR-0325,CNT-0370,view,494,2025-03-22T02:40:02
USR-0059,CNT-0118,view,2658,2025-03-22T02:55:47
USR-0697,CNT-0285,view,174,2025-03-22T02:56:26
USR-0094,CNT-0207,view,2210,2025-03-22T03:02:00
USR-0221,CNT-0245,view,7,2025-03-22T03:19:39
USR-0981,CNT-0440,click,96,2025-03-22T03:20:27
USR-0666,CNT-0274,view,2756,2025-03-22T03:23:37
USR-0051,CNT-0204,like,376,2025-03-22T03:25:37
USR-0201,CNT-0081,like,255,2025-03-22T03:27:10
USR-0820,CNT-0466,skip,32,2025-03-22T03:35:51
USR-0164,CNT-0492,click,1991,2025-03-22T03:36:02
USR-0045,CNT-0214,like,1516,2025-03-22T03:36:18
USR-0537,CNT-0195,complete,1025,2025-03-22T03:36:33
USR-0692,CNT-0366,like,190,2025-03-22T03:57:41
USR-0301,CNT-0080,like,8,2025-03-22T04:00:02
USR-0096,CNT-0276,view,29,2025-03-22T04:11:55
USR-0974,CNT-0486,complete,468,2025-03-22T04:12:08
USR-0397,CNT-0311,view,5217,2025-03-22T04:32:45
USR-0870,CNT-0175,click,1758,2025-03-22T04:47:55
USR-0119,CNT-0461,view,121,2025-03-22T04:49:08
USR-0131,CNT-0459,click,293,2025-03-22T04:58:26
USR-0880,CNT-0212,skip,293,2025-03-22T05:02:31
USR-0760,CNT-0404,view,539,2025-03-22T05:31:38
USR-0537,CNT-0031,click,272,2025-03-22T05:41:53
USR-0681,CNT-0469,view,405,2025-03-22T06:01:31
USR-0445,CNT-0430,like,96,2025-03-22T06:10:06
USR-0777,CNT-0146,view,31,2025-03-22T06:16:07
USR-0069,CNT-0292,click,63,2025-03-22T06:21:15
USR-0938,CNT-0143,click,1414,2025-03-22T06:22:33
USR-0771,CNT-0098,view,2590,2025-03-22T06:38:05
USR-0042,CNT-0213,like,1218,2025-03-22T06:44:43
USR-0195,CNT-0375,view,53,2025-03-22T06:47:11
USR-0132,CNT-0057,complete,1021,2025-03-22T06:55:12
USR-0594,CNT-0123,view,297,2025-03-22T07:15:50
USR-0834,CNT-0299,view,113,2025-03-22T07:18:23
USR-0126,CNT-0028,click,2577,2025-03-22T07:23:45
USR-0131,CNT-0366,complete,237,2025-03-22T07:37:30
USR-0736,CNT-0270,skip,116,2025-03-22T07:38:58
USR-0877,CNT-0208,like,1953,2025-03-22T08:03:06
USR-0562,CNT-0269,complete,654,2025-03-22T08:07:11
USR-0917,CNT-0307,skip,82,2025-03-22T08:14:09
USR-0156,CNT-0435,view,173,2025-03-22T08:16:18
USR-0792,CNT-0496,click,128,2025-03-22T08:20:43
USR-0235,CNT-0101,skip,2,2025-03-22T08:42:40
USR-0904,CNT-0232,skip,14,2025-03-22T08:45:39
USR-0291,CNT-0077,skip,820,2025-03-22T08:48:01
USR-0901,CNT-0209,skip,13,2025-03-22T08:50:48
USR-0917,CNT-0263,complete,216,2025-03-22T08:51:33
USR-0994,CNT-0249,view,713,2025-03-22T08:54:13
USR-0236,CNT-0210,click,2332,2025-03-22T08:57:46
USR-0484,CNT-0144,complete,1913,2025-03-22T08:59:27
USR-0193,CNT-0310,click,969,2025-03-22T09:05:39
USR-0674,CNT-0454,skip,72,2025-03-22T09:24:41
USR-0138,CNT-0195,view,701,2025-03-22T09:27:09
USR-0842,CNT-0193,like,1998,2025-03-22T09:39:08
USR-0321,CNT-0241,view,797,2025-03-22T09:42:20
USR-0804,CNT-0133,view,146,2025-03-22T09:46:49
USR-0275,CNT-0015,complete,148,2025-03-22T09:53:05
USR-0022,CNT-0199,view,79,2025-03-22T09:53:55
USR-0484,CNT-0142,complete,4405,2025-03-22T09:54:48
USR-0370,CNT-0422,like,292,2025-03-22T09:57:33
USR-0175,CNT-0316,complete,934,2025-03-22T09:58:28
USR-0295,CNT-0181,click,5681,2025-03-22T10:05:30
USR-0089,CNT-0358,skip,142,2025-03-22T10:06:27
USR-0408,CNT-0130,view,5,2025-03-22T10:08:27
USR-0713,CNT-0381,click,2710,2025-03-22T10:10:14
USR-0478,CNT-0492,complete,3781,2025-03-22T10:18:34
USR-0220,CNT-0083,view,273,2025-03-22T10:23:55
USR-0663,CNT-0067,skip,10,2025-03-22T10:26:18
USR-0493,CNT-0198,like,914,2025-03-22T10:28:29
USR-0268,CNT-0378,click,1760,2025-03-22T10:30:08
USR-0899,CNT-0088,view,25,2025-03-22T10:31:17
USR-0469,CNT-0085,view,505,2025-03-22T10:50:26
USR-0361,CNT-0017,click,1361,2025-03-22T10:51:28
USR-0489,CNT-0208,view,1137,2025-03-22T10:56:40
USR-0758,CNT-0404,complete,671,2025-03-22T10:58:17
USR-0719,CNT-0055,view,181,2025-03-22T11:15:12
USR-0507,CNT-0206,view,76,2025-03-22T11:19:58
USR-0892,CNT-0447,skip,72,2025-03-22T11:25:24
USR-0373,CNT-0246,view,411,2025-03-22T11:45:06
USR-0137,CNT-0486,skip,0,2025-03-22T11:57:46
USR-0724,CNT-0067,complete,3755,2025-03-22T12:06:29
USR-0671,CNT-0171,view,892,2025-03-22T12:18:55
USR-0850,CNT-0398,complete,151,2025-03-22T12:21:22
USR-0352,CNT-0210,like,827,2025-03-22T12:23:33
USR-0462,CNT-0376,view,6,2025-03-22T12:28:44
USR-0823,CNT-0209,complete,128,2025-03-22T12:29:38
USR-0415,CNT-0132,like,3,2025-03-22T12:38:32
USR-0645,CNT-0382,complete,3194,2025-03-22T12:38:32
USR-0637,CNT-0096,view,2068,2025-03-22T12:45:41
USR-0674,CNT-0041,complete,1423,2025-03-22T12:46:45
USR-0979,CNT-0445,complete,344,2025-03-22T12:46:55
USR-0129,CNT-0199,click,105,2025-03-22T12:52:48
USR-0564,CNT-0101,view,285,2025-03-22T12:52:53
USR-0505,CNT-0018,click,48,2025-03-22T12:54:34
USR-0524,CNT-0134,click,151,2025-03-22T12:55:50
USR-0249,CNT-0316,like,1057,2025-03-22T12:56:47
USR-0441,CNT-0165,complete,3826,2025-03-22T13:04:58
USR-0506,CNT-0270,skip,196,2025-03-22T13:07:26
USR-0255,CNT-0150,click,1433,2025-03-22T13:23:35
USR-0966,CNT-0474,like,714,2025-03-22T13:43:09
USR-0500,CNT-0185,view,624,2025-03-22T13:57:23
USR-0465,CNT-0450,click,1488,2025-03-22T14:09:05
USR-0704,CNT-0228,skip,177,2025-03-22T14:10:06
USR-0988,CNT-0255,view,1873,2025-03-22T14:13:18
USR-0518,CNT-0051,view,31,2025-03-22T14:17:01
USR-0417,CNT-0153,like,3382,2025-03-22T14:21:21
USR-0236,CNT-0467,complete,1900,2025-03-22T14:25:46
USR-0627,CNT-0093,complete,128,2025-03-22T14:32:54
USR-0019,CNT-0485,view,5,2025-03-22T14:33:49
USR-0828,CNT-0215,skip,37,2025-03-22T14:41:51
USR-0878,CNT-0375,click,405,2025-03-22T14:43:40
USR-0125,CNT-0150,click,1976,2025-03-22T14:53:37
USR-0237,CNT-0215,click,188,2025-03-22T14:58:22
USR-0142,CNT-0171,complete,926,2025-03-22T14:59:14
USR-0248,CNT-0262,click,730,2025-03-22T15:00:31
USR-0997,CNT-0015,skip,21,2025-03-22T15:10:54
USR-0957,CNT-0303,view,260,2025-03-22T15:13:13
USR-0167,CNT-0001,view,63,2025-03-22T15:16:21
USR-0593,CNT-0159,complete,849,2025-03-22T15:27:16
USR-0576,CNT-0237,click,688,2025-03-22T15:28:16
USR-0885,CNT-0138,click,302,2025-03-22T15:43:17
USR-0364,CNT-0139,complete,1200,2025-03-22T15:47:23
USR-0492,CNT-0481,skip,666,2025-03-22T16:15:21
USR-0410,CNT-0061,skip,107,2025-03-22T16:15:42
USR-0159,CNT-0001,like,232,2025-03-22T16:20:16
USR-0446,CNT-0343,click,207,2025-03-22T16:24:45
USR-0449,CNT-0476,skip,8,2025-03-22T16:25:21
USR-0624,CNT-0280,skip,21,2025-03-22T16:39:46
USR-0378,CNT-0183,complete,4642,2025-03-22T16:40:41
USR-0954,CNT-0427,view,179,2025-03-22T16:41:54
USR-0405,CNT-0003,like,183,2025-03-22T16:48:43
USR-0961,CNT-0109,view,562,2025-03-22T16:53:06
USR-0021,CNT-0229,like,355,2025-03-22T16:53:22
USR-0339,CNT-0010,view,4778,2025-03-22T16:57:49
USR-0153,CNT-0486,click,1,2025-03-22T17:09:51
USR-0716,CNT-0094,click,770,2025-03-22T17:10:44
USR-0767,CNT-0494,skip,32,2025-03-22T17:20:27
USR-0189,CNT-0030,click,25,2025-03-22T17:20:44
USR-0183,CNT-0388,click,3863,2025-03-22T17:23:33
USR-0115,CNT-0478,like,663,2025-03-22T17:28:10
USR-0905,CNT-0287,skip,3,2025-03-22T17:59:40
USR-0530,CNT-0024,view,87,2025-03-22T18:03:47
USR-0098,CNT-0271,skip,85,2025-03-22T18:16:35
USR-0350,CNT-0193,like,238,2025-03-22T18:48:00
USR-0812,CNT-0452,skip,5,2025-03-22T18:48:52
USR-0702,CNT-0311,view,787,2025-03-22T18:49:25
USR-0900,CNT-0033,skip,16,2025-03-22T18:52:01
USR-0912,CNT-0399,like,1977,2025-03-22T19:14:02
USR-0374,CNT-0296,click,150,2025-03-22T19:24:56
USR-0503,CNT-0345,view,312,2025-03-22T19:42:33
USR-0157,CNT-0480,complete,710,2025-03-22T19:50:39
USR-0481,CNT-0362,click,1640,2025-03-22T19:52:58
USR-0270,CNT-0263,view,115,2025-03-22T19:53:26
USR-0140,CNT-0154,click,31,2025-03-22T19:54:37
USR-0279,CNT-0318,view,30,2025-03-22T19:56:07
USR-0786,CNT-0351,view,18,2025-03-22T20:02:51
USR-0060,CNT-0451,like,607,2025-03-22T20:43:09
USR-0008,CNT-0039,like,2415,2025-03-22T20:47:48
USR-0564,CNT-0098,complete,6154,2025-03-22T20:51:09
USR-0617,CNT-0296,click,319,2025-03-22T21:04:43
USR-0481,CNT-0257,view,19,2025-03-22T21:15:05
USR-0381,CNT-0338,complete,203,2025-03-22T21:18:04
USR-0224,CNT-0210,like,1440,2025-03-22T21:30:19
USR-0005,CNT-0270,view,303,2025-03-22T21:35:54
USR-0750,CNT-0372,skip,28,2025-03-22T21:39:08
USR-0320,CNT-0361,complete,4533,2025-03-22T21:44:29
USR-0184,CNT-0486,view,170,2025-03-22T21:47:25
USR-0281,CNT-0040,click,53,2025-03-22T21:51:26
USR-0012,CNT-0438,view,170,2025-03-22T21:56:59
USR-0567,CNT-0171,view,497,2025-03-22T22:03:12
USR-0618,CNT-0346,complete,3901,2025-03-22T22:04:06
USR-0370,CNT-0399,click,1709,2025-03-22T22:04:38
USR-0411,CNT-0307,skip,76,2025-03-22T22:06:40
USR-0035,CNT-0296,like,234,2025-03-22T22:07:54
USR-0991,CNT-0146,complete,525,2025-03-22T22:10:58
USR-0821,CNT-0087,skip,157,2025-03-22T22:18:07
USR-0351,CNT-0060,skip,8,2025-03-22T22:29:28
USR-0907,CNT-0220,complete,115,2025-03-22T22:41:08
USR-0347,CNT-0178,view,439,2025-03-22T22:47:32
USR-0820,CNT-0318,skip,29,2025-03-22T23:06:19
USR-0872,CNT-0187,view,64,2025-03-22T23:08:42
USR-0899,CNT-0353,click,6027,2025-03-22T23:14:58
USR-0348,CNT-0203,skip,2,2025-03-22T23:34:27
USR-0501,CNT-0150,click,1352,2025-03-22T23:37:02
USR-0285,CNT-0083,complete,400,2025-03-22T23:37:48
USR-0196,CNT-0014,like,2812,2025-03-22T23:45:38
USR-0408,CNT-0050,like,487,2025-03-22T23:49:05
USR-0458,CNT-0494,view,316,2025-03-22T23:52:13
USR-0426,CNT-0097,view,1637,2025-03-23T00:06:32
USR-0506,CNT-0121,view,86,2025-03-23T00:06:52
USR-0467,CNT-0205,click,185,2025-03-23T00:10:24
USR-0073,CNT-0311,view,2552,2025-03-23T00:12:04
USR-0471,CNT-0052,complete,231,2025-03-23T00:13:46
USR-0017,CNT-0281,view,1691,2025-03-23T00:16:32
USR-0024,CNT-0394,complete,63,2025-03-23T00:34:08
USR-0206,CNT-0388,view,1887,2025-03-23T00:37:31
USR-0866,CNT-0413,skip,115,2025-03-23T00:43:23
USR-0471,CNT-0216,view,4775,2025-03-23T00:45:16
USR-0610,CNT-0310,click,674,2025-03-23T00:50:46
USR-0938,CNT-0005,view,1012,2025-03-23T00:54:04
USR-0425,CNT-0176,view,3091,2025-03-23T00:56:35
USR-0773,CNT-0431,view,616,2025-03-23T01:12:38
USR-0708,CNT-0370,view,124,2025-03-23T01:14:08
USR-0636,CNT-0482,click,374,2025-03-23T01:20:34
USR-0208,CNT-0024,skip,18,2025-03-23T01:28:13
USR-0916,CNT-0256,like,44,2025-03-23T01:29:58
USR-0974,CNT-0416,complete,76,2025-03-23T01:31:16
USR-0358,CNT-0050,complete,578,2025-03-23T01:34:58
USR-0153,CNT-0065,skip,27,2025-03-23T01:44:31
USR-0803,CNT-0407,complete,129,2025-03-23T01:56:14
USR-0196,CNT-0210,view,16,2025-03-23T01:57:28
USR-0846,CNT-0303,complete,526,2025-03-23T01:57:59
USR-0286,CNT-0116,skip,0,2025-03-23T02:13:29
USR-0043,CNT-0460,view,4482,2025-03-23T02:18:54
USR-0202,CNT-0364,view,498,2025-03-23T02:25:47
USR-0681,CNT-0155,view,349,2025-03-23T02:31:36
USR-0724,CNT-0130,view,26,2025-03-23T02:39:33
USR-0889,CNT-0420,click,4697,2025-03-23T02:43:21
USR-0498,CNT-0040,skip,10,2025-03-23T02:43:29
USR-0239,CNT-0011,view,212,2025-03-23T02:57:45
USR-0325,CNT-0422,view,100,2025-03-23T03:15:22
USR-0189,CNT-0336,view,141,2025-03-23T03:32:55
USR-0167,CNT-0344,like,890,2025-03-23T03:33:41
USR-0457,CNT-0365,click,922,2025-03-23T03:34:58
USR-0038,CNT-0209,view,121,2025-03-23T03:38:07
USR-0772,CNT-0241,view,2452,2025-03-23T03:38:27
USR-0584,CNT-0237,complete,872,2025-03-23T03:40:10
USR-0391,CNT-0466,view,93,2025-03-23T03:43:39
USR-0575,CNT-0174,click,36,2025-03-23T04:16:02
USR-0177,CNT-0141,like,571,2025-03-23T04:31:27
USR-0937,CNT-0226,complete,645,2025-03-23T04:37:04
USR-0508,CNT-0331,view,113,2025-03-23T04:38:42
USR-0010,CNT-0166,view,170,2025-03-23T04:41:10
USR-0258,CNT-0328,view,85,2025-03-23T04:42:41
USR-0871,CNT-0344,like,239,2025-03-23T04:43:48
USR-0897,CNT-0076,view,283,2025-03-23T04:44:12
USR-0309,CNT-0492,view,404,2025-03-23T04:48:30
USR-0739,CNT-0311,click,1848,2025-03-23T04:49:23
USR-0811,CNT-0053,skip,22,2025-03-23T04:52:46
USR-0503,CNT-0339,view,18,2025-03-23T05:11:26
USR-0649,CNT-0045,complete,179,2025-03-23T05:12:38
USR-0839,CNT-0176,view,506,2025-03-23T05:13:55
USR-0437,CNT-0247,view,371,2025-03-23T05:36:46
USR-0877,CNT-0355,like,260,2025-03-23T05:36:57
USR-0489,CNT-0086,click,2822,2025-03-23T05:38:48
USR-0886,CNT-0211,complete,175,2025-03-23T05:40:24
USR-0686,CNT-0037,complete,4308,2025-03-23T05:45:52
USR-0420,CNT-0127,like,173,2025-03-23T05:49:08
USR-0040,CNT-0311,view,4957,2025-03-23T05:58:38
USR-0264,CNT-0361,skip,162,2025-03-23T06:00:34
USR-0589,CNT-0463,like,630,2025-03-23T06:27:22
USR-0063,CNT-0423,view,785,2025-03-23T06:38:21
USR-0996,CNT-0039,view,3258,2025-03-23T06:43:31
USR-0630,CNT-0136,view,61,2025-03-23T06:53:31
USR-0165,CNT-0425,view,343,2025-03-23T07:06:28
USR-0719,CNT-0060,click,244,2025-03-23T07:22:12
USR-0263,CNT-0250,view,12,2025-03-23T07:30:46
USR-0233,CNT-0320,complete,602,2025-03-23T07:40:06
USR-0079,CNT-0139,view,150,2025-03-23T07:44:42
USR-0948,CNT-0242,view,293,2025-03-23T08:04:25
USR-0210,CNT-0262,click,1592,2025-03-23T08:20:29
USR-0653,CNT-0273,complete,137,2025-03-23T08:20:32
USR-0672,CNT-0351,skip,60,2025-03-23T08:21:40
USR-0013,CNT-0143,complete,5175,2025-03-23T08:31:12
USR-0814,CNT-0026,like,545,2025-03-23T08:33:52
USR-0972,CNT-0050,view,323,2025-03-23T08:35:43
USR-0897,CNT-0128,complete,353,2025-03-23T08:37:44
USR-0912,CNT-0323,view,1332,2025-03-23T09:07:12
USR-0330,CNT-0010,click,3177,2025-03-23T09:11:30
USR-0067,CNT-0476,complete,60,2025-03-23T09:23:04
USR-0830,CNT-0462,click,1041,2025-03-23T09:27:07
USR-0598,CNT-0368,skip,37,2025-03-23T09:34:05
USR-0257,CNT-0495,click,700,2025-03-23T09:41:50
USR-0146,CNT-0266,skip,554,2025-03-23T09:46:13
USR-0483,CNT-0410,complete,58,2025-03-23T09:50:13
USR-0113,CNT-0426,view,121,2025-03-23T09:59:42
USR-0221,CNT-0054,view,305,2025-03-23T10:02:36
USR-0758,CNT-0048,complete,84,2025-03-23T10:10:46
USR-0638,CNT-0389,view,53,2025-03-23T10:10:52
USR-0838,CNT-0470,view,377,2025-03-23T10:14:59
USR-0860,CNT-0016,complete,856,2025-03-23T10:39:34
USR-0849,CNT-0378,view,409,2025-03-23T10:49:51
USR-0099,CNT-0187,view,87,2025-03-23T11:32:05
USR-0805,CNT-0393,skip,104,2025-03-23T11:37:19
USR-0515,CNT-0068,like,63,2025-03-23T11:47:10
USR-0414,CNT-0323,click,1372,2025-03-23T12:03:18
USR-0125,CNT-0353,click,3849,2025-03-23T12:12:35
USR-0058,CNT-0473,complete,1916,2025-03-23T12:17:44
USR-0158,CNT-0026,view,225,2025-03-23T12:43:28
USR-0795,CNT-0097,view,818,2025-03-23T12:44:53
USR-0373,CNT-0355,skip,203,2025-03-23T12:54:00
USR-0233,CNT-0069,view,4518,2025-03-23T12:55:29
USR-0958,CNT-0086,complete,4021,2025-03-23T12:57:00
USR-0054,CNT-0259,complete,849,2025-03-23T12:58:30
USR-0056,CNT-0302,like,77,2025-03-23T13:00:30
USR-0640,CNT-0392,click,809,2025-03-23T13:06:23
USR-0298,CNT-0223,view,2485,2025-03-23T13:07:51
USR-0711,CNT-0073,view,255,2025-03-23T13:09:15
USR-0173,CNT-0423,view,2600,2025-03-23T13:11:19
USR-0164,CNT-0010,skip,1248,2025-03-23T13:12:37
USR-0143,CNT-0094,view,737,2025-03-23T13:15:17
USR-0202,CNT-0173,click,12,2025-03-23T13:17:18
USR-0392,CNT-0276,complete,164,2025-03-23T13:24:08
USR-0562,CNT-0405,click,17,2025-03-23T13:26:20
USR-0852,CNT-0040,complete,53,2025-03-23T13:29:47
USR-0433,CNT-0363,like,4473,2025-03-23T13:44:41
USR-0579,CNT-0101,view,122,2025-03-23T13:46:53
USR-0609,CNT-0104,like,1456,2025-03-23T13:47:37
USR-0454,CNT-0308,view,1406,2025-03-23T13:48:06
USR-0694,CNT-0306,complete,61,2025-03-23T14:03:11
USR-0241,CNT-0482,click,860,2025-03-23T14:10:20
USR-0993,CNT-0217,like,77,2025-03-23T14:13:42
USR-0616,CNT-0175,complete,3898,2025-03-23T14:15:50
USR-0378,CNT-0137,skip,71,2025-03-23T14:16:19
USR-0571,CNT-0088,like,14,2025-03-23T14:17:18
USR-0795,CNT-0276,view,162,2025-03-23T14:26:33
USR-0297,CNT-0458,like,2292,2025-03-23T14:29:51
USR-0986,CNT-0381,click,3213,2025-03-23T14:33:58
USR-0466,CNT-0141,view,1042,2025-03-23T14:39:48
USR-0771,CNT-0328,click,19,2025-03-23T14:48:40
USR-0686,CNT-0128,complete,351,2025-03-23T14:51:42
USR-0180,CNT-0263,complete,236,2025-03-23T14:58:11
USR-0612,CNT-0476,like,30,2025-03-23T15:02:20
USR-0294,CNT-0477,view,3126,2025-03-23T15:22:49
USR-0928,CNT-0478,like,301,2025-03-23T15:33:37
USR-0270,CNT-0079,view,2749,2025-03-23T15:41:33
USR-0401,CNT-0096,view,128,2025-03-23T15:57:17
USR-0228,CNT-0434,click,17,2025-03-23T16:02:36
USR-0375,CNT-0262,complete,2997,2025-03-23T16:05:42
USR-0514,CNT-0025,click,1509,2025-03-23T16:13:40
USR-0153,CNT-0351,complete,488,2025-03-23T16:18:51
USR-0073,CNT-0380,skip,80,2025-03-23T16:23:29
USR-0255,CNT-0099,complete,591,2025-03-23T16:31:42
USR-0534,CNT-0055,like,243,2025-03-23T16:33:43
USR-0209,CNT-0150,like,1861,2025-03-23T16:39:44
USR-0248,CNT-0113,complete,2254,2025-03-23T16:40:42
USR-0361,CNT-0251,click,445,2025-03-23T16:44:52
USR-0062,CNT-0467,like,558,2025-03-23T16:49:37
USR-0558,CNT-0192,skip,12,2025-03-23T16:57:47
USR-0095,CNT-0449,complete,2738,2025-03-23T16:58:59
USR-0356,CNT-0190,view,2019,2025-03-23T16:59:48
USR-0511,CNT-0412,skip,190,2025-03-23T17:11:02
USR-0909,CNT-0459,view,27,2025-03-23T17:20:50
USR-0975,CNT-0299,skip,21,2025-03-23T17:27:07
USR-0226,CNT-0171,skip,125,2025-03-23T17:46:25
USR-0110,CNT-0354,skip,60,2025-03-23T17:50:57
USR-0493,CNT-0344,like,892,2025-03-23T18:12:40
USR-0053,CNT-0035,complete,146,2025-03-23T18:16:09
USR-0328,CNT-0223,view,736,2025-03-23T18:16:44
USR-0859,CNT-0260,click,619,2025-03-23T18:26:52
USR-0058,CNT-0172,complete,116,2025-03-23T18:30:20
USR-0617,CNT-0042,click,609,2025-03-23T18:52:30
USR-0721,CNT-0488,view,1231,2025-03-23T18:59:48
USR-0427,CNT-0377,view,2,2025-03-23T19:01:52
USR-0528,CNT-0335,view,3309,2025-03-23T19:02:04
USR-0534,CNT-0421,view,2276,2025-03-23T19:06:38
USR-0273,CNT-0380,complete,299,2025-03-23T19:18:45
USR-0301,CNT-0071,view,60,2025-03-23T19:19:44
USR-0823,CNT-0273,click,77,2025-03-23T19:20:00
USR-0533,CNT-0074,click,28,2025-03-23T19:22:12
USR-0084,CNT-0170,view,2,2025-03-23T19:22:48
USR-0152,CNT-0236,skip,0,2025-03-23T19:43:26
USR-0206,CNT-0287,click,55,2025-03-23T19:48:19
USR-0230,CNT-0159,complete,1003,2025-03-23T19:50:48
USR-0117,CNT-0097,like,3934,2025-03-23T19:53:06
USR-0542,CNT-0423,skip,11,2025-03-23T19:59:06
USR-0767,CNT-0045,click,87,2025-03-23T20:05:17
USR-0932,CNT-0377,view,14,2025-03-23T20:14:11
USR-0886,CNT-0296,like,20,2025-03-23T20:18:57
USR-0320,CNT-0479,view,766,2025-03-23T20:24:18
USR-0163,CNT-0057,view,463,2025-03-23T20:53:19
USR-0244,CNT-0276,complete,148,2025-03-23T20:56:23
USR-0412,CNT-0142,view,2182,2025-03-23T20:57:52
USR-0268,CNT-0077,skip,498,2025-03-23T20:58:49
USR-0558,CNT-0033,skip,16,2025-03-23T20:59:36
USR-0657,CNT-0002,like,111,2025-03-23T21:01:48
USR-0994,CNT-0158,view,104,2025-03-23T21:01:52
USR-0851,CNT-0012,like,15,2025-03-23T21:05:08
USR-0738,CNT-0357,skip,294,2025-03-23T21:05:42
USR-0500,CNT-0131,click,1161,2025-03-23T21:06:20
USR-0427,CNT-0333,complete,144,2025-03-23T21:08:18
USR-0750,CNT-0110,skip,8,2025-03-23T21:14:53
USR-0205,CNT-0147,view,391,2025-03-23T21:21:36
USR-0347,CNT-0107,view,227,2025-03-23T21:26:43
USR-0174,CNT-0264,skip,309,2025-03-23T21:33:59
USR-0475,CNT-0354,view,41,2025-03-23T21:36:19
USR-0432,CNT-0106,like,553,2025-03-23T21:37:15
USR-0003,CNT-0252,view,1193,2025-03-23T21:41:00
USR-0308,CNT-0428,click,330,2025-03-23T21:53:44
USR-0895,CNT-0491,skip,222,2025-03-23T21:57:25
USR-0495,CNT-0060,complete,357,2025-03-23T22:07:03
USR-0447,CNT-0455,skip,5,2025-03-23T22:16:53
USR-0491,CNT-0295,complete,68,2025-03-23T22:31:18
USR-0416,CNT-0346,like,2823,2025-03-23T22:40:58
USR-0369,CNT-0061,click,1,2025-03-23T22:42:15
USR-0216,CNT-0137,complete,659,2025-03-23T22:48:14
USR-0425,CNT-0364,skip,256,2025-03-23T22:59:28
USR-0542,CNT-0075,like,197,2025-03-23T23:16:16
USR-0859,CNT-0003,like,2280,2025-03-23T23:24:03
USR-0582,CNT-0353,view,2164,2025-03-23T23:52:46
USR-0269,CNT-0454,view,506,2025-03-24T00:06:56
USR-0759,CNT-0447,click,107,2025-03-24T00:09:34
USR-0490,CNT-0007,click,962,2025-03-24T00:17:55
USR-0411,CNT-0379,skip,22,2025-03-24T00:20:23
USR-0759,CNT-0238,click,485,2025-03-24T00:23:47
USR-0932,CNT-0215,skip,65,2025-03-24T00:31:54
USR-0139,CNT-0356,like,479,2025-03-24T00:34:11
USR-0675,CNT-0035,view,57,2025-03-24T01:00:08
USR-0471,CNT-0309,view,209,2025-03-24T01:00:55
USR-0821,CNT-0413,click,372,2025-03-24T01:04:50
USR-0610,CNT-0209,view,4,2025-03-24T01:07:46
USR-0281,CNT-0013,like,1646,2025-03-24T01:17:27
USR-0778,CNT-0144,click,372,2025-03-24T01:17:57
USR-0536,CNT-0249,complete,761,2025-03-24T01:24:30
USR-0955,CNT-0003,like,4103,2025-03-24T01:25:32
USR-0051,CNT-0132,skip,8,2025-03-24T01:55:02
USR-0520,CNT-0127,click,72,2025-03-24T01:55:37
USR-0567,CNT-0355,complete,1402,2025-03-24T02:06:56
USR-0188,CNT-0110,complete,857,2025-03-24T02:14:50
USR-0466,CNT-0414,complete,197,2025-03-24T02:22:07
USR-0821,CNT-0073,click,3418,2025-03-24T02:24:17
USR-0823,CNT-0184,like,143,2025-03-24T02:24:26
USR-0519,CNT-0392,complete,1080,2025-03-24T02:27:02
USR-0657,CNT-0343,complete,1020,2025-03-24T02:32:29
USR-0526,CNT-0267,view,953,2025-03-24T02:47:06
USR-0143,CNT-0210,like,404,2025-03-24T02:47:37
USR-0112,CNT-0221,view,194,2025-03-24T03:01:20
USR-0710,CNT-0290,view,1750,2025-03-24T03:02:47
USR-0408,CNT-0180,view,65,2025-03-24T03:19:31
USR-0253,CNT-0448,click,37,2025-03-24T03:20:00
USR-0023,CNT-0156,skip,293,2025-03-24T03:39:24
USR-0472,CNT-0186,skip,674,2025-03-24T04:13:02
USR-0620,CNT-0182,click,33,2025-03-24T04:30:35
USR-0755,CNT-0031,click,1268,2025-03-24T04:34:47
USR-0523,CNT-0161,like,360,2025-03-24T04:37:16
USR-0389,CNT-0342,complete,2562,2025-03-24T05:02:10
USR-0732,CNT-0006,like,410,2025-03-24T05:10:30
USR-0191,CNT-0191,view,510,2025-03-24T05:11:45
USR-0852,CNT-0339,view,295,2025-03-24T05:17:39
USR-0344,CNT-0122,complete,178,2025-03-24T05:18:36
USR-0388,CNT-0400,like,1,2025-03-24T05:23:52
USR-0499,CNT-0271,skip,160,2025-03-24T05:32:04
USR-0825,CNT-0265,complete,281,2025-03-24T05:32:07
USR-0635,CNT-0485,view,42,2025-03-24T05:33:11
USR-0529,CNT-0358,complete,679,2025-03-24T05:33:39
USR-0589,CNT-0237,skip,195,2025-03-24T05:38:01
USR-0595,CNT-0415,like,2583,2025-03-24T05:39:01
USR-0451,CNT-0210,view,597,2025-03-24T05:49:01
USR-0475,CNT-0246,like,357,2025-03-24T05:53:29
USR-0562,CNT-0419,complete,2003,2025-03-24T05:54:00
USR-0082,CNT-0398,skip,0,2025-03-24T05:59:00
USR-0296,CNT-0034,skip,117,2025-03-24T05:59:33
USR-0473,CNT-0379,skip,8,2025-03-24T06:13:24
USR-0103,CNT-0083,skip,101,2025-03-24T06:20:22
USR-0442,CNT-0339,complete,430,2025-03-24T06:30:28
USR-0697,CNT-0139,view,719,2025-03-24T06:32:13
USR-0748,CNT-0343,view,288,2025-03-24T06:37:10
USR-0215,CNT-0264,view,1115,2025-03-24T06:40:07
USR-0032,CNT-0479,view,321,2025-03-24T06:40:41
USR-0772,CNT-0353,like,4767,2025-03-24T06:45:51
USR-0714,CNT-0468,complete,1421,2025-03-24T06:50:50
USR-0791,CNT-0094,view,979,2025-03-24T06:58:10
USR-0315,CNT-0286,view,541,2025-03-24T07:02:02
USR-0408,CNT-0220,skip,19,2025-03-24T07:04:48
USR-0597,CNT-0009,complete,4376,2025-03-24T07:08:12
USR-0143,CNT-0179,like,1,2025-03-24T07:21:35
USR-0864,CNT-0462,skip,101,2025-03-24T07:27:25
USR-0370,CNT-0479,complete,901,2025-03-24T07:32:10
USR-0428,CNT-0460,click,1064,2025-03-24T07:39:37
USR-0064,CNT-0394,view,77,2025-03-24T07:46:38
USR-0608,CNT-0216,complete,5485,2025-03-24T07:53:46
USR-0830,CNT-0182,skip,13,2025-03-24T08:08:46
USR-0050,CNT-0370,view,137,2025-03-24T08:11:50
USR-0729,CNT-0413,view,441,2025-03-24T08:15:59
USR-0119,CNT-0002,complete,121,2025-03-24T08:16:19
USR-0638,CNT-0243,skip,61,2025-03-24T08:31:49
USR-0339,CNT-0256,like,322,2025-03-24T08:42:27
USR-0615,CNT-0146,view,227,2025-03-24T08:44:13
USR-0658,CNT-0236,like,1,2025-03-24T09:00:39
USR-0798,CNT-0081,view,322,2025-03-24T09:12:45
USR-0663,CNT-0176,skip,251,2025-03-24T09:22:11
USR-0127,CNT-0366,view,95,2025-03-24T09:25:09
USR-0079,CNT-0092,skip,360,2025-03-24T09:41:06
USR-0409,CNT-0302,view,78,2025-03-24T10:01:57
USR-0505,CNT-0304,complete,1048,2025-03-24T10:04:08
USR-0349,CNT-0040,complete,54,2025-03-24T10:06:19
USR-0215,CNT-0253,view,55,2025-03-24T10:07:47
USR-0794,CNT-0323,view,4106,2025-03-24T10:15:03
USR-0582,CNT-0183,like,4986,2025-03-24T10:18:35
USR-0475,CNT-0392,complete,897,2025-03-24T10:39:18
USR-0493,CNT-0148,click,101,2025-03-24T11:01:39
USR-0688,CNT-0024,click,63,2025-03-24T11:04:06
USR-0018,CNT-0190,like,2222,2025-03-24T11:05:09
USR-0099,CNT-0094,view,707,2025-03-24T11:09:47
USR-0269,CNT-0451,view,700,2025-03-24T11:13:54
USR-0943,CNT-0209,view,116,2025-03-24T11:18:55
USR-0623,CNT-0304,skip,250,2025-03-24T11:32:11
USR-0668,CNT-0460,like,2378,2025-03-24T11:39:04
USR-0311,CNT-0467,click,380,2025-03-24T11:40:10
USR-0543,CNT-0355,view,1476,2025-03-24T11:41:53
USR-0275,CNT-0030,skip,100,2025-03-24T11:50:58
USR-0448,CNT-0291,view,591,2025-03-24T11:57:17
USR-0707,CNT-0384,view,3742,2025-03-24T12:00:40
USR-0098,CNT-0204,view,987,2025-03-24T12:08:51
USR-0834,CNT-0082,complete,563,2025-03-24T12:10:45
USR-0503,CNT-0421,view,286,2025-03-24T12:24:59
USR-0105,CNT-0317,like,301,2025-03-24T12:28:43
USR-0831,CNT-0132,complete,154,2025-03-24T12:38:14
USR-0259,CNT-0423,view,451,2025-03-24T12:38:28
USR-0234,CNT-0484,click,44,2025-03-24T12:40:05
USR-0081,CNT-0278,click,228,2025-03-24T12:46:57
USR-0291,CNT-0147,like,250,2025-03-24T12:51:00
USR-0870,CNT-0006,view,101,2025-03-24T12:54:35
USR-0963,CNT-0438,view,392,2025-03-24T12:59:54
USR-0358,CNT-0095,complete,574,2025-03-24T13:06:42
USR-0024,CNT-0407,click,136,2025-03-24T13:08:53
USR-0140,CNT-0417,view,502,2025-03-24T13:12:52
USR-0492,CNT-0144,view,827,2025-03-24T13:23:17
USR-0435,CNT-0243,like,226,2025-03-24T13:23:59
USR-0779,CNT-0242,like,313,2025-03-24T13:25:17
USR-0029,CNT-0052,like,23,2025-03-24T13:25:38
USR-0673,CNT-0093,like,80,2025-03-24T13:37:21
USR-0897,CNT-0267,view,724,2025-03-24T13:44:53
USR-0203,CNT-0473,view,1670,2025-03-24T13:46:15
USR-0332,CNT-0181,like,6566,2025-03-24T13:47:45
USR-0455,CNT-0229,skip,49,2025-03-24T14:00:35
USR-0739,CNT-0148,view,591,2025-03-24T14:03:03
USR-0510,CNT-0125,click,5061,2025-03-24T14:03:38
USR-0658,CNT-0146,complete,558,2025-03-24T14:15:03
USR-0581,CNT-0467,like,364,2025-03-24T14:26:24
USR-0999,CNT-0043,view,1438,2025-03-24T14:29:24
USR-0699,CNT-0371,view,84,2025-03-24T14:31:48
USR-0755,CNT-0483,complete,3004,2025-03-24T14:32:35
USR-0785,CNT-0414,complete,216,2025-03-24T14:34:41
USR-0045,CNT-0413,view,528,2025-03-24T14:36:08
USR-0306,CNT-0104,view,2110,2025-03-24T14:40:27
USR-0880,CNT-0203,like,1,2025-03-24T14:47:07
USR-0146,CNT-0209,skip,17,2025-03-24T15:01:00
USR-0095,CNT-0052,complete,245,2025-03-24T15:10:13
USR-0997,CNT-0240,view,60,2025-03-24T15:10:44
USR-0225,CNT-0190,skip,299,2025-03-24T15:26:34
USR-0172,CNT-0054,view,356,2025-03-24T15:29:15
USR-0005,CNT-0195,click,668,2025-03-24T15:37:59
USR-0756,CNT-0226,click,371,2025-03-24T15:38:41
USR-0221,CNT-0030,click,568,2025-03-24T15:42:28
USR-0643,CNT-0359,complete,638,2025-03-24T15:50:05
USR-0247,CNT-0014,complete,4084,2025-03-24T16:06:33
USR-0013,CNT-0047,view,693,2025-03-24T16:10:50
USR-0341,CNT-0073,skip,651,2025-03-24T16:15:54
USR-0735,CNT-0316,like,303,2025-03-24T16:22:37
USR-0780,CNT-0027,view,1841,2025-03-24T16:25:53
USR-0331,CNT-0275,click,30,2025-03-24T16:29:18
USR-0530,CNT-0135,skip,683,2025-03-24T16:32:51
USR-0044,CNT-0249,skip,138,2025-03-24T16:34:00
USR-0375,CNT-0176,click,1193,2025-03-24T16:41:34
USR-0275,CNT-0222,view,43,2025-03-24T16:46:24
USR-0195,CNT-0142,view,2407,2025-03-24T16:48:03
USR-0309,CNT-0131,click,1187,2025-03-24T16:49:15
USR-0654,CNT-0345,skip,180,2025-03-24T16:59:19
USR-0215,CNT-0033,view,4,2025-03-24T17:08:27
USR-0719,CNT-0384,complete,4506,2025-03-24T17:09:46
USR-0528,CNT-0447,click,2248,2025-03-24T17:11:29
USR-0364,CNT-0005,complete,1911,2025-03-24T17:21:50
USR-0869,CNT-0128,view,310,2025-03-24T17:28:03
USR-0676,CNT-0243,view,86,2025-03-24T17:32:14
USR-0632,CNT-0396,click,298,2025-03-24T17:42:12
USR-0503,CNT-0105,view,23,2025-03-24T17:42:20
USR-0729,CNT-0301,complete,885,2025-03-24T17:47:25
USR-0917,CNT-0364,view,288,2025-03-24T17:48:47
USR-0499,CNT-0353,skip,1399,2025-03-24T17:52:07
USR-0637,CNT-0432,complete,2976,2025-03-24T18:00:20
USR-0520,CNT-0352,view,4245,2025-03-24T18:06:47
USR-0332,CNT-0088,skip,21,2025-03-24T18:08:11
USR-0516,CNT-0342,like,1242,2025-03-24T18:24:39
USR-0731,CNT-0265,skip,73,2025-03-24T18:25:53
USR-0954,CNT-0426,click,2037,2025-03-24T18:27:00
USR-0986,CNT-0348,view,35,2025-03-24T18:28:07
USR-0496,CNT-0496,complete,107,2025-03-24T18:47:00
USR-0457,CNT-0071,skip,8,2025-03-24T19:01:56
USR-0260,CNT-0465,click,458,2025-03-24T19:11:41
USR-0965,CNT-0347,view,921,2025-03-24T19:30:13
USR-0091,CNT-0272,complete,903,2025-03-24T19:30:26
USR-0166,CNT-0455,view,53,2025-03-24T20:08:12
USR-0159,CNT-0389,skip,27,2025-03-24T20:08:34
USR-0325,CNT-0423,complete,3301,2025-03-24T20:10:11
USR-0891,CNT-0471,like,768,2025-03-24T20:10:29
USR-0093,CNT-0236,complete,33,2025-03-24T20:10:41
USR-0787,CNT-0049,view,342,2025-03-24T20:19:07
USR-0963,CNT-0224,click,983,2025-03-24T20:21:37
USR-0017,CNT-0231,view,2868,2025-03-24T20:27:19
USR-0369,CNT-0440,click,3008,2025-03-24T20:37:29
USR-0789,CNT-0036,skip,80,2025-03-24T20:38:37
USR-0602,CNT-0445,click,308,2025-03-24T20:41:29
USR-0412,CNT-0379,skip,1,2025-03-24T20:48:14
USR-0947,CNT-0380,view,174,2025-03-24T20:48:49
USR-0012,CNT-0010,skip,817,2025-03-24T20:50:39
USR-0936,CNT-0393,click,194,2025-03-24T21:03:43
USR-0906,CNT-0178,complete,613,2025-03-24T21:10:40
USR-0589,CNT-0208,view,1308,2025-03-24T21:11:56
USR-0810,CNT-0380,click,253,2025-03-24T21:12:52
USR-0654,CNT-0323,click,2086,2025-03-24T21:15:59
USR-0542,CNT-0080,view,60,2025-03-24T21:26:11
USR-0197,CNT-0396,view,546,2025-03-24T21:34:10
USR-0465,CNT-0001,click,26,2025-03-24T21:38:15
USR-0105,CNT-0342,view,263,2025-03-24T21:39:00
USR-0147,CNT-0433,click,105,2025-03-24T21:42:07
USR-0911,CNT-0249,skip,88,2025-03-24T21:51:54
USR-0813,CNT-0282,view,1052,2025-03-24T21:58:34
USR-0101,CNT-0174,view,24,2025-03-24T22:09:18
USR-0241,CNT-0269,click,166,2025-03-24T22:12:20
USR-0079,CNT-0235,like,701,2025-03-24T22:19:39
USR-0056,CNT-0052,skip,34,2025-03-24T22:27:25
USR-0534,CNT-0483,click,753,2025-03-24T22:27:28
USR-0310,CNT-0465,skip,96,2025-03-24T22:29:53
USR-0695,CNT-0318,skip,89,2025-03-24T23:02:34
USR-0233,CNT-0107,view,384,2025-03-24T23:12:51
USR-0308,CNT-0417,view,285,2025-03-24T23:18:08
USR-0915,CNT-0243,like,353,2025-03-24T23:21:57
USR-0107,CNT-0268,skip,267,2025-03-24T23:22:29
USR-0036,CNT-0349,complete,3647,2025-03-24T23:59:16
USR-0295,CNT-0394,view,47,2025-03-25T00:04:27
USR-0379,CNT-0047,click,394,2025-03-25T00:07:27
USR-0773,CNT-0416,complete,82,2025-03-25T00:09:24
USR-0104,CNT-0041,skip,19,2025-03-25T00:30:24
USR-0857,CNT-0449,complete,2552,2025-03-25T00:31:14
USR-0703,CNT-0402,like,2601,2025-03-25T00:41:11
USR-0949,CNT-0197,view,1282,2025-03-25T00:41:47
USR-0506,CNT-0166,complete,291,2025-03-25T00:48:36
USR-0547,CNT-0337,view,118,2025-03-25T00:50:21
USR-0925,CNT-0118,view,1246,2025-03-25T01:07:28
USR-0857,CNT-0263,view,78,2025-03-25T01:10:38
USR-0638,CNT-0394,view,63,2025-03-25T01:15:08
USR-0404,CNT-0329,view,1805,2025-03-25T01:28:17
USR-0805,CNT-0161,like,413,2025-03-25T01:46:06
USR-0665,CNT-0391,skip,26,2025-03-25T01:51:25
USR-0327,CNT-0156,view,2926,2025-03-25T01:53:08
USR-0346,CNT-0279,complete,3268,2025-03-25T02:14:33
USR-0284,CNT-0004,view,4101,2025-03-25T02:15:02
USR-0330,CNT-0410,like,33,2025-03-25T02:15:15
USR-0222,CNT-0413,view,53,2025-03-25T02:23:14
USR-0194,CNT-0214,like,1063,2025-03-25T02:56:00
USR-0026,CNT-0066,view,70,2025-03-25T03:04:35
USR-0730,CNT-0335,complete,4305,2025-03-25T03:13:38
USR-0523,CNT-0357,click,866,2025-03-25T03:24:00
USR-0192,CNT-0493,view,100,2025-03-25T03:29:53
USR-0676,CNT-0251,view,221,2025-03-25T03:39:02
USR-0654,CNT-0055,complete,205,2025-03-25T03:39:06
USR-0436,CNT-0478,view,598,2025-03-25T03:44:17
USR-0022,CNT-0056,skip,7,2025-03-25T04:12:24
USR-0140,CNT-0351,skip,136,2025-03-25T04:15:30
USR-0442,CNT-0417,skip,119,2025-03-25T04:21:38
USR-0360,CNT-0443,like,3532,2025-03-25T04:24:14
USR-0951,CNT-0068,view,236,2025-03-25T04:28:28
USR-0676,CNT-0207,view,1977,2025-03-25T04:31:28
USR-0330,CNT-0347,view,1414,2025-03-25T04:44:43
USR-1000,CNT-0279,skip,439,2025-03-25T04:49:57
USR-0994,CNT-0288,view,843,2025-03-25T04:53:36
USR-0123,CNT-0055,view,75,2025-03-25T04:59:44
USR-0832,CNT-0094,click,49,2025-03-25T05:02:14
USR-0980,CNT-0071,complete,75,2025-03-25T05:08:36
USR-0320,CNT-0276,view,149,2025-03-25T05:18:26
USR-0135,CNT-0099,skip,132,2025-03-25T05:19:12
USR-0443,CNT-0386,like,602,2025-03-25T05:26:14
USR-0387,CNT-0012,view,142,2025-03-25T05:42:58
USR-0304,CNT-0305,view,604,2025-03-25T05:48:27
USR-0101,CNT-0462,skip,123,2025-03-25T06:06:18
USR-0355,CNT-0446,click,380,2025-03-25T06:06:25
USR-0002,CNT-0446,view,273,2025-03-25T06:12:24
USR-0404,CNT-0152,skip,3,2025-03-25T06:16:10
USR-0539,CNT-0440,view,58,2025-03-25T06:16:42
USR-0100,CNT-0443,like,456,2025-03-25T06:22:47
USR-0803,CNT-0296,click,15,2025-03-25T06:23:18
USR-0925,CNT-0410,view,30,2025-03-25T06:27:45
USR-0247,CNT-0391,view,63,2025-03-25T06:28:01
USR-0927,CNT-0077,complete,2928,2025-03-25T06:49:55
USR-0286,CNT-0032,like,37,2025-03-25T06:54:16
USR-0077,CNT-0455,complete,59,2025-03-25T06:57:05
USR-0780,CNT-0401,view,57,2025-03-25T07:02:28
USR-0345,CNT-0203,view,1,2025-03-25T07:03:13
USR-0492,CNT-0341,view,58,2025-03-25T07:06:12
USR-0258,CNT-0269,click,515,2025-03-25T07:06:51
USR-0354,CNT-0481,skip,949,2025-03-25T07:12:50
USR-0544,CNT-0207,complete,5510,2025-03-25T07:14:02
USR-0062,CNT-0312,click,123,2025-03-25T07:29:27
USR-0845,CNT-0226,like,140,2025-03-25T07:32:13
USR-0498,CNT-0253,view,102,2025-03-25T07:33:45
USR-0829,CNT-0393,complete,592,2025-03-25T07:38:17
USR-0090,CNT-0324,like,612,2025-03-25T07:51:16
USR-0361,CNT-0234,skip,1112,2025-03-25T07:52:22
USR-0385,CNT-0052,view,74,2025-03-25T07:53:10
USR-0953,CNT-0363,view,3473,2025-03-25T07:58:21
USR-0351,CNT-0077,skip,811,2025-03-25T08:00:31
USR-0095,CNT-0152,view,55,2025-03-25T08:01:08
USR-0214,CNT-0407,skip,32,2025-03-25T08:21:14
USR-0955,CNT-0124,view,72,2025-03-25T08:27:02
USR-0112,CNT-0276,complete,150,2025-03-25T08:28:58
USR-0288,CNT-0231,like,3034,2025-03-25T08:37:23
USR-0583,CNT-0169,skip,8,2025-03-25T08:47:23
USR-0320,CNT-0258,click,159,2025-03-25T08:48:56
USR-0814,CNT-0149,view,161,2025-03-25T08:49:36
USR-0834,CNT-0249,skip,197,2025-03-25T08:53:35
USR-0149,CNT-0034,click,572,2025-03-25T08:55:16
USR-0008,CNT-0127,view,154,2025-03-25T09:01:00
USR-0973,CNT-0168,view,232,2025-03-25T09:10:05
USR-0199,CNT-0347,view,1748,2025-03-25T09:16:19
USR-0799,CNT-0051,view,55,2025-03-25T09:20:34
USR-0763,CNT-0480,view,24,2025-03-25T09:30:25
USR-0267,CNT-0430,skip,69,2025-03-25T09:46:39
USR-0971,CNT-0403,like,429,2025-03-25T09:51:11
USR-0735,CNT-0155,like,367,2025-03-25T10:04:17
USR-0206,CNT-0402,complete,2438,2025-03-25T10:27:46
USR-0066,CNT-0315,click,776,2025-03-25T10:28:41
USR-0663,CNT-0142,view,3335,2025-03-25T10:40:00
USR-0796,CNT-0500,skip,1166,2025-03-25T10:48:02
USR-0471,CNT-0008,click,1683,2025-03-25T11:04:44
USR-0098,CNT-0281,click,4119,2025-03-25T11:09:09
USR-0408,CNT-0143,view,4086,2025-03-25T11:12:09
USR-0059,CNT-0197,view,1338,2025-03-25T11:15:47
USR-0311,CNT-0476,view,16,2025-03-25T11:18:48
USR-0985,CNT-0126,skip,43,2025-03-25T11:19:56
USR-0343,CNT-0023,click,1535,2025-03-25T11:22:27
USR-0068,CNT-0341,click,72,2025-03-25T11:30:28
USR-0479,CNT-0204,like,10,2025-03-25T11:33:11
USR-0405,CNT-0329,view,1380,2025-03-25T11:34:52
USR-0682,CNT-0448,complete,53,2025-03-25T11:41:42
USR-0757,CNT-0314,view,781,2025-03-25T11:45:00
USR-0904,CNT-0317,complete,910,2025-03-25T11:45:23
USR-0196,CNT-0335,view,2806,2025-03-25T11:46:38
USR-0620,CNT-0485,view,32,2025-03-25T11:52:27
USR-0743,CNT-0266,click,2056,2025-03-25T12:01:14
USR-0377,CNT-0044,view,122,2025-03-25T12:02:49
USR-0637,CNT-0128,like,147,2025-03-25T12:03:29
USR-0922,CNT-0194,skip,37,2025-03-25T12:10:50
USR-0870,CNT-0241,click,1206,2025-03-25T12:22:45
USR-0547,CNT-0034,view,398,2025-03-25T12:22:56
USR-0879,CNT-0377,view,40,2025-03-25T12:29:12
USR-0573,CNT-0136,complete,398,2025-03-25T12:46:02
USR-0524,CNT-0017,view,741,2025-03-25T12:46:46
USR-0540,CNT-0422,view,182,2025-03-25T12:48:16
USR-0963,CNT-0269,like,403,2025-03-25T12:52:39
USR-0843,CNT-0260,complete,740,2025-03-25T13:06:28
USR-0332,CNT-0031,view,1047,2025-03-25T13:16:55
USR-0756,CNT-0177,view,2741,2025-03-25T13:28:13
USR-0842,CNT-0451,click,270,2025-03-25T13:36:11
USR-0191,CNT-0369,view,1652,2025-03-25T13:37:00
USR-0614,CNT-0289,view,8,2025-03-25T13:59:37
USR-0544,CNT-0165,view,200,2025-03-25T14:21:12
USR-0337,CNT-0303,like,46,2025-03-25T14:28:35
USR-0853,CNT-0286,click,250,2025-03-25T14:30:29
USR-0388,CNT-0253,complete,97,2025-03-25T14:36:55
USR-0468,CNT-0340,like,196,2025-03-25T14:56:17
USR-0078,CNT-0474,like,1091,2025-03-25T15:17:38
USR-0936,CNT-0226,like,326,2025-03-25T15:23:30
USR-0468,CNT-0435,click,48,2025-03-25T15:37:15
USR-0873,CNT-0153,view,1003,2025-03-25T15:43:30
USR-0931,CNT-0145,click,239,2025-03-25T15:48:06
USR-0270,CNT-0261,click,115,2025-03-25T15:50:18
USR-0819,CNT-0106,like,191,2025-03-25T15:55:17
USR-0929,CNT-0334,view,0,2025-03-25T15:56:20
USR-0532,CNT-0187,complete,128,2025-03-25T16:00:36
USR-0748,CNT-0041,complete,1504,2025-03-25T16:04:48
USR-0149,CNT-0246,view,594,2025-03-25T16:08:01
USR-0650,CNT-0227,view,1,2025-03-25T16:14:09
USR-0732,CNT-0061,complete,813,2025-03-25T16:17:42
USR-0778,CNT-0025,like,1958,2025-03-25T16:19:25
USR-0663,CNT-0205,complete,1844,2025-03-25T16:20:14
USR-0199,CNT-0274,view,3071,2025-03-25T16:20:40
USR-0411,CNT-0243,click,365,2025-03-25T16:22:27
USR-0025,CNT-0484,complete,163,2025-03-25T16:26:44
USR-0526,CNT-0142,view,2289,2025-03-25T16:30:05
USR-0206,CNT-0481,click,3922,2025-03-25T16:35:16
USR-0347,CNT-0198,complete,1871,2025-03-25T16:37:17
USR-0718,CNT-0124,view,270,2025-03-25T16:38:21
USR-0010,CNT-0376,click,41,2025-03-25T16:38:48
USR-0167,CNT-0214,like,1321,2025-03-25T16:41:36
USR-0412,CNT-0322,like,205,2025-03-25T16:47:34
USR-0230,CNT-0481,skip,905,2025-03-25T16:48:49
USR-0954,CNT-0238,view,665,2025-03-25T16:49:23
USR-0421,CNT-0064,skip,581,2025-03-25T16:57:41
USR-0794,CNT-0457,complete,349,2025-03-25T17:05:37
USR-0752,CNT-0090,click,91,2025-03-25T17:06:12
USR-0643,CNT-0450,view,1328,2025-03-25T17:09:54
USR-0845,CNT-0132,view,153,2025-03-25T17:13:27
USR-0629,CNT-0454,click,530,2025-03-25T17:47:25
USR-0970,CNT-0016,view,385,2025-03-25T17:53:50
USR-0649,CNT-0363,like,145,2025-03-25T17:55:22
USR-0556,CNT-0073,like,1657,2025-03-25T17:58:29
USR-0528,CNT-0186,skip,784,2025-03-25T18:01:10
USR-0609,CNT-0286,click,1223,2025-03-25T18:08:56
USR-0245,CNT-0446,click,194,2025-03-25T18:13:33
USR-0785,CNT-0263,skip,20,2025-03-25T18:18:57
USR-0643,CNT-0127,view,39,2025-03-25T18:19:28
USR-0013,CNT-0172,click,81,2025-03-25T18:25:22
USR-0848,CNT-0043,view,4956,2025-03-25T18:30:58
USR-0099,CNT-0051,like,36,2025-03-25T18:34:09
USR-0939,CNT-0397,view,628,2025-03-25T18:46:23
USR-0520,CNT-0233,view,277,2025-03-25T18:58:17
USR-0087,CNT-0232,view,35,2025-03-25T19:07:54
USR-0497,CNT-0348,view,32,2025-03-25T19:34:07
USR-0223,CNT-0028,click,5,2025-03-25T19:39:40
USR-0311,CNT-0235,skip,49,2025-03-25T19:50:04
USR-0879,CNT-0159,click,838,2025-03-25T19:57:49
USR-0954,CNT-0139,like,892,2025-03-25T19:58:18
USR-0286,CNT-0009,like,635,2025-03-25T19:59:39
USR-0009,CNT-0417,like,391,2025-03-25T20:06:58
USR-0232,CNT-0472,complete,156,2025-03-25T20:08:12
USR-0756,CNT-0122,complete,186,2025-03-25T20:10:51
USR-0492,CNT-0368,complete,182,2025-03-25T20:12:05
USR-0438,CNT-0137,view,235,2025-03-25T20:19:53
USR-0158,CNT-0271,view,357,2025-03-25T20:32:40
USR-0346,CNT-0096,view,2031,2025-03-25T20:40:03
USR-0486,CNT-0245,complete,151,2025-03-25T20:41:14
USR-0741,CNT-0471,like,655,2025-03-25T20:43:50
USR-0983,CNT-0043,view,2836,2025-03-25T20:54:17
USR-0382,CNT-0070,view,75,2025-03-25T20:57:56
USR-0495,CNT-0344,complete,861,2025-03-25T20:58:53
USR-0765,CNT-0498,view,1617,2025-03-25T21:04:47
USR-0987,CNT-0253,view,25,2025-03-25T21:05:53
USR-0677,CNT-0151,view,3115,2025-03-25T21:06:47
USR-0773,CNT-0431,complete,653,2025-03-25T21:09:42
USR-0589,CNT-0027,click,1472,2025-03-25T21:10:39
USR-0798,CNT-0409,view,2074,2025-03-25T21:13:37
USR-0015,CNT-0078,skip,54,2025-03-25T21:16:18
USR-0947,CNT-0491,view,1054,2025-03-25T21:29:16
USR-0138,CNT-0404,view,511,2025-03-25T21:34:59
USR-0177,CNT-0473,like,71,2025-03-25T21:37:22
USR-0614,CNT-0174,view,38,2025-03-25T21:38:28
USR-0367,CNT-0316,view,971,2025-03-25T21:50:06
USR-0278,CNT-0322,complete,473,2025-03-25T21:55:25
USR-0288,CNT-0236,like,22,2025-03-25T21:59:57
USR-0087,CNT-0088,view,65,2025-03-25T22:00:01
USR-0077,CNT-0248,view,49,2025-03-25T22:07:11
USR-0670,CNT-0056,like,59,2025-03-25T22:07:27
USR-0329,CNT-0052,view,206,2025-03-25T22:08:51
USR-0906,CNT-0473,complete,1980,2025-03-25T22:20:42
USR-0587,CNT-0082,complete,526,2025-03-25T22:21:29
USR-0870,CNT-0205,complete,1582,2025-03-25T22:24:13
USR-0243,CNT-0460,complete,5400,2025-03-25T22:24:19
USR-0375,CNT-0147,view,2139,2025-03-25T22:25:37
USR-0140,CNT-0338,view,216,2025-03-25T22:28:41
USR-0315,CNT-0146,view,172,2025-03-25T22:33:57
USR-0867,CNT-0192,click,51,2025-03-25T22:44:45
USR-0348,CNT-0274,view,2621,2025-03-25T22:55:31
USR-0061,CNT-0095,click,532,2025-03-25T23:14:19
USR-0225,CNT-0442,complete,294,2025-03-25T23:28:49
USR-0293,CNT-0494,complete,343,2025-03-25T23:38:32
USR-0633,CNT-0432,skip,274,2025-03-25T23:42:43
USR-0304,CNT-0499,like,11,2025-03-25T23:52:59
USR-0415,CNT-0471,skip,305,2025-03-25T23:53:47
USR-0221,CNT-0154,click,122,2025-03-25T23:58:19
USR-0719,CNT-0482,click,215,2025-03-25T23:59:08
USR-0480,CNT-0218,like,436,2025-03-26T00:04:21
USR-0205,CNT-0107,click,519,2025-03-26T00:08:26
USR-0973,CNT-0401,view,24,2025-03-26T00:08:46
USR-0183,CNT-0408,complete,168,2025-03-26T00:14:34
USR-0747,CNT-0370,view,268,2025-03-26T00:18:21
USR-0644,CNT-0035,click,66,2025-03-26T00:24:51
USR-0627,CNT-0451,complete,730,2025-03-26T00:25:38
USR-0859,CNT-0391,view,37,2025-03-26T00:32:02
USR-0354,CNT-0006,click,106,2025-03-26T00:39:07
USR-0108,CNT-0363,view,995,2025-03-26T00:52:10
USR-0312,CNT-0405,view,28,2025-03-26T00:58:20
USR-0279,CNT-0439,complete,1919,2025-03-26T01:03:40
USR-0667,CNT-0138,view,104,2025-03-26T01:07:43
USR-0465,CNT-0376,click,59,2025-03-26T01:09:21
USR-0812,CNT-0008,skip,190,2025-03-26T01:13:21
USR-0879,CNT-0284,view,1110,2025-03-26T01:14:30
USR-0190,CNT-0352,like,122,2025-03-26T01:14:38
USR-0256,CNT-0055,complete,220,2025-03-26T01:23:18
USR-0188,CNT-0346,skip,456,2025-03-26T01:25:53
USR-0864,CNT-0045,view,168,2025-03-26T01:28:23
USR-0527,CNT-0154,complete,194,2025-03-26T01:29:15
USR-0100,CNT-0062,skip,594,2025-03-26T01:35:21
USR-0053,CNT-0414,like,0,2025-03-26T02:05:07
USR-0862,CNT-0377,click,27,2025-03-26T02:05:14
USR-0158,CNT-0183,view,1268,2025-03-26T02:06:55
USR-0728,CNT-0032,view,63,2025-03-26T02:14:44
USR-0722,CNT-0441,skip,12,2025-03-26T02:23:32
USR-0745,CNT-0234,complete,4395,2025-03-26T02:26:19
USR-0220,CNT-0045,skip,30,2025-03-26T02:36:25
USR-0772,CNT-0292,view,0,2025-03-26T02:37:20
USR-0592,CNT-0140,like,2231,2025-03-26T02:38:27
USR-0501,CNT-0173,complete,450,2025-03-26T02:42:05
USR-0801,CNT-0378,skip,431,2025-03-26T02:43:38
USR-0003,CNT-0074,like,87,2025-03-26T02:45:05
USR-0532,CNT-0146,view,110,2025-03-26T02:46:42
USR-0830,CNT-0040,click,51,2025-03-26T02:46:46
USR-0952,CNT-0182,view,13,2025-03-26T02:47:01
USR-0912,CNT-0020,complete,56,2025-03-26T02:53:00
USR-0045,CNT-0441,click,38,2025-03-26T03:05:24
USR-0572,CNT-0261,view,747,2025-03-26T03:07:04
USR-0808,CNT-0488,click,1365,2025-03-26T03:08:23
USR-0853,CNT-0447,click,2985,2025-03-26T03:11:05
USR-0308,CNT-0409,view,3596,2025-03-26T03:11:45
USR-0827,CNT-0464,view,382,2025-03-26T03:16:45
USR-0684,CNT-0091,click,27,2025-03-26T03:23:27
USR-0765,CNT-0411,skip,145,2025-03-26T03:30:37
USR-0853,CNT-0194,skip,190,2025-03-26T03:38:12
USR-0636,CNT-0442,skip,1,2025-03-26T03:43:59
USR-0782,CNT-0257,view,416,2025-03-26T03:48:30
USR-0087,CNT-0139,view,792,2025-03-26T03:48:39
USR-0996,CNT-0142,complete,3978,2025-03-26T03:53:15
USR-0527,CNT-0030,view,120,2025-03-26T03:57:23
USR-0608,CNT-0235,view,788,2025-03-26T04:05:41
USR-0356,CNT-0146,click,84,2025-03-26T04:10:50
USR-0042,CNT-0020,complete,58,2025-03-26T04:11:31
USR-0597,CNT-0278,view,16,2025-03-26T04:16:10
USR-0229,CNT-0082,skip,0,2025-03-26T04:21:01
USR-0691,CNT-0085,like,4550,2025-03-26T04:22:03
USR-0236,CNT-0433,click,304,2025-03-26T04:24:54
USR-0109,CNT-0194,view,320,2025-03-26T04:27:44
USR-0795,CNT-0108,view,240,2025-03-26T04:52:09
USR-0151,CNT-0443,like,1684,2025-03-26T05:03:51
USR-0700,CNT-0473,complete,1734,2025-03-26T05:08:46
USR-0666,CNT-0230,skip,11,2025-03-26T05:20:20
USR-0127,CNT-0424,view,227,2025-03-26T05:29:52
USR-0743,CNT-0293,skip,418,2025-03-26T05:44:03
USR-0557,CNT-0168,skip,35,2025-03-26T05:47:55
USR-0225,CNT-0307,skip,86,2025-03-26T06:13:55
USR-0403,CNT-0022,view,531,2025-03-26T06:29:15
USR-0036,CNT-0323,view,5030,2025-03-26T06:31:21
USR-0337,CNT-0326,like,14,2025-03-26T06:31:56
USR-0103,CNT-0082,view,483,2025-03-26T06:34:27
USR-0068,CNT-0405,click,31,2025-03-26T06:36:06
USR-0944,CNT-0411,view,503,2025-03-26T06:36:20
USR-0191,CNT-0413,skip,128,2025-03-26T06:39:36
USR-0935,CNT-0361,click,2162,2025-03-26T07:14:29
USR-0421,CNT-0273,skip,4,2025-03-26T07:22:03
USR-0250,CNT-0242,complete,531,2025-03-26T07:32:47
USR-0701,CNT-0476,like,40,2025-03-26T07:39:11
USR-0996,CNT-0193,view,140,2025-03-26T07:41:54
USR-0224,CNT-0244,like,544,2025-03-26T07:55:09
USR-0626,CNT-0294,skip,7,2025-03-26T08:22:44
USR-0350,CNT-0093,view,31,2025-03-26T08:27:12
USR-0654,CNT-0376,complete,63,2025-03-26T08:30:32
USR-0256,CNT-0195,like,187,2025-03-26T08:44:02
USR-0439,CNT-0426,view,1479,2025-03-26T08:45:44
USR-0127,CNT-0276,click,18,2025-03-26T08:55:39
USR-0856,CNT-0446,view,251,2025-03-26T08:55:44
USR-0185,CNT-0122,skip,16,2025-03-26T09:02:44
USR-0867,CNT-0298,click,5947,2025-03-26T09:04:02
USR-0664,CNT-0079,click,1648,2025-03-26T09:23:31
USR-0785,CNT-0431,complete,586,2025-03-26T09:27:13
USR-0990,CNT-0496,skip,7,2025-03-26T09:32:00
USR-0337,CNT-0138,click,688,2025-03-26T09:54:53
USR-0779,CNT-0338,view,227,2025-03-26T09:56:20
USR-0256,CNT-0359,complete,685,2025-03-26T09:56:22
USR-0715,CNT-0274,complete,4072,2025-03-26T10:04:58
USR-0975,CNT-0327,view,275,2025-03-26T10:14:13
USR-0228,CNT-0451,click,294,2025-03-26T10:23:39
USR-0275,CNT-0055,complete,249,2025-03-26T10:29:46
USR-0116,CNT-0245,like,41,2025-03-26T10:31:58
USR-0425,CNT-0371,view,57,2025-03-26T10:36:49
USR-0905,CNT-0050,view,157,2025-03-26T10:37:05
USR-0560,CNT-0406,skip,264,2025-03-26T10:38:20
USR-0837,CNT-0206,complete,185,2025-03-26T10:44:58
USR-0411,CNT-0168,complete,344,2025-03-26T10:52:30
USR-0201,CNT-0340,like,464,2025-03-26T10:55:53
USR-0330,CNT-0079,like,529,2025-03-26T10:56:11
USR-0314,CNT-0167,complete,1055,2025-03-26T11:15:03
USR-0100,CNT-0097,view,1038,2025-03-26T11:18:00
USR-0764,CNT-0368,complete,195,2025-03-26T11:18:25
USR-0944,CNT-0322,view,135,2025-03-26T11:20:48
USR-0407,CNT-0310,view,3470,2025-03-26T11:23:40
USR-0078,CNT-0005,view,1397,2025-03-26T11:37:07
USR-0087,CNT-0037,complete,4490,2025-03-26T11:39:36
USR-0405,CNT-0497,complete,65,2025-03-26T11:46:21
USR-0235,CNT-0200,complete,2386,2025-03-26T11:46:51
USR-0622,CNT-0426,click,2125,2025-03-26T12:09:49
USR-0081,CNT-0368,complete,202,2025-03-26T12:19:51
USR-0131,CNT-0280,complete,93,2025-03-26T12:32:33
USR-0989,CNT-0311,like,2071,2025-03-26T12:32:46
USR-0673,CNT-0411,view,769,2025-03-26T12:44:01
USR-0069,CNT-0239,view,151,2025-03-26T12:47:11
USR-0388,CNT-0433,click,86,2025-03-26T13:04:11
USR-0988,CNT-0149,click,106,2025-03-26T13:09:39
USR-0576,CNT-0109,view,143,2025-03-26T13:10:32
USR-0427,CNT-0179,view,4,2025-03-26T13:15:02
USR-0311,CNT-0169,view,45,2025-03-26T13:16:43
USR-0938,CNT-0150,click,1996,2025-03-26T13:20:24
USR-0041,CNT-0323,click,3535,2025-03-26T13:29:50
USR-0976,CNT-0207,like,516,2025-03-26T13:38:28
USR-0881,CNT-0042,skip,109,2025-03-26T13:46:46
USR-0358,CNT-0038,skip,75,2025-03-26T13:59:30
USR-0131,CNT-0158,complete,117,2025-03-26T14:00:35
USR-0745,CNT-0271,like,1805,2025-03-26T14:01:45
USR-0844,CNT-0247,complete,764,2025-03-26T14:05:32
USR-0507,CNT-0058,like,300,2025-03-26T14:08:03
USR-0338,CNT-0132,complete,158,2025-03-26T14:10:00
USR-0092,CNT-0377,view,9,2025-03-26T14:14:31
USR-0415,CNT-0045,complete,191,2025-03-26T14:15:02
USR-0931,CNT-0337,view,641,2025-03-26T14:23:28
USR-0117,CNT-0224,view,1495,2025-03-26T14:25:10
USR-0549,CNT-0344,skip,55,2025-03-26T14:37:33
USR-0300,CNT-0102,click,902,2025-03-26T14:45:09
USR-0896,CNT-0352,skip,343,2025-03-26T14:54:12
USR-0188,CNT-0082,click,142,2025-03-26T14:55:46
USR-0190,CNT-0040,complete,48,2025-03-26T15:00:43
USR-0356,CNT-0343,view,281,2025-03-26T15:13:46
USR-0368,CNT-0149,like,108,2025-03-26T15:31:30
USR-0822,CNT-0084,view,43,2025-03-26T15:49:04
USR-0551,CNT-0040,click,55,2025-03-26T15:50:59
USR-0037,CNT-0145,view,700,2025-03-26T15:59:46
USR-0499,CNT-0427,view,37,2025-03-26T16:02:22
USR-0554,CNT-0375,complete,423,2025-03-26T16:04:35
USR-0922,CNT-0052,complete,258,2025-03-26T16:05:11
USR-0752,CNT-0112,complete,5394,2025-03-26T16:05:41
USR-0332,CNT-0445,like,223,2025-03-26T16:28:22
USR-0614,CNT-0099,skip,1,2025-03-26T16:32:36
USR-0302,CNT-0293,complete,1800,2025-03-26T16:39:48
USR-0430,CNT-0102,view,2085,2025-03-26T16:45:06
USR-0340,CNT-0215,click,158,2025-03-26T17:15:50
USR-0275,CNT-0072,skip,35,2025-03-26T17:20:26
USR-0567,CNT-0478,complete,804,2025-03-26T17:20:30
USR-0793,CNT-0356,like,1520,2025-03-26T17:23:34
USR-0230,CNT-0084,complete,136,2025-03-26T17:26:30
USR-0536,CNT-0210,view,1812,2025-03-26T17:32:10
USR-0748,CNT-0198,complete,2023,2025-03-26T17:32:30
USR-0375,CNT-0176,like,3913,2025-03-26T17:34:12
USR-0366,CNT-0132,view,145,2025-03-26T17:37:05
USR-0111,CNT-0427,complete,502,2025-03-26T17:48:59
USR-0153,CNT-0167,view,573,2025-03-26T17:53:29
USR-0701,CNT-0042,skip,8,2025-03-26T18:17:37
USR-0829,CNT-0030,view,334,2025-03-26T18:27:04
USR-0820,CNT-0146,skip,77,2025-03-26T18:37:00
USR-0361,CNT-0482,click,1000,2025-03-26T18:44:48
USR-0458,CNT-0057,click,105,2025-03-26T18:55:03
USR-0114,CNT-0067,skip,129,2025-03-26T18:57:07
USR-0857,CNT-0345,complete,880,2025-03-26T19:03:50
USR-0026,CNT-0131,complete,1129,2025-03-26T19:04:13
USR-0781,CNT-0081,skip,39,2025-03-26T19:08:25
USR-0305,CNT-0322,skip,91,2025-03-26T19:14:31
USR-0069,CNT-0020,complete,50,2025-03-26T19:23:08
USR-0459,CNT-0416,complete,67,2025-03-26T19:27:04
USR-0393,CNT-0280,skip,8,2025-03-26T19:30:28
USR-0009,CNT-0132,click,154,2025-03-26T19:41:33
USR-0559,CNT-0261,view,481,2025-03-26T19:43:46
USR-0210,CNT-0359,click,200,2025-03-26T19:44:25
USR-0046,CNT-0216,like,5587,2025-03-26T20:13:25
USR-0401,CNT-0002,skip,7,2025-03-26T20:14:17
USR-0509,CNT-0479,view,588,2025-03-26T20:17:14
USR-0109,CNT-0246,view,503,2025-03-26T20:25:59
USR-0120,CNT-0095,view,223,2025-03-26T20:30:02
USR-0170,CNT-0426,like,683,2025-03-26T20:30:23
USR-0359,CNT-0470,view,1033,2025-03-26T20:30:38
USR-0821,CNT-0039,click,1540,2025-03-26T20:30:49
USR-0340,CNT-0239,complete,724,2025-03-26T20:40:55
USR-0416,CNT-0165,like,1215,2025-03-26T20:46:13
USR-0151,CNT-0281,complete,4677,2025-03-26T20:52:42
USR-0941,CNT-0271,view,430,2025-03-26T20:56:21
USR-0237,CNT-0307,view,486,2025-03-26T20:57:05
USR-0631,CNT-0025,click,1167,2025-03-26T20:57:14
USR-0287,CNT-0475,view,154,2025-03-26T21:04:44
USR-0099,CNT-0276,view,111,2025-03-26T21:05:36
USR-0292,CNT-0162,click,228,2025-03-26T21:16:14
USR-0142,CNT-0373,like,4563,2025-03-26T21:36:49
USR-0130,CNT-0402,view,2164,2025-03-26T21:42:02
USR-0215,CNT-0018,like,9,2025-03-26T21:44:09
USR-0608,CNT-0329,click,2061,2025-03-26T21:47:46
USR-0760,CNT-0444,complete,143,2025-03-26T21:52:20
USR-0350,CNT-0491,click,104,2025-03-26T21:54:07
USR-0729,CNT-0241,like,802,2025-03-26T22:00:34
USR-0576,CNT-0162,complete,266,2025-03-26T22:00:54
USR-0682,CNT-0120,complete,1269,2025-03-26T22:10:03
USR-0199,CNT-0008,like,1805,2025-03-26T22:12:39
USR-0489,CNT-0286,like,634,2025-03-26T22:24:50
USR-0748,CNT-0073,like,1884,2025-03-26T22:26:07
USR-0588,CNT-0471,view,2160,2025-03-26T22:26:14
USR-0867,CNT-0005,view,790,2025-03-26T22:29:58
USR-0593,CNT-0365,click,137,2025-03-26T22:33:13
USR-0256,CNT-0069,skip,693,2025-03-26T22:39:44
USR-0789,CNT-0111,click,24,2025-03-26T22:44:38
USR-0283,CNT-0059,view,154,2025-03-26T22:52:54
USR-0777,CNT-0327,complete,415,2025-03-26T22:55:07
USR-0073,CNT-0285,click,711,2025-03-26T23:05:22
USR-0862,CNT-0043,complete,5144,2025-03-26T23:18:47
USR-0812,CNT-0260,complete,696,2025-03-26T23:27:55
USR-0420,CNT-0361,complete,4637,2025-03-26T23:32:53
USR-0436,CNT-0288,view,1159,2025-03-26T23:33:13
USR-0624,CNT-0486,skip,45,2025-03-26T23:35:35
USR-0612,CNT-0395,view,27,2025-03-27T00:11:07
USR-0853,CNT-0009,complete,4006,2025-03-27T00:23:04
USR-0886,CNT-0415,view,4599,2025-03-27T00:42:02
USR-0711,CNT-0111,like,42,2025-03-27T00:59:01
USR-0165,CNT-0008,complete,2106,2025-03-27T01:10:23
USR-0111,CNT-0484,complete,158,2025-03-27T01:26:39
USR-0307,CNT-0199,view,58,2025-03-27T01:28:25
USR-0622,CNT-0096,view,2130,2025-03-27T01:46:23
USR-0860,CNT-0470,view,784,2025-03-27T01:52:47
USR-0687,CNT-0167,click,1146,2025-03-27T01:54:53
USR-0390,CNT-0261,view,158,2025-03-27T01:58:00
USR-0723,CNT-0171,click,140,2025-03-27T01:58:23
USR-0320,CNT-0342,complete,2665,2025-03-27T02:03:43
USR-0254,CNT-0333,skip,22,2025-03-27T02:05:47
USR-0754,CNT-0266,view,143,2025-03-27T02:07:45
USR-0802,CNT-0002,complete,123,2025-03-27T02:09:08
USR-0648,CNT-0427,view,184,2025-03-27T02:10:23
USR-0610,CNT-0458,skip,551,2025-03-27T02:28:07
USR-0772,CNT-0433,complete,332,2025-03-27T02:33:29
USR-0229,CNT-0330,view,442,2025-03-27T02:35:57
USR-0534,CNT-0448,click,55,2025-03-27T02:36:15
USR-0974,CNT-0254,click,1230,2025-03-27T03:07:28
USR-0600,CNT-0226,view,194,2025-03-27T03:08:52
USR-0356,CNT-0047,complete,808,2025-03-27T03:12:30
USR-0853,CNT-0386,view,749,2025-03-27T03:13:28
USR-0891,CNT-0375,view,357,2025-03-27T03:24:44
USR-0131,CNT-0161,view,889,2025-03-27T03:26:37
USR-0730,CNT-0013,skip,316,2025-03-27T03:29:33
USR-0275,CNT-0054,view,368,2025-03-27T03:34:19
USR-0841,CNT-0067,click,1010,2025-03-27T03:36:36
USR-0593,CNT-0227,view,69,2025-03-27T03:43:45
USR-0328,CNT-0271,view,1476,2025-03-27T03:47:49
USR-0253,CNT-0296,like,250,2025-03-27T03:50:26
USR-0021,CNT-0036,like,492,2025-03-27T03:54:02
USR-0241,CNT-0229,like,88,2025-03-27T04:00:26
USR-0011,CNT-0109,click,83,2025-03-27T04:01:13
USR-0258,CNT-0474,skip,197,2025-03-27T04:02:37
USR-0782,CNT-0229,view,190,2025-03-27T04:12:54
USR-0740,CNT-0423,click,1864,2025-03-27T04:14:35
USR-0028,CNT-0295,view,16,2025-03-27T04:17:09
USR-0968,CNT-0443,like,2622,2025-03-27T04:19:03
USR-0086,CNT-0330,click,2153,2025-03-27T04:30:36
USR-0723,CNT-0137,complete,656,2025-03-27T04:35:59
USR-0105,CNT-0151,complete,3274,2025-03-27T04:36:29
USR-0395,CNT-0377,view,10,2025-03-27T04:37:27
USR-0769,CNT-0484,view,134,2025-03-27T04:42:08
USR-0558,CNT-0264,view,516,2025-03-27T04:47:52
USR-0280,CNT-0443,view,2014,2025-03-27T04:56:53
USR-0626,CNT-0434,complete,31,2025-03-27T05:01:08
USR-0126,CNT-0123,complete,597,2025-03-27T05:04:22
USR-0632,CNT-0110,view,526,2025-03-27T05:10:22
USR-0112,CNT-0230,complete,65,2025-03-27T05:22:31
USR-0306,CNT-0150,click,412,2025-03-27T05:22:47
USR-0762,CNT-0391,view,117,2025-03-27T05:31:15
USR-0300,CNT-0394,like,79,2025-03-27T05:33:33
USR-0654,CNT-0158,click,46,2025-03-27T05:37:52
USR-0054,CNT-0414,view,143,2025-03-27T05:37:54
USR-0184,CNT-0123,click,347,2025-03-27T05:38:51
USR-0080,CNT-0012,view,49,2025-03-27T06:02:01
USR-0874,CNT-0316,like,899,2025-03-27T06:14:08
USR-0972,CNT-0454,click,289,2025-03-27T06:14:57
USR-0585,CNT-0223,complete,2356,2025-03-27T06:20:29
USR-0339,CNT-0037,view,407,2025-03-27T06:25:33
USR-0767,CNT-0087,click,621,2025-03-27T06:30:35
USR-0004,CNT-0131,view,64,2025-03-27T06:33:24
USR-0104,CNT-0391,click,152,2025-03-27T06:42:17
USR-0964,CNT-0267,skip,222,2025-03-27T06:47:31
USR-0080,CNT-0094,like,449,2025-03-27T06:51:03
USR-0399,CNT-0007,view,1972,2025-03-27T06:56:10
USR-0156,CNT-0072,skip,13,2025-03-27T06:56:40
USR-0556,CNT-0390,complete,2676,2025-03-27T06:59:02
USR-0688,CNT-0233,click,633,2025-03-27T07:00:25
USR-0852,CNT-0363,like,2579,2025-03-27T07:02:29
USR-0208,CNT-0280,view,104,2025-03-27T07:07:04
USR-0697,CNT-0489,view,1572,2025-03-27T07:13:08
USR-0442,CNT-0463,complete,1890,2025-03-27T07:17:42
USR-0931,CNT-0007,click,2597,2025-03-27T07:21:59
USR-0548,CNT-0465,complete,1040,2025-03-27T07:24:07
USR-0571,CNT-0217,skip,22,2025-03-27T07:27:50
USR-0718,CNT-0349,complete,4015,2025-03-27T07:28:23
USR-0325,CNT-0046,view,297,2025-03-27T07:42:16
USR-0218,CNT-0131,like,1056,2025-03-27T07:45:14
USR-0864,CNT-0322,like,65,2025-03-27T07:46:41
USR-0075,CNT-0486,view,108,2025-03-27T07:47:10
USR-0174,CNT-0164,view,3588,2025-03-27T07:53:08
USR-0825,CNT-0267,like,760,2025-03-27T07:58:55
USR-0773,CNT-0047,click,760,2025-03-27T08:06:04
USR-0285,CNT-0145,view,798,2025-03-27T08:09:12
USR-0288,CNT-0393,skip,94,2025-03-27T08:15:52
USR-0188,CNT-0052,view,220,2025-03-27T08:22:07
USR-0007,CNT-0136,view,402,2025-03-27T08:27:00
USR-0961,CNT-0206,view,124,2025-03-27T08:27:54
USR-0851,CNT-0212,like,936,2025-03-27T08:29:21
USR-0803,CNT-0133,complete,175,2025-03-27T08:35:14
USR-0366,CNT-0047,click,272,2025-03-27T08:52:21
USR-0463,CNT-0392,like,41,2025-03-27T08:55:13
USR-0978,CNT-0485,view,54,2025-03-27T09:00:48
USR-0386,CNT-0119,like,752,2025-03-27T09:00:53
USR-0334,CNT-0454,complete,591,2025-03-27T09:15:13
USR-0655,CNT-0394,like,0,2025-03-27T09:19:56
USR-0106,CNT-0092,skip,53,2025-03-27T09:20:42
USR-0325,CNT-0041,click,1171,2025-03-27T09:50:15
USR-0939,CNT-0312,skip,60,2025-03-27T09:50:35
USR-0440,CNT-0231,view,951,2025-03-27T09:50:44
USR-0681,CNT-0070,skip,184,2025-03-27T10:00:01
USR-0799,CNT-0028,skip,356,2025-03-27T10:03:54
USR-0707,CNT-0271,skip,462,2025-03-27T10:07:58
USR-0892,CNT-0295,view,5,2025-03-27T10:09:05
USR-0813,CNT-0425,view,48,2025-03-27T10:09:45
USR-0306,CNT-0399,view,3136,2025-03-27T10:13:10
USR-0741,CNT-0320,skip,122,2025-03-27T10:17:45
USR-0949,CNT-0346,view,2310,2025-03-27T10:20:46
USR-0890,CNT-0043,complete,5319,2025-03-27T10:24:42
USR-0932,CNT-0215,skip,17,2025-03-27T11:05:19
USR-0272,CNT-0099,skip,163,2025-03-27T11:07:12
USR-0249,CNT-0123,view,143,2025-03-27T11:08:34
USR-0385,CNT-0384,view,3259,2025-03-27T11:14:47
USR-0705,CNT-0355,like,193,2025-03-27T11:22:14
USR-0006,CNT-0272,like,83,2025-03-27T11:28:20
USR-0018,CNT-0039,view,111,2025-03-27T11:39:23
USR-0417,CNT-0420,like,1000,2025-03-27T11:43:42
USR-0549,CNT-0453,click,439,2025-03-27T11:48:48
USR-0776,CNT-0485,skip,17,2025-03-27T11:53:41
USR-0615,CNT-0352,view,4568,2025-03-27T11:54:39
USR-0379,CNT-0181,skip,670,2025-03-27T12:13:06
USR-0211,CNT-0408,click,107,2025-03-27T12:14:00
USR-0577,CNT-0261,view,523,2025-03-27T12:14:43
USR-0266,CNT-0143,click,187,2025-03-27T12:24:30
USR-0458,CNT-0073,click,2063,2025-03-27T12:26:25
USR-0814,CNT-0100,skip,79,2025-03-27T12:31:22
USR-0215,CNT-0273,complete,123,2025-03-27T12:39:36
USR-0590,CNT-0016,view,661,2025-03-27T12:51:53
USR-0453,CNT-0477,view,3531,2025-03-27T12:52:56
USR-0764,CNT-0025,view,933,2025-03-27T12:53:09
USR-0388,CNT-0133,view,100,2025-03-27T13:00:56
USR-0130,CNT-0022,view,441,2025-03-27T13:17:49
USR-0938,CNT-0330,like,3739,2025-03-27T13:18:24
USR-0899,CNT-0478,view,112,2025-03-27T13:20:52
USR-0439,CNT-0165,view,1080,2025-03-27T13:28:43
USR-0796,CNT-0500,click,1275,2025-03-27T13:41:10
USR-0769,CNT-0040,view,25,2025-03-27T13:43:02
USR-0283,CNT-0472,like,183,2025-03-27T13:46:55
USR-0429,CNT-0468,view,849,2025-03-27T13:58:22
USR-0620,CNT-0500,complete,4544,2025-03-27T13:58:52
USR-0577,CNT-0076,click,647,2025-03-27T14:04:22
USR-0668,CNT-0352,skip,137,2025-03-27T14:15:21
USR-0919,CNT-0148,skip,173,2025-03-27T14:26:34
USR-0951,CNT-0255,view,2162,2025-03-27T14:35:36
USR-0261,CNT-0280,click,56,2025-03-27T14:36:30
USR-0864,CNT-0048,view,68,2025-03-27T14:47:30
USR-0462,CNT-0024,click,76,2025-03-27T14:49:35
USR-0849,CNT-0017,view,69,2025-03-27T14:50:53
USR-0947,CNT-0311,like,5641,2025-03-27T14:59:47
USR-0602,CNT-0221,skip,46,2025-03-27T15:02:39
USR-0749,CNT-0077,complete,3015,2025-03-27T15:03:47
USR-0716,CNT-0355,skip,71,2025-03-27T15:16:12
USR-0194,CNT-0101,skip,5,2025-03-27T15:41:10
USR-0926,CNT-0007,view,762,2025-03-27T15:41:55
USR-0928,CNT-0376,complete,73,2025-03-27T15:46:24
USR-0215,CNT-0448,like,1,2025-03-27T15:48:47
USR-0715,CNT-0167,view,53,2025-03-27T15:56:54
USR-0069,CNT-0142,click,2961,2025-03-27T16:05:28
USR-0102,CNT-0006,click,378,2025-03-27T16:18:44
USR-0694,CNT-0240,like,45,2025-03-27T16:24:30
USR-0465,CNT-0293,skip,103,2025-03-27T16:29:12
USR-0087,CNT-0352,view,2730,2025-03-27T16:35:25
USR-0452,CNT-0324,view,856,2025-03-27T16:49:39
USR-0452,CNT-0073,view,2936,2025-03-27T16:51:05
USR-0113,CNT-0427,view,485,2025-03-27T16:51:39
USR-0191,CNT-0479,click,112,2025-03-27T16:54:51
USR-0232,CNT-0337,view,401,2025-03-27T16:57:15
USR-0473,CNT-0158,complete,113,2025-03-27T17:03:08
USR-0732,CNT-0419,complete,2221,2025-03-27T17:03:43
USR-0110,CNT-0139,click,395,2025-03-27T17:05:49
USR-0860,CNT-0435,complete,152,2025-03-27T17:10:33
USR-0814,CNT-0100,skip,55,2025-03-27T17:12:24
USR-0915,CNT-0423,view,2970,2025-03-27T17:20:35
USR-0695,CNT-0261,view,573,2025-03-27T17:46:35
USR-0969,CNT-0393,click,296,2025-03-27T17:57:37
USR-0290,CNT-0177,skip,80,2025-03-27T18:08:38
USR-0578,CNT-0415,click,1726,2025-03-27T18:21:47
USR-0166,CNT-0498,view,1398,2025-03-27T18:36:42
USR-0484,CNT-0054,view,133,2025-03-27T18:46:39
USR-0637,CNT-0159,click,252,2025-03-27T18:46:52
USR-0560,CNT-0013,view,1902,2025-03-27T18:47:34
USR-0144,CNT-0189,click,1471,2025-03-27T18:52:54
USR-0701,CNT-0386,view,730,2025-03-27T19:01:01
USR-0722,CNT-0187,view,85,2025-03-27T19:10:20
USR-0739,CNT-0185,view,61,2025-03-27T19:11:43
USR-0955,CNT-0197,like,992,2025-03-27T19:20:55
USR-0407,CNT-0461,like,552,2025-03-27T19:29:57
USR-0073,CNT-0458,complete,2494,2025-03-27T19:30:15
USR-0127,CNT-0133,click,65,2025-03-27T19:42:26
USR-0590,CNT-0480,like,774,2025-03-27T19:49:21
USR-0249,CNT-0447,view,305,2025-03-27T19:55:11
USR-0165,CNT-0180,like,5,2025-03-27T19:59:57
USR-0033,CNT-0123,click,521,2025-03-27T20:02:16
USR-0800,CNT-0390,complete,2714,2025-03-27T20:06:59
USR-0676,CNT-0014,click,876,2025-03-27T20:07:41
USR-0689,CNT-0139,view,289,2025-03-27T20:12:29
USR-0202,CNT-0118,view,2943,2025-03-27T20:24:13
USR-0381,CNT-0215,view,164,2025-03-27T20:27:22
USR-0212,CNT-0342,like,960,2025-03-27T20:30:49
USR-0971,CNT-0241,skip,132,2025-03-27T20:35:30
USR-0189,CNT-0074,view,36,2025-03-27T20:42:22
USR-0878,CNT-0468,view,219,2025-03-27T20:49:48
USR-0805,CNT-0262,skip,357,2025-03-27T21:02:45
USR-0430,CNT-0442,complete,328,2025-03-27T21:04:28
USR-0034,CNT-0105,view,13,2025-03-27T21:15:58
USR-0350,CNT-0411,click,365,2025-03-27T21:19:09
USR-0034,CNT-0086,like,2482,2025-03-27T21:30:03
USR-0618,CNT-0360,complete,780,2025-03-27T21:37:15
USR-0404,CNT-0140,view,70,2025-03-27T21:41:03
USR-0436,CNT-0493,click,39,2025-03-27T21:43:53
USR-0509,CNT-0420,view,788,2025-03-27T21:47:00
USR-0568,CNT-0253,complete,105,2025-03-27T21:47:33
USR-0455,CNT-0392,like,915,2025-03-27T22:08:39
USR-0924,CNT-0213,click,720,2025-03-27T22:11:43
USR-0701,CNT-0362,view,1488,2025-03-27T22:12:13
USR-0154,CNT-0243,complete,356,2025-03-27T22:14:52
USR-0561,CNT-0026,click,177,2025-03-27T22:37:01
USR-0511,CNT-0336,view,147,2025-03-27T22:42:23
USR-0185,CNT-0329,view,667,2025-03-27T22:47:20
USR-0648,CNT-0439,like,1351,2025-03-27T23:01:39
USR-0399,CNT-0481,like,3891,2025-03-27T23:17:00
USR-0345,CNT-0249,click,553,2025-03-27T23:18:37
USR-0313,CNT-0307,view,8,2025-03-27T23:19:22
USR-0243,CNT-0247,click,544,2025-03-27T23:28:16
USR-0985,CNT-0033,view,100,2025-03-27T23:56:18
USR-0742,CNT-0454,complete,535,2025-03-27T23:56:34
USR-0999,CNT-0002,view,59,2025-03-28T00:18:59
USR-0689,CNT-0286,complete,1822,2025-03-28T00:32:29
USR-0824,CNT-0142,like,3516,2025-03-28T00:36:59
USR-0914,CNT-0243,click,199,2025-03-28T00:42:05
USR-0770,CNT-0459,view,17,2025-03-28T01:18:33
USR-0554,CNT-0253,view,18,2025-03-28T01:21:16
USR-0883,CNT-0110,view,459,2025-03-28T01:23:12
USR-0424,CNT-0258,view,620,2025-03-28T01:27:29
USR-0122,CNT-0322,view,172,2025-03-28T01:32:40
USR-0469,CNT-0102,click,2483,2025-03-28T01:34:03
USR-0772,CNT-0228,like,243,2025-03-28T01:34:22
USR-0581,CNT-0188,view,174,2025-03-28T01:40:23
USR-0487,CNT-0168,view,212,2025-03-28T01:46:43
USR-0188,CNT-0336,view,2,2025-03-28T01:46:45
USR-0652,CNT-0004,click,2440,2025-03-28T01:54:53
USR-0902,CNT-0437,skip,587,2025-03-28T01:57:44
USR-0383,CNT-0403,complete,4019,2025-03-28T01:59:47
USR-0709,CNT-0166,complete,282,2025-03-28T02:02:46
USR-0584,CNT-0366,view,109,2025-03-28T02:02:57
USR-0525,CNT-0233,skip,393,2025-03-28T02:03:48
USR-0410,CNT-0395,like,6,2025-03-28T02:05:17
USR-0857,CNT-0101,view,258,2025-03-28T02:06:22
USR-0847,CNT-0390,view,2181,2025-03-28T02:35:40
USR-0098,CNT-0319,view,883,2025-03-28T03:08:44
USR-0413,CNT-0406,like,349,2025-03-28T03:21:08
USR-0639,CNT-0089,like,15,2025-03-28T03:23:09
USR-0613,CNT-0392,skip,93,2025-03-28T03:29:47
USR-0144,CNT-0045,like,47,2025-03-28T03:33:46
USR-0339,CNT-0271,view,2049,2025-03-28T03:38:54
USR-0516,CNT-0075,click,167,2025-03-28T03:50:53
USR-0191,CNT-0484,view,160,2025-03-28T03:56:33
USR-0973,CNT-0203,complete,31,2025-03-28T04:04:05
USR-0799,CNT-0120,view,516,2025-03-28T04:07:53
USR-0768,CNT-0343,view,198,2025-03-28T04:13:10
USR-0031,CNT-0428,like,286,2025-03-28T04:23:24
USR-0728,CNT-0157,like,277,2025-03-28T04:28:18
USR-0360,CNT-0369,skip,462,2025-03-28T04:31:16
USR-0810,CNT-0147,click,1377,2025-03-28T04:33:40
USR-0166,CNT-0155,like,202,2025-03-28T05:04:09
USR-0540,CNT-0091,complete,37,2025-03-28T05:10:41
USR-0524,CNT-0384,view,4277,2025-03-28T05:11:43
USR-0849,CNT-0488,view,2671,2025-03-28T05:17:50
USR-0947,CNT-0095,complete,574,2025-03-28T05:35:28
USR-0586,CNT-0177,click,4416,2025-03-28T05:45:25
USR-0971,CNT-0195,like,292,2025-03-28T06:06:02
USR-0578,CNT-0053,click,62,2025-03-28T06:21:32
USR-0137,CNT-0054,view,400,2025-03-28T06:30:15
USR-0630,CNT-0250,click,179,2025-03-28T06:33:54
USR-0209,CNT-0384,view,614,2025-03-28T06:36:06
USR-0177,CNT-0001,view,188,2025-03-28T06:37:56
USR-0882,CNT-0114,complete,788,2025-03-28T06:38:56
USR-0201,CNT-0066,view,60,2025-03-28T06:48:49
USR-0884,CNT-0111,view,54,2025-03-28T06:50:30
USR-0951,CNT-0305,view,43,2025-03-28T06:54:20
USR-0930,CNT-0070,like,521,2025-03-28T06:55:26
USR-0057,CNT-0105,click,0,2025-03-28T06:57:52
USR-0216,CNT-0046,view,463,2025-03-28T07:00:26
USR-0773,CNT-0193,like,3308,2025-03-28T07:02:13
USR-0121,CNT-0414,click,204,2025-03-28T07:09:48
USR-0631,CNT-0382,view,1544,2025-03-28T07:12:53
USR-0147,CNT-0234,skip,962,2025-03-28T07:23:09
USR-0931,CNT-0122,click,18,2025-03-28T07:32:54
USR-0328,CNT-0314,click,79,2025-03-28T07:45:31
USR-0071,CNT-0139,view,902,2025-03-28T07:54:19
USR-0227,CNT-0182,click,126,2025-03-28T07:58:35
USR-0492,CNT-0389,like,43,2025-03-28T08:05:25
USR-0150,CNT-0493,click,136,2025-03-28T08:17:49
USR-0467,CNT-0455,like,61,2025-03-28T08:22:02
USR-0541,CNT-0388,skip,885,2025-03-28T08:26:42
USR-0429,CNT-0023,view,740,2025-03-28T08:30:47
USR-0206,CNT-0013,skip,498,2025-03-28T08:33:57
USR-0044,CNT-0101,view,342,2025-03-28T08:37:26
USR-0996,CNT-0123,complete,581,2025-03-28T08:40:14
USR-0843,CNT-0001,complete,275,2025-03-28T08:52:45
USR-0871,CNT-0209,complete,106,2025-03-28T08:58:55
USR-0333,CNT-0349,click,3661,2025-03-28T08:59:37
USR-0357,CNT-0156,click,1810,2025-03-28T09:12:45
USR-0478,CNT-0219,like,42,2025-03-28T09:14:47
USR-0237,CNT-0093,view,30,2025-03-28T09:17:10
USR-0186,CNT-0070,click,667,2025-03-28T09:19:07
USR-0117,CNT-0342,complete,2627,2025-03-28T09:26:45
USR-0479,CNT-0254,complete,3532,2025-03-28T09:29:23
USR-0157,CNT-0305,view,869,2025-03-28T09:36:03
USR-0010,CNT-0342,complete,2539,2025-03-28T09:45:11
USR-0310,CNT-0113,view,398,2025-03-28T09:52:15
USR-0166,CNT-0403,view,1149,2025-03-28T09:52:31
USR-0444,CNT-0005,like,193,2025-03-28T09:56:14
USR-0153,CNT-0133,click,164,2025-03-28T10:18:37
USR-0887,CNT-0205,skip,63,2025-03-28T10:19:40
USR-0284,CNT-0356,view,972,2025-03-28T10:35:33
USR-0621,CNT-0331,click,1634,2025-03-28T10:36:40
USR-0469,CNT-0002,view,26,2025-03-28T10:39:32
USR-0035,CNT-0316,skip,225,2025-03-28T10:42:50
USR-0283,CNT-0406,like,792,2025-03-28T10:47:14
USR-0600,CNT-0082,click,629,2025-03-28T11:05:14
USR-0613,CNT-0239,like,627,2025-03-28T11:07:58
USR-0573,CNT-0276,skip,5,2025-03-28T11:11:45
USR-0852,CNT-0104,complete,2203,2025-03-28T11:15:39
USR-0091,CNT-0027,view,1978,2025-03-28T11:20:43
USR-0069,CNT-0007,view,2831,2025-03-28T11:38:19
USR-0027,CNT-0223,view,217,2025-03-28T11:49:27
USR-0992,CNT-0049,click,249,2025-03-28T11:50:08
USR-0701,CNT-0095,view,581,2025-03-28T11:51:43
USR-0021,CNT-0127,complete,187,2025-03-28T11:56:00
USR-0173,CNT-0363,complete,4481,2025-03-28T11:56:04
USR-0264,CNT-0081,skip,54,2025-03-28T12:05:11
USR-0676,CNT-0383,view,199,2025-03-28T12:12:15
USR-0795,CNT-0244,view,398,2025-03-28T12:14:26
USR-0539,CNT-0387,complete,288,2025-03-28T12:22:54
USR-0037,CNT-0159,complete,930,2025-03-28T12:30:22
USR-0851,CNT-0386,view,476,2025-03-28T12:34:15
USR-0183,CNT-0409,view,2107,2025-03-28T12:36:59
USR-0579,CNT-0272,like,293,2025-03-28T12:44:25
USR-0056,CNT-0048,click,76,2025-03-28T12:49:24
USR-0412,CNT-0158,like,121,2025-03-28T12:51:23
USR-0931,CNT-0224,click,1390,2025-03-28T12:54:54
USR-0905,CNT-0415,view,401,2025-03-28T12:58:32
USR-0014,CNT-0421,view,1366,2025-03-28T13:02:53
USR-0947,CNT-0331,view,315,2025-03-28T13:13:26
USR-0881,CNT-0214,like,2384,2025-03-28T13:18:51
USR-0523,CNT-0151,click,952,2025-03-28T13:18:52
USR-0546,CNT-0396,like,560,2025-03-28T13:24:43
USR-0038,CNT-0030,skip,37,2025-03-28T13:34:36
USR-0940,CNT-0481,complete,3759,2025-03-28T13:56:50
USR-0894,CNT-0116,click,28,2025-03-28T14:05:50
USR-0183,CNT-0015,view,57,2025-03-28T14:10:39
USR-0562,CNT-0314,view,692,2025-03-28T14:22:40
USR-0648,CNT-0086,complete,4766,2025-03-28T14:27:18
USR-0683,CNT-0491,like,1488,2025-03-28T14:34:07
USR-0470,CNT-0203,complete,35,2025-03-28T14:35:32
USR-0165,CNT-0221,click,238,2025-03-28T14:42:39
USR-0580,CNT-0497,complete,63,2025-03-28T14:50:30
USR-0264,CNT-0097,like,228,2025-03-28T14:55:31
USR-0268,CNT-0120,skip,179,2025-03-28T15:03:53
USR-0200,CNT-0228,view,33,2025-03-28T15:05:40
USR-0134,CNT-0325,click,541,2025-03-28T15:14:03
USR-0300,CNT-0198,skip,357,2025-03-28T15:15:28
USR-0220,CNT-0479,complete,913,2025-03-28T15:23:00
USR-0343,CNT-0277,click,14,2025-03-28T15:25:14
USR-0525,CNT-0121,click,94,2025-03-28T15:28:24
USR-0764,CNT-0286,click,921,2025-03-28T15:32:46
USR-0658,CNT-0042,click,177,2025-03-28T15:33:07
USR-0158,CNT-0332,skip,268,2025-03-28T15:34:49
USR-0206,CNT-0189,skip,318,2025-03-28T15:39:25
USR-0528,CNT-0429,view,1896,2025-03-28T15:39:41
USR-0119,CNT-0153,complete,4830,2025-03-28T15:40:25
USR-0402,CNT-0306,like,53,2025-03-28T15:50:25
USR-0261,CNT-0051,view,12,2025-03-28T15:54:34
USR-0178,CNT-0349,like,938,2025-03-28T15:56:13
USR-0791,CNT-0074,skip,28,2025-03-28T16:01:53
USR-0842,CNT-0272,skip,140,2025-03-28T16:03:55
USR-0780,CNT-0463,click,1784,2025-03-28T16:04:33
USR-0959,CNT-0145,view,668,2025-03-28T16:24:14
USR-0525,CNT-0247,skip,0,2025-03-28T16:29:48
USR-0381,CNT-0370,view,200,2025-03-28T16:30:26
USR-0389,CNT-0379,view,244,2025-03-28T16:35:09
USR-0732,CNT-0068,like,1037,2025-03-28T16:38:59
USR-0330,CNT-0488,view,3416,2025-03-28T17:02:17
USR-0023,CNT-0027,skip,209,2025-03-28T17:04:42
USR-0124,CNT-0497,like,57,2025-03-28T17:04:48
USR-0709,CNT-0081,like,111,2025-03-28T17:06:44
USR-0206,CNT-0347,like,1343,2025-03-28T17:16:20
USR-0751,CNT-0139,view,1101,2025-03-28T17:22:21
USR-0740,CNT-0352,complete,4258,2025-03-28T17:45:40
USR-0057,CNT-0465,like,173,2025-03-28T18:07:16
USR-0781,CNT-0210,complete,2602,2025-03-28T18:07:19
USR-0279,CNT-0134,view,394,2025-03-28T18:17:48
USR-0769,CNT-0173,complete,478,2025-03-28T18:18:14
USR-0103,CNT-0211,click,75,2025-03-28T18:20:02
USR-0806,CNT-0348,skip,6,2025-03-28T18:21:03
USR-0256,CNT-0375,view,147,2025-03-28T18:26:16
USR-0461,CNT-0200,view,408,2025-03-28T18:28:46
USR-0540,CNT-0318,view,743,2025-03-28T18:38:29
USR-0124,CNT-0316,view,501,2025-03-28T18:40:31
USR-0840,CNT-0379,complete,445,2025-03-28T18:47:09
USR-0297,CNT-0060,click,214,2025-03-28T18:47:49
USR-0687,CNT-0290,complete,5014,2025-03-28T18:49:43
USR-0853,CNT-0390,click,218,2025-03-28T18:53:29
USR-0857,CNT-0340,click,576,2025-03-28T18:55:10
USR-0196,CNT-0295,complete,74,2025-03-28T19:01:28
USR-0902,CNT-0092,click,339,2025-03-28T19:25:02
USR-0879,CNT-0383,view,62,2025-03-28T19:29:20
USR-0034,CNT-0482,view,169,2025-03-28T19:36:07
USR-0444,CNT-0297,complete,1753,2025-03-28T19:43:10
USR-0961,CNT-0180,complete,95,2025-03-28T19:44:20
USR-0854,CNT-0076,view,503,2025-03-28T19:47:28
USR-0917,CNT-0194,click,430,2025-03-28T19:51:35
USR-0171,CNT-0313,complete,49,2025-03-28T19:55:59
USR-0763,CNT-0124,skip,50,2025-03-28T19:59:22
USR-0944,CNT-0108,view,33,2025-03-28T20:12:34
USR-0324,CNT-0128,click,260,2025-03-28T20:32:12
USR-0097,CNT-0127,view,34,2025-03-28T20:37:27
USR-0330,CNT-0029,view,208,2025-03-28T20:41:00
USR-0983,CNT-0100,skip,15,2025-03-28T20:47:41
USR-0449,CNT-0129,click,587,2025-03-28T20:47:56
USR-0054,CNT-0337,skip,169,2025-03-28T20:50:27
USR-0965,CNT-0332,view,1041,2025-03-28T20:52:35
USR-0460,CNT-0083,view,440,2025-03-28T21:02:20
USR-0123,CNT-0381,skip,115,2025-03-28T21:07:14
USR-0259,CNT-0440,skip,711,2025-03-28T21:17:54
USR-0036,CNT-0134,complete,721,2025-03-28T21:21:39
USR-0944,CNT-0325,view,242,2025-03-28T21:33:18
USR-0555,CNT-0062,view,2298,2025-03-28T21:33:29
USR-0755,CNT-0400,like,82,2025-03-28T21:34:17
USR-0480,CNT-0009,view,4747,2025-03-28T21:45:48
USR-0588,CNT-0104,view,88,2025-03-28T22:15:29
USR-0777,CNT-0305,skip,131,2025-03-28T22:19:59
USR-0784,CNT-0148,view,292,2025-03-28T22:22:57
USR-0242,CNT-0444,skip,8,2025-03-28T22:23:11
USR-0914,CNT-0170,skip,4,2025-03-28T22:31:00
USR-0225,CNT-0305,click,495,2025-03-28T22:34:08
USR-0663,CNT-0350,skip,42,2025-03-28T22:48:13
USR-0903,CNT-0242,view,435,2025-03-28T22:49:46
USR-0079,CNT-0291,view,86,2025-03-28T22:52:04
USR-0406,CNT-0414,view,170,2025-03-28T22:52:09
USR-0721,CNT-0379,click,94,2025-03-28T23:01:04
USR-0294,CNT-0235,view,240,2025-03-28T23:05:29
USR-0585,CNT-0361,view,2691,2025-03-28T23:14:31
USR-0974,CNT-0107,view,266,2025-03-28T23:18:55
USR-0314,CNT-0418,like,2066,2025-03-28T23:21:17
USR-0023,CNT-0278,like,14,2025-03-28T23:27:44
USR-0116,CNT-0007,click,904,2025-03-28T23:55:04
USR-0697,CNT-0305,view,752,2025-03-28T23:57:40
USR-0424,CNT-0285,complete,827,2025-03-29T00:03:18
USR-0498,CNT-0288,skip,76,2025-03-29T00:07:58
USR-0107,CNT-0241,skip,50,2025-03-29T00:22:28
USR-0354,CNT-0061,skip,100,2025-03-29T00:28:16
USR-0782,CNT-0093,complete,130,2025-03-29T00:33:42
USR-0060,CNT-0165,like,2654,2025-03-29T00:36:07
USR-0892,CNT-0436,view,114,2025-03-29T00:43:38
USR-0814,CNT-0076,complete,655,2025-03-29T00:43:39
USR-0470,CNT-0311,view,4028,2025-03-29T00:51:57
USR-0586,CNT-0370,skip,4,2025-03-29T01:01:31
USR-0017,CNT-0246,like,275,2025-03-29T01:02:08
USR-0348,CNT-0483,click,1887,2025-03-29T01:03:06
USR-0363,CNT-0025,skip,258,2025-03-29T01:03:49
USR-0299,CNT-0349,click,3577,2025-03-29T01:04:09
USR-1000,CNT-0204,complete,1850,2025-03-29T01:06:54
USR-0092,CNT-0133,complete,149,2025-03-29T01:07:45
USR-0816,CNT-0385,skip,300,2025-03-29T01:12:46
USR-0749,CNT-0153,complete,4238,2025-03-29T01:13:08
USR-0855,CNT-0443,view,717,2025-03-29T01:21:22
USR-0651,CNT-0416,like,64,2025-03-29T01:21:28
USR-0074,CNT-0169,view,62,2025-03-29T01:35:11
USR-0946,CNT-0440,view,2208,2025-03-29T01:35:58
USR-0306,CNT-0433,complete,356,2025-03-29T01:37:59
USR-0303,CNT-0055,view,225,2025-03-29T01:44:17
USR-0581,CNT-0403,view,162,2025-03-29T01:47:00
USR-0693,CNT-0172,view,38,2025-03-29T01:50:59
USR-0341,CNT-0127,view,82,2025-03-29T02:10:45
USR-0805,CNT-0435,click,177,2025-03-29T02:11:48
USR-0293,CNT-0159,click,419,2025-03-29T02:12:08
USR-0426,CNT-0477,view,1192,2025-03-29T02:15:07
USR-0731,CNT-0107,complete,680,2025-03-29T02:17:10
USR-0001,CNT-0411,view,174,2025-03-29T02:17:32
USR-0632,CNT-0152,view,79,2025-03-29T02:23:02
USR-0577,CNT-0145,like,79,2025-03-29T02:26:20
USR-0538,CNT-0086,view,2856,2025-03-29T02:36:04
USR-0336,CNT-0319,view,68,2025-03-29T02:36:27
USR-0598,CNT-0216,like,5409,2025-03-29T02:36:48
USR-0652,CNT-0097,complete,3677,2025-03-29T02:40:52
USR-0056,CNT-0349,click,3788,2025-03-29T02:46:57
USR-0827,CNT-0021,view,12,2025-03-29T02:50:13
USR-0335,CNT-0311,click,3343,2025-03-29T03:04:31
USR-0243,CNT-0303,like,109,2025-03-29T03:05:34
USR-0864,CNT-0270,view,551,2025-03-29T03:25:19
USR-0704,CNT-0176,click,3462,2025-03-29T03:28:36
USR-0066,CNT-0065,like,48,2025-03-29T03:28:57
USR-0374,CNT-0437,complete,4106,2025-03-29T03:29:27
USR-0502,CNT-0125,skip,179,2025-03-29T03:47:31
USR-0178,CNT-0461,view,227,2025-03-29T03:49:43
USR-0877,CNT-0350,view,53,2025-03-29T04:07:30
USR-0324,CNT-0122,view,149,2025-03-29T04:15:43
USR-0773,CNT-0300,view,83,2025-03-29T04:19:27
USR-0914,CNT-0451,view,400,2025-03-29T04:21:55
USR-0437,CNT-0059,click,251,2025-03-29T04:23:28
USR-0717,CNT-0407,complete,134,2025-03-29T04:33:31
USR-0798,CNT-0215,click,298,2025-03-29T04:38:06
USR-0348,CNT-0002,view,99,2025-03-29T04:43:24
USR-0869,CNT-0237,like,504,2025-03-29T04:46:26
USR-0765,CNT-0431,skip,134,2025-03-29T04:48:19
USR-0262,CNT-0185,skip,176,2025-03-29T04:53:07
USR-0950,CNT-0305,view,587,2025-03-29T05:04:42
USR-0679,CNT-0325,view,180,2025-03-29T05:06:01
USR-0040,CNT-0308,view,413,2025-03-29T05:19:57
USR-0442,CNT-0242,view,526,2025-03-29T05:40:47
USR-0801,CNT-0105,view,7,2025-03-29T05:45:15
USR-0501,CNT-0233,view,1202,2025-03-29T06:07:06
USR-0542,CNT-0269,like,462,2025-03-29T06:09:16
USR-0282,CNT-0178,view,509,2025-03-29T06:15:35
USR-0329,CNT-0011,click,461,2025-03-29T06:24:21
USR-0762,CNT-0195,view,77,2025-03-29T06:39:55
USR-0495,CNT-0302,complete,80,2025-03-29T06:42:26
USR-0906,CNT-0331,complete,3156,2025-03-29T06:45:49
USR-0244,CNT-0152,complete,170,2025-03-29T07:07:09
USR-0830,CNT-0094,view,1084,2025-03-29T07:09:30
USR-0306,CNT-0428,skip,8,2025-03-29T07:13:47
USR-0204,CNT-0120,view,122,2025-03-29T07:45:15
USR-0850,CNT-0057,skip,272,2025-03-29T07:52:23
USR-0217,CNT-0125,like,4144,2025-03-29T07:53:07
USR-0073,CNT-0028,complete,2360,2025-03-29T08:17:52
USR-0850,CNT-0493,view,78,2025-03-29T08:28:34
USR-0562,CNT-0347,like,154,2025-03-29T08:28:46
USR-0159,CNT-0247,view,449,2025-03-29T08:33:28
USR-0286,CNT-0271,view,786,2025-03-29T08:34:35
USR-0503,CNT-0193,click,3295,2025-03-29T08:38:17
USR-0962,CNT-0268,click,327,2025-03-29T08:50:22
USR-0770,CNT-0211,complete,172,2025-03-29T08:50:58
USR-0096,CNT-0166,click,273,2025-03-29T09:26:48
USR-0450,CNT-0302,complete,81,2025-03-29T09:37:42
USR-0125,CNT-0022,click,110,2025-03-29T09:38:12
USR-0761,CNT-0157,view,286,2025-03-29T09:38:16
USR-0758,CNT-0202,skip,166,2025-03-29T09:40:32
USR-0640,CNT-0347,click,476,2025-03-29T09:43:17
USR-0939,CNT-0375,like,212,2025-03-29T09:59:12
USR-0159,CNT-0242,like,360,2025-03-29T10:02:20
USR-0237,CNT-0033,skip,13,2025-03-29T10:07:20
USR-0715,CNT-0286,view,709,2025-03-29T10:08:35
USR-0813,CNT-0140,view,67,2025-03-29T10:19:31
USR-0678,CNT-0210,view,1481,2025-03-29T10:22:52
USR-0235,CNT-0014,complete,4403,2025-03-29T10:37:17
USR-0831,CNT-0059,view,524,2025-03-29T10:51:02
USR-0896,CNT-0310,skip,129,2025-03-29T11:05:17
USR-0517,CNT-0438,skip,114,2025-03-29T11:05:30
USR-0136,CNT-0005,click,1459,2025-03-29T11:10:31
USR-0340,CNT-0120,like,1429,2025-03-29T11:22:08
USR-0545,CNT-0133,view,36,2025-03-29T11:22:31
USR-0357,CNT-0211,skip,40,2025-03-29T11:27:58
USR-0802,CNT-0195,click,1061,2025-03-29T11:28:28
USR-0911,CNT-0020,like,36,2025-03-29T11:28:56
USR-0695,CNT-0345,view,313,2025-03-29T11:46:45
USR-0555,CNT-0173,view,200,2025-03-29T11:48:03
USR-0352,CNT-0159,view,541,2025-03-29T12:02:37
USR-0389,CNT-0321,view,1162,2025-03-29T12:04:13
USR-0289,CNT-0216,complete,5554,2025-03-29T12:06:26
USR-0348,CNT-0455,complete,62,2025-03-29T12:10:55
USR-0199,CNT-0207,like,1129,2025-03-29T12:16:26
USR-0998,CNT-0212,like,398,2025-03-29T12:19:34
USR-0908,CNT-0252,view,2771,2025-03-29T12:36:18
USR-0340,CNT-0433,view,130,2025-03-29T12:55:40
USR-0887,CNT-0071,view,45,2025-03-29T12:56:34
USR-0451,CNT-0357,skip,124,2025-03-29T12:58:38
USR-0989,CNT-0252,complete,3276,2025-03-29T13:03:49
USR-0580,CNT-0156,complete,2965,2025-03-29T13:15:07
USR-0304,CNT-0202,like,1726,2025-03-29T13:20:26
USR-0201,CNT-0469,view,53,2025-03-29T13:20:43
USR-0845,CNT-0090,complete,1178,2025-03-29T13:23:16
USR-0749,CNT-0250,view,165,2025-03-29T13:35:07
USR-0012,CNT-0425,view,561,2025-03-29T13:36:34
USR-0460,CNT-0079,view,3132,2025-03-29T13:39:31
USR-0754,CNT-0499,view,191,2025-03-29T13:45:02
USR-0839,CNT-0179,skip,5,2025-03-29T13:46:33
USR-0941,CNT-0242,skip,133,2025-03-29T13:56:40
USR-0657,CNT-0472,view,190,2025-03-29T13:58:27
USR-0932,CNT-0193,skip,355,2025-03-29T13:59:17
USR-0432,CNT-0280,skip,6,2025-03-29T13:59:24
USR-0678,CNT-0150,click,551,2025-03-29T14:02:38
USR-0687,CNT-0011,view,568,2025-03-29T14:10:42
USR-0974,CNT-0203,skip,4,2025-03-29T14:11:47
USR-0600,CNT-0066,click,178,2025-03-29T14:25:20
USR-0770,CNT-0362,complete,2613,2025-03-29T14:26:29
USR-0845,CNT-0005,view,1365,2025-03-29T14:32:32
USR-0484,CNT-0184,like,123,2025-03-29T14:33:09
USR-0408,CNT-0459,view,606,2025-03-29T14:35:51
USR-0011,CNT-0120,view,1537,2025-03-29T14:36:46
USR-0281,CNT-0351,complete,531,2025-03-29T14:42:49
USR-0868,CNT-0231,skip,659,2025-03-29T14:47:09
USR-0924,CNT-0371,view,77,2025-03-29T14:55:06
USR-0162,CNT-0280,click,45,2025-03-29T14:56:32
USR-0466,CNT-0305,click,546,2025-03-29T15:09:05
USR-0242,CNT-0175,complete,3876,2025-03-29T15:09:20
USR-0488,CNT-0009,view,1233,2025-03-29T15:11:06
USR-0382,CNT-0064,view,3910,2025-03-29T15:17:53
USR-0625,CNT-0007,view,2279,2025-03-29T15:24:07
USR-0392,CNT-0040,skip,0,2025-03-29T15:26:06
USR-0376,CNT-0096,click,912,2025-03-29T15:31:37
USR-0669,CNT-0265,view,28,2025-03-29T15:52:37
USR-0963,CNT-0415,view,328,2025-03-29T16:09:10
USR-0564,CNT-0278,view,161,2025-03-29T16:17:33
USR-0752,CNT-0143,complete,4913,2025-03-29T16:19:20
USR-0312,CNT-0317,view,623,2025-03-29T16:25:14
USR-0320,CNT-0352,complete,4921,2025-03-29T16:26:24
USR-0427,CNT-0292,view,94,2025-03-29T16:32:37
USR-0935,CNT-0323,complete,5138,2025-03-29T16:37:12
USR-0273,CNT-0184,like,95,2025-03-29T16:52:43
USR-0094,CNT-0421,complete,2977,2025-03-29T17:07:05
USR-0742,CNT-0154,view,91,2025-03-29T17:07:19
USR-0039,CNT-0121,skip,8,2025-03-29T17:08:31
USR-0273,CNT-0301,skip,76,2025-03-29T17:14:24
USR-0748,CNT-0324,view,781,2025-03-29T17:26:19
USR-0550,CNT-0206,skip,24,2025-03-29T17:30:41
USR-0761,CNT-0280,view,104,2025-03-29T17:33:21
USR-0318,CNT-0056,complete,65,2025-03-29T17:37:13
USR-0462,CNT-0419,view,41,2025-03-29T17:37:46
USR-0503,CNT-0414,skip,19,2025-03-29T17:51:12
USR-0242,CNT-0272,view,276,2025-03-29T17:53:19
USR-0630,CNT-0013,view,1109,2025-03-29T18:05:41
USR-0230,CNT-0472,skip,16,2025-03-29T18:19:02
USR-0141,CNT-0207,view,3603,2025-03-29T18:23:56
USR-0620,CNT-0118,complete,3126,2025-03-29T18:24:45
USR-0516,CNT-0041,view,614,2025-03-29T18:40:48
USR-0858,CNT-0314,like,2105,2025-03-29T18:42:26
USR-0136,CNT-0250,like,198,2025-03-29T19:04:45
USR-0013,CNT-0295,view,24,2025-03-29T19:20:05
USR-0177,CNT-0307,complete,482,2025-03-29T19:33:40
USR-0362,CNT-0496,click,47,2025-03-29T19:34:21
USR-0642,CNT-0055,complete,250,2025-03-29T19:35:21
USR-0328,CNT-0253,view,71,2025-03-29T19:35:26
USR-0086,CNT-0037,like,3679,2025-03-29T19:36:56
USR-0506,CNT-0482,view,1009,2025-03-29T19:39:19
USR-0813,CNT-0144,skip,170,2025-03-29T19:46:01
USR-0015,CNT-0127,skip,42,2025-03-29T19:46:14
USR-0001,CNT-0122,view,132,2025-03-29T19:54:58
USR-0707,CNT-0056,view,42,2025-03-29T19:58:00
USR-0731,CNT-0252,view,3135,2025-03-29T20:01:06
USR-0963,CNT-0070,view,176,2025-03-29T20:06:01
USR-0054,CNT-0221,like,278,2025-03-29T20:07:04
USR-0789,CNT-0145,skip,141,2025-03-29T20:10:36
USR-0966,CNT-0253,complete,92,2025-03-29T20:15:22
USR-0963,CNT-0301,complete,866,2025-03-29T20:18:55
USR-0149,CNT-0243,like,42,2025-03-29T20:20:58
USR-0350,CNT-0445,skip,28,2025-03-29T20:39:24
USR-0095,CNT-0228,view,988,2025-03-29T20:41:59
USR-0652,CNT-0007,view,1896,2025-03-29T20:46:59
USR-0915,CNT-0333,complete,154,2025-03-29T20:58:40
USR-0792,CNT-0369,like,3131,2025-03-29T21:00:04
USR-0674,CNT-0215,like,108,2025-03-29T21:01:23
USR-0594,CNT-0464,view,70,2025-03-29T21:02:51
USR-0070,CNT-0341,skip,5,2025-03-29T21:04:18
USR-0153,CNT-0346,like,2599,2025-03-29T21:13:16
USR-0738,CNT-0286,click,1097,2025-03-29T21:15:31
USR-0735,CNT-0369,click,3704,2025-03-29T21:17:42
USR-0273,CNT-0112,view,5156,2025-03-29T21:21:32
USR-0531,CNT-0272,complete,811,2025-03-29T21:23:32
USR-0567,CNT-0301,view,281,2025-03-29T21:28:35
USR-0375,CNT-0010,skip,1355,2025-03-29T21:38:49
USR-0071,CNT-0204,like,185,2025-03-29T21:43:41
USR-0518,CNT-0078,skip,45,2025-03-29T21:47:09
USR-0257,CNT-0285,view,105,2025-03-29T21:54:27
USR-0483,CNT-0335,click,1748,2025-03-29T22:06:18
USR-0250,CNT-0058,like,327,2025-03-29T22:18:23
USR-0339,CNT-0098,skip,1484,2025-03-29T22:18:43
USR-0378,CNT-0321,click,3806,2025-03-29T22:23:45
USR-0891,CNT-0059,complete,692,2025-03-29T22:33:47
USR-0833,CNT-0335,view,136,2025-03-29T22:39:45
USR-0065,CNT-0149,like,55,2025-03-29T22:40:34
USR-0009,CNT-0095,complete,587,2025-03-29T22:42:23
USR-0555,CNT-0049,click,366,2025-03-29T22:44:38
USR-0367,CNT-0033,view,95,2025-03-29T22:49:33
USR-0206,CNT-0032,skip,101,2025-03-29T23:11:57
USR-0278,CNT-0326,like,642,2025-03-29T23:15:09
USR-0278,CNT-0355,view,612,2025-03-29T23:27:07
USR-0761,CNT-0097,skip,130,2025-03-29T23:27:41
USR-0191,CNT-0267,like,97,2025-03-29T23:31:50
USR-0534,CNT-0062,like,3083,2025-03-29T23:32:43
USR-0237,CNT-0082,skip,55,2025-03-29T23:37:54
USR-0964,CNT-0293,click,1134,2025-03-29T23:39:09
USR-0812,CNT-0228,view,852,2025-03-29T23:47:20
USR-0426,CNT-0494,view,133,2025-03-29T23:49:48
USR-0810,CNT-0104,view,45,2025-03-29T23:51:22
USR-0114,CNT-0201,complete,3410,2025-03-30T00:18:40
USR-0123,CNT-0075,complete,369,2025-03-30T00:21:25
USR-0975,CNT-0203,skip,2,2025-03-30T00:24:55
USR-0714,CNT-0437,view,1146,2025-03-30T00:43:15
USR-0216,CNT-0321,view,526,2025-03-30T00:43:18
USR-0510,CNT-0335,view,1288,2025-03-30T00:53:49
USR-0657,CNT-0273,click,78,2025-03-30T00:54:17
USR-0272,CNT-0430,complete,592,2025-03-30T00:55:20
USR-0295,CNT-0192,view,12,2025-03-30T00:56:25
USR-0900,CNT-0394,view,56,2025-03-30T01:02:54
USR-0175,CNT-0354,click,294,2025-03-30T01:08:42
USR-0702,CNT-0136,view,392,2025-03-30T01:11:20
USR-0531,CNT-0319,view,439,2025-03-30T01:24:50
USR-0969,CNT-0355,click,1270,2025-03-30T01:27:10
USR-0307,CNT-0274,view,913,2025-03-30T01:29:38
USR-0090,CNT-0498,like,1058,2025-03-30T01:40:14
USR-0513,CNT-0275,click,52,2025-03-30T01:42:05
USR-0677,CNT-0217,view,285,2025-03-30T01:49:05
USR-0466,CNT-0050,view,664,2025-03-30T01:50:30
USR-0209,CNT-0360,complete,861,2025-03-30T01:51:52
USR-0497,CNT-0401,click,24,2025-03-30T01:51:55
USR-0526,CNT-0104,complete,2171,2025-03-30T01:58:13
USR-0902,CNT-0076,view,496,2025-03-30T01:59:48
USR-0310,CNT-0473,view,98,2025-03-30T02:09:33
USR-0071,CNT-0456,complete,659,2025-03-30T02:11:27
USR-0984,CNT-0148,view,611,2025-03-30T02:12:57
USR-0297,CNT-0478,click,524,2025-03-30T02:13:49
USR-0684,CNT-0424,click,200,2025-03-30T02:15:11
USR-0002,CNT-0376,view,56,2025-03-30T02:23:43
USR-0710,CNT-0453,click,441,2025-03-30T02:23:57
USR-0568,CNT-0014,view,2951,2025-03-30T02:26:24
USR-0369,CNT-0252,complete,3021,2025-03-30T02:29:16
USR-0883,CNT-0124,click,293,2025-03-30T02:31:08
USR-0557,CNT-0226,like,12,2025-03-30T02:43:14
USR-0334,CNT-0178,skip,61,2025-03-30T02:43:53
USR-0517,CNT-0424,complete,376,2025-03-30T02:46:06
USR-0077,CNT-0494,view,115,2025-03-30T02:51:27
USR-0093,CNT-0352,like,2887,2025-03-30T02:55:23
USR-0998,CNT-0406,click,207,2025-03-30T02:57:27
USR-0846,CNT-0450,skip,839,2025-03-30T02:59:27
USR-0799,CNT-0163,like,2564,2025-03-30T03:01:57
USR-0102,CNT-0199,click,19,2025-03-30T03:08:27
USR-0687,CNT-0254,view,1720,2025-03-30T03:10:51
USR-0192,CNT-0269,view,560,2025-03-30T03:16:08
USR-0750,CNT-0291,skip,116,2025-03-30T03:20:11
USR-0108,CNT-0077,skip,123,2025-03-30T03:23:02
USR-0432,CNT-0071,click,7,2025-03-30T03:27:16
USR-0822,CNT-0031,skip,439,2025-03-30T03:42:39
USR-0172,CNT-0085,view,2646,2025-03-30T03:56:52
USR-0743,CNT-0496,complete,128,2025-03-30T03:58:21
USR-0268,CNT-0295,skip,2,2025-03-30T04:01:07
USR-0667,CNT-0456,like,43,2025-03-30T04:02:44
USR-0277,CNT-0093,complete,122,2025-03-30T04:09:22
USR-0053,CNT-0047,view,450,2025-03-30T04:13:28
USR-0645,CNT-0093,complete,137,2025-03-30T04:17:46
USR-0963,CNT-0251,click,531,2025-03-30T04:23:32
USR-0638,CNT-0317,like,228,2025-03-30T04:24:46
USR-0701,CNT-0045,view,83,2025-03-30T04:25:57
USR-0704,CNT-0220,complete,132,2025-03-30T04:29:52
USR-0839,CNT-0151,view,2023,2025-03-30T04:33:19
USR-0979,CNT-0173,complete,494,2025-03-30T04:37:31
USR-0704,CNT-0138,view,210,2025-03-30T05:00:48
USR-0682,CNT-0175,view,3891,2025-03-30T05:05:54
USR-0615,CNT-0115,view,257,2025-03-30T05:26:49
USR-0885,CNT-0457,complete,307,2025-03-30T05:29:54
USR-0215,CNT-0164,skip,142,2025-03-30T05:47:14
USR-0980,CNT-0142,like,1013,2025-03-30T05:47:38
USR-0047,CNT-0139,click,897,2025-03-30T05:58:29
USR-0069,CNT-0250,click,136,2025-03-30T06:14:52
USR-0773,CNT-0199,view,47,2025-03-30T06:16:44
USR-0391,CNT-0016,click,456,2025-03-30T06:33:42
USR-0983,CNT-0349,like,1696,2025-03-30T06:39:06
USR-0747,CNT-0343,view,263,2025-03-30T06:40:02
USR-0400,CNT-0384,skip,1047,2025-03-30T06:45:47
USR-0433,CNT-0456,view,72,2025-03-30T06:46:53
USR-0473,CNT-0053,complete,90,2025-03-30T06:47:22
USR-0096,CNT-0329,like,2083,2025-03-30T06:49:08
USR-0470,CNT-0176,view,4516,2025-03-30T07:13:29
USR-0273,CNT-0458,view,2171,2025-03-30T07:15:45
USR-0403,CNT-0459,skip,71,2025-03-30T07:22:55
USR-0323,CNT-0497,like,31,2025-03-30T07:26:46
USR-0187,CNT-0083,like,290,2025-03-30T07:37:06
USR-0277,CNT-0052,click,108,2025-03-30T07:47:53
USR-0528,CNT-0097,view,2132,2025-03-30T07:49:45
USR-0284,CNT-0255,view,1632,2025-03-30T07:51:46
USR-0727,CNT-0312,click,179,2025-03-30T07:54:37
USR-0412,CNT-0237,view,318,2025-03-30T07:56:27
USR-0984,CNT-0101,view,357,2025-03-30T08:00:19
USR-0267,CNT-0351,like,4,2025-03-30T08:02:43
USR-0909,CNT-0198,like,1964,2025-03-30T08:04:03
USR-0363,CNT-0483,click,964,2025-03-30T08:05:13
USR-0210,CNT-0344,view,680,2025-03-30T08:09:12
USR-0386,CNT-0024,click,24,2025-03-30T08:12:50
USR-0847,CNT-0328,complete,86,2025-03-30T08:20:46
USR-0344,CNT-0378,view,1936,2025-03-30T08:27:47
USR-0375,CNT-0212,complete,3811,2025-03-30T08:28:54
USR-0128,CNT-0404,view,243,2025-03-30T08:33:52
USR-0306,CNT-0079,skip,172,2025-03-30T08:41:35
USR-0762,CNT-0062,click,3047,2025-03-30T08:43:08
USR-0253,CNT-0114,view,239,2025-03-30T08:47:39
USR-0406,CNT-0010,view,4580,2025-03-30T08:51:01
USR-0591,CNT-0265,view,267,2025-03-30T09:02:40
USR-0391,CNT-0109,view,169,2025-03-30T09:02:48
USR-0946,CNT-0478,skip,5,2025-03-30T09:07:42
USR-0512,CNT-0331,complete,2913,2025-03-30T09:35:28
USR-0717,CNT-0315,skip,587,2025-03-30T10:06:10
USR-0623,CNT-0086,complete,4364,2025-03-30T10:11:35
USR-0091,CNT-0343,click,160,2025-03-30T10:12:28
USR-0849,CNT-0325,complete,1022,2025-03-30T10:18:27
USR-0690,CNT-0122,like,183,2025-03-30T10:19:06
USR-0673,CNT-0413,view,554,2025-03-30T10:25:52
USR-0216,CNT-0278,skip,13,2025-03-30T10:54:05
USR-0812,CNT-0427,view,20,2025-03-30T11:01:13
USR-0865,CNT-0208,view,3400,2025-03-30T11:06:17
USR-0798,CNT-0294,like,1,2025-03-30T11:09:27
USR-0580,CNT-0212,view,1093,2025-03-30T11:11:00
USR-0804,CNT-0244,view,138,2025-03-30T11:15:29
USR-0255,CNT-0082,view,231,2025-03-30T11:17:49
USR-0753,CNT-0080,click,60,2025-03-30T11:18:25
USR-0811,CNT-0013,view,634,2025-03-30T11:24:18
USR-0617,CNT-0171,click,994,2025-03-30T11:28:45
USR-0591,CNT-0424,click,282,2025-03-30T11:31:11
USR-0100,CNT-0052,click,106,2025-03-30T11:45:30
USR-0247,CNT-0330,view,776,2025-03-30T11:47:59
USR-0472,CNT-0102,view,1272,2025-03-30T11:48:55
USR-0552,CNT-0344,view,667,2025-03-30T12:02:49
USR-0228,CNT-0103,complete,1943,2025-03-30T12:09:46
USR-0017,CNT-0275,view,21,2025-03-30T12:14:14
USR-0079,CNT-0170,view,84,2025-03-30T12:24:24
USR-0032,CNT-0073,view,1229,2025-03-30T12:49:02
USR-0686,CNT-0277,view,72,2025-03-30T13:02:35
USR-0325,CNT-0487,like,836,2025-03-30T13:03:18
USR-0523,CNT-0395,click,63,2025-03-30T13:09:35
USR-0217,CNT-0186,skip,301,2025-03-30T13:16:28
USR-0683,CNT-0252,click,2492,2025-03-30T13:21:16
USR-0115,CNT-0303,view,138,2025-03-30T13:21:21
USR-0651,CNT-0270,complete,715,2025-03-30T13:21:26
USR-0645,CNT-0389,view,75,2025-03-30T13:31:33
USR-0711,CNT-0186,complete,2853,2025-03-30T13:32:19
USR-0161,CNT-0330,view,679,2025-03-30T13:38:28
USR-0715,CNT-0102,view,890,2025-03-30T13:42:44
USR-0557,CNT-0039,view,768,2025-03-30T14:08:30
USR-0912,CNT-0066,like,164,2025-03-30T14:29:20
USR-0788,CNT-0195,like,217,2025-03-30T14:32:01
USR-0448,CNT-0188,complete,901,2025-03-30T14:54:10
USR-0084,CNT-0025,view,1798,2025-03-30T14:54:43
USR-0078,CNT-0434,like,24,2025-03-30T14:59:56
USR-0861,CNT-0112,view,914,2025-03-30T15:04:46
USR-0297,CNT-0210,complete,2949,2025-03-30T15:05:33
USR-0465,CNT-0500,complete,4980,2025-03-30T15:06:58
USR-0278,CNT-0415,view,2822,2025-03-30T15:14:46
USR-0369,CNT-0203,view,26,2025-03-30T15:14:50
USR-0412,CNT-0486,skip,37,2025-03-30T15:20:10
USR-0839,CNT-0071,click,70,2025-03-30T15:20:12
USR-0341,CNT-0402,click,2238,2025-03-30T15:24:39
USR-0918,CNT-0343,click,171,2025-03-30T15:25:06
USR-0629,CNT-0426,skip,177,2025-03-30T15:28:05
USR-0345,CNT-0302,complete,88,2025-03-30T15:33:46
USR-0028,CNT-0144,complete,1969,2025-03-30T15:40:22
USR-0396,CNT-0165,complete,3568,2025-03-30T15:43:18
USR-0343,CNT-0156,complete,2844,2025-03-30T15:47:27
USR-0565,CNT-0135,like,1309,2025-03-30T16:02:51
USR-0835,CNT-0074,complete,165,2025-03-30T16:06:14
USR-0180,CNT-0051,skip,6,2025-03-30T16:16:07
USR-0426,CNT-0050,view,33,2025-03-30T16:34:24
USR-0859,CNT-0403,click,3719,2025-03-30T16:37:38
USR-0006,CNT-0347,complete,1885,2025-03-30T16:39:58
USR-0030,CNT-0438,view,147,2025-03-30T16:47:18
USR-0780,CNT-0471,skip,14,2025-03-30T17:23:17
USR-0248,CNT-0151,complete,3505,2025-03-30T17:27:55
USR-0458,CNT-0288,like,254,2025-03-30T17:36:35
USR-0660,CNT-0006,like,482,2025-03-30T17:47:27
USR-0883,CNT-0121,view,2,2025-03-30T17:52:05
USR-0742,CNT-0077,view,3055,2025-03-30T18:07:24
USR-0615,CNT-0478,click,681,2025-03-30T18:18:05
USR-0781,CNT-0307,view,493,2025-03-30T18:23:26
USR-0343,CNT-0312,view,7,2025-03-30T18:37:53
USR-0266,CNT-0237,click,770,2025-03-30T18:44:34
USR-0824,CNT-0114,view,755,2025-03-30T18:45:11
USR-0595,CNT-0421,complete,3160,2025-03-30T18:48:40
USR-0125,CNT-0462,complete,2164,2025-03-30T18:50:57
USR-0549,CNT-0486,like,190,2025-03-30T18:54:21
USR-0954,CNT-0026,click,181,2025-03-30T18:59:00
USR-0547,CNT-0369,complete,3874,2025-03-30T18:59:43
USR-0373,CNT-0017,view,474,2025-03-30T19:15:18
USR-0573,CNT-0236,view,34,2025-03-30T19:33:46
USR-0531,CNT-0199,view,71,2025-03-30T19:40:55
USR-0404,CNT-0381,view,1043,2025-03-30T19:46:25
USR-0535,CNT-0089,view,10,2025-03-30T19:48:07
USR-0141,CNT-0173,complete,466,2025-03-30T19:48:58
USR-0052,CNT-0360,click,395,2025-03-30T19:50:09
USR-0712,CNT-0319,view,1127,2025-03-30T19:50:33
USR-0072,CNT-0100,like,405,2025-03-30T19:57:00
USR-0509,CNT-0102,complete,2071,2025-03-30T20:08:02
USR-0269,CNT-0222,click,48,2025-03-30T20:17:41
USR-0327,CNT-0341,view,15,2025-03-30T20:25:40
USR-0034,CNT-0170,like,6,2025-03-30T20:25:43
USR-0047,CNT-0101,view,304,2025-03-30T20:25:44
USR-0769,CNT-0173,view,391,2025-03-30T20:37:04
USR-0114,CNT-0497,view,57,2025-03-30T20:39:59
USR-0358,CNT-0130,complete,37,2025-03-30T21:01:14
USR-0556,CNT-0252,view,2976,2025-03-30T21:10:07
USR-0814,CNT-0194,like,514,2025-03-30T21:25:26
USR-0783,CNT-0478,click,141,2025-03-30T21:30:54
USR-0190,CNT-0111,skip,15,2025-03-30T21:41:53
USR-0987,CNT-0093,like,92,2025-03-30T21:45:44
USR-0419,CNT-0088,complete,332,2025-03-30T21:46:01
USR-0301,CNT-0399,view,104,2025-03-30T21:55:45
USR-0601,CNT-0151,view,1510,2025-03-30T21:59:06
USR-0078,CNT-0179,view,32,2025-03-30T22:05:10
USR-0751,CNT-0394,view,51,2025-03-30T22:25:59
USR-0472,CNT-0038,complete,632,2025-03-30T22:28:12
USR-0255,CNT-0471,view,199,2025-03-30T22:40:45
USR-0446,CNT-0159,view,918,2025-03-30T22:42:11
USR-0379,CNT-0429,skip,399,2025-03-30T22:45:19
USR-0033,CNT-0371,like,27,2025-03-30T22:46:36
USR-0082,CNT-0174,like,5,2025-03-30T22:47:05
USR-0180,CNT-0088,complete,333,2025-03-30T22:48:52
USR-0935,CNT-0383,view,128,2025-03-30T22:54:13
USR-0677,CNT-0379,click,334,2025-03-30T23:06:09
USR-0364,CNT-0474,complete,976,2025-03-30T23:06:33
USR-0169,CNT-0152,click,130,2025-03-30T23:08:38
USR-0717,CNT-0071,view,75,2025-03-30T23:13:52
USR-0908,CNT-0173,view,134,2025-03-30T23:44:56
USR-0591,CNT-0381,complete,3335,2025-03-30T23:59:06
USR-0611,CNT-0069,skip,850,2025-03-31T00:00:03
USR-0536,CNT-0141,complete,4437,2025-03-31T00:00:16
USR-0973,CNT-0377,skip,10,2025-03-31T00:05:54
USR-0714,CNT-0256,like,622,2025-03-31T00:14:18
USR-0553,CNT-0390,complete,2658,2025-03-31T00:28:11
USR-0861,CNT-0454,skip,56,2025-03-31T00:41:56
USR-0232,CNT-0487,click,304,2025-03-31T00:45:13
USR-0168,CNT-0006,click,498,2025-03-31T00:52:52
USR-0858,CNT-0362,like,1778,2025-03-31T00:55:48
USR-0634,CNT-0298,view,6232,2025-03-31T01:07:43
USR-0966,CNT-0250,view,104,2025-03-31T01:16:34
USR-0824,CNT-0364,skip,252,2025-03-31T01:17:28
USR-0922,CNT-0188,view,20,2025-03-31T01:24:57
USR-0206,CNT-0415,complete,5226,2025-03-31T01:43:21
USR-0838,CNT-0228,view,221,2025-03-31T01:50:15
USR-0174,CNT-0350,skip,37,2025-03-31T01:57:57
USR-0314,CNT-0403,click,1148,2025-03-31T02:11:41
USR-0248,CNT-0206,view,44,2025-03-31T02:13:20
USR-0443,CNT-0305,complete,706,2025-03-31T02:21:55
USR-0499,CNT-0229,skip,36,2025-03-31T02:22:47
USR-0975,CNT-0170,view,4,2025-03-31T02:23:05
USR-0963,CNT-0124,view,120,2025-03-31T02:41:45
USR-0181,CNT-0443,like,2086,2025-03-31T02:50:01
USR-0804,CNT-0255,view,2301,2025-03-31T02:51:20
USR-0759,CNT-0184,view,143,2025-03-31T02:53:16
USR-0454,CNT-0191,complete,766,2025-03-31T02:55:27
USR-0068,CNT-0276,complete,163,2025-03-31T03:00:12
USR-0072,CNT-0406,view,71,2025-03-31T03:02:59
USR-0628,CNT-0067,skip,204,2025-03-31T03:06:00
USR-0540,CNT-0051,complete,53,2025-03-31T03:06:38
USR-0807,CNT-0107,complete,651,2025-03-31T03:08:30
USR-0681,CNT-0078,view,309,2025-03-31T03:09:56
USR-0910,CNT-0383,click,257,2025-03-31T03:20:30
USR-0666,CNT-0180,view,106,2025-03-31T03:21:36
USR-0133,CNT-0244,view,418,2025-03-31T03:22:45
USR-0519,CNT-0272,skip,237,2025-03-31T03:40:27
USR-0071,CNT-0357,view,2134,2025-03-31T04:07:48
USR-0545,CNT-0011,view,148,2025-03-31T04:09:27
USR-0698,CNT-0446,view,623,2025-03-31T04:15:50
USR-0545,CNT-0327,skip,17,2025-03-31T04:20:20
USR-0361,CNT-0101,complete,344,2025-03-31T04:21:13
USR-0672,CNT-0098,complete,6236,2025-03-31T04:49:04
USR-0533,CNT-0347,view,1190,2025-03-31T04:50:25
USR-0664,CNT-0181,view,1563,2025-03-31T05:03:11
USR-0623,CNT-0045,click,8,2025-03-31T05:14:04
USR-0173,CNT-0494,like,288,2025-03-31T05:21:32
USR-0021,CNT-0010,complete,6371,2025-03-31T05:21:57
USR-0650,CNT-0451,view,650,2025-03-31T05:31:57
USR-0706,CNT-0234,view,434,2025-03-31T05:40:22
USR-0228,CNT-0111,click,35,2025-03-31T05:41:10
USR-0358,CNT-0027,complete,1669,2025-03-31T05:45:07
USR-0867,CNT-0264,skip,85,2025-03-31T05:59:13
USR-0791,CNT-0359,click,480,2025-03-31T06:04:46
USR-0297,CNT-0148,skip,181,2025-03-31T06:09:04
USR-0519,CNT-0268,view,3142,2025-03-31T06:10:44
USR-0457,CNT-0437,complete,4447,2025-03-31T06:33:01
USR-0556,CNT-0198,like,2096,2025-03-31T06:34:14
USR-0588,CNT-0292,like,118,2025-03-31T06:36:18
USR-0755,CNT-0377,view,7,2025-03-31T06:36:40
USR-0141,CNT-0438,complete,500,2025-03-31T06:41:15
USR-0521,CNT-0413,like,571,2025-03-31T06:42:27
USR-0436,CNT-0153,click,1291,2025-03-31T06:46:59
USR-0464,CNT-0478,complete,717,2025-03-31T06:47:16
USR-0708,CNT-0490,view,661,2025-03-31T06:55:21
USR-0273,CNT-0303,view,535,2025-03-31T07:02:07
USR-0523,CNT-0476,complete,51,2025-03-31T07:06:51
USR-0503,CNT-0459,like,46,2025-03-31T07:20:51
USR-0860,CNT-0038,like,591,2025-03-31T07:26:25
USR-0232,CNT-0343,complete,1085,2025-03-31T07:28:46
USR-0307,CNT-0399,view,2762,2025-03-31T07:33:46
USR-0730,CNT-0023,like,2014,2025-03-31T07:33:47
USR-0901,CNT-0119,complete,2313,2025-03-31T07:37:20
USR-0878,CNT-0101,complete,325,2025-03-31T07:50:44
USR-0684,CNT-0005,view,507,2025-03-31T07:59:02
USR-0092,CNT-0149,view,44,2025-03-31T08:04:01
USR-0112,CNT-0310,view,3424,2025-03-31T08:07:17
USR-0779,CNT-0262,skip,341,2025-03-31T08:08:09
USR-0409,CNT-0487,view,1070,2025-03-31T08:12:27
USR-0104,CNT-0326,view,867,2025-03-31T08:32:16
USR-0921,CNT-0344,skip,108,2025-03-31T08:44:50
USR-0285,CNT-0261,click,617,2025-03-31T08:59:59
USR-0608,CNT-0071,like,69,2025-03-31T09:08:25
USR-0336,CNT-0234,view,1353,2025-03-31T09:39:49
USR-0085,CNT-0386,click,487,2025-03-31T09:40:28
USR-0350,CNT-0288,complete,1140,2025-03-31T09:51:22
USR-0763,CNT-0034,complete,504,2025-03-31T09:53:24
USR-0361,CNT-0103,view,461,2025-03-31T10:00:27
USR-0468,CNT-0205,like,876,2025-03-31T10:01:55
USR-0316,CNT-0453,view,490,2025-03-31T10:09:20
USR-0288,CNT-0247,complete,752,2025-03-31T10:16:49
USR-0684,CNT-0283,view,27,2025-03-31T10:25:47
USR-0039,CNT-0413,skip,106,2025-03-31T10:25:50
USR-0726,CNT-0230,like,10,2025-03-31T10:37:20
USR-0652,CNT-0241,like,1493,2025-03-31T10:42:06
USR-0902,CNT-0415,view,2622,2025-03-31T10:46:40
USR-0379,CNT-0489,view,2187,2025-03-31T10:56:52
USR-0974,CNT-0328,view,86,2025-03-31T11:03:15
USR-0860,CNT-0447,click,3088,2025-03-31T11:41:28
USR-0049,CNT-0437,like,3653,2025-03-31T11:48:41
USR-0094,CNT-0341,view,47,2025-03-31T11:51:09
USR-0297,CNT-0337,view,61,2025-03-31T11:58:28
USR-0981,CNT-0341,like,67,2025-03-31T12:00:49
USR-0583,CNT-0010,view,2054,2025-03-31T12:02:32
USR-0972,CNT-0327,view,188,2025-03-31T12:09:24
USR-0876,CNT-0153,like,1826,2025-03-31T12:15:33
USR-0738,CNT-0493,click,136,2025-03-31T12:25:05
USR-0212,CNT-0271,like,185,2025-03-31T12:37:00
USR-0745,CNT-0423,like,37,2025-03-31T12:39:36
USR-0449,CNT-0407,skip,29,2025-03-31T12:51:16
USR-0444,CNT-0277,view,44,2025-03-31T12:59:39
USR-0390,CNT-0073,view,2299,2025-03-31T13:33:52
USR-0207,CNT-0015,complete,150,2025-03-31T13:41:05
USR-0230,CNT-0440,complete,3832,2025-03-31T13:41:20
USR-0408,CNT-0487,like,1902,2025-03-31T13:47:45
USR-0584,CNT-0382,like,1428,2025-03-31T13:49:16
USR-0026,CNT-0021,view,920,2025-03-31T14:02:55
USR-0047,CNT-0094,view,576,2025-03-31T14:10:12
USR-0241,CNT-0194,view,15,2025-03-31T14:10:35
USR-0255,CNT-0160,skip,48,2025-03-31T14:23:39
USR-0292,CNT-0388,view,3073,2025-03-31T14:47:47
USR-0739,CNT-0250,click,252,2025-03-31T14:50:08
USR-0724,CNT-0048,complete,80,2025-03-31T14:50:44
USR-0851,CNT-0318,skip,129,2025-03-31T14:55:25
USR-0850,CNT-0431,complete,606,2025-03-31T14:57:16
USR-0906,CNT-0277,view,2,2025-03-31T15:00:27
USR-0980,CNT-0071,view,0,2025-03-31T15:02:38
USR-0070,CNT-0459,skip,60,2025-03-31T15:03:43
USR-0465,CNT-0393,like,434,2025-03-31T15:12:19
USR-0411,CNT-0166,click,230,2025-03-31T15:34:41
USR-0476,CNT-0292,skip,26,2025-03-31T15:38:01
USR-0008,CNT-0284,view,2255,2025-03-31T15:42:46
USR-0350,CNT-0385,click,1551,2025-03-31T15:44:40
USR-0443,CNT-0131,complete,1089,2025-03-31T15:59:07
USR-0256,CNT-0325,complete,871,2025-03-31T15:59:15
USR-0335,CNT-0018,view,35,2025-03-31T16:01:42
USR-0582,CNT-0109,view,125,2025-03-31T16:17:01
USR-0110,CNT-0081,click,195,2025-03-31T16:17:57
USR-0606,CNT-0372,click,15,2025-03-31T16:20:10
USR-0297,CNT-0356,complete,4939,2025-03-31T16:28:34
USR-0049,CNT-0071,view,0,2025-03-31T16:34:24
USR-0296,CNT-0445,skip,34,2025-03-31T16:37:09
USR-0927,CNT-0090,view,446,2025-03-31T16:48:58
USR-0289,CNT-0087,view,223,2025-03-31T16:59:37
USR-0934,CNT-0217,complete,476,2025-03-31T17:00:26
USR-0140,CNT-0498,view,1110,2025-03-31T17:31:57
USR-0997,CNT-0330,skip,738,2025-03-31T17:33:43
USR-0924,CNT-0392,view,202,2025-03-31T17:37:00
USR-0890,CNT-0170,like,94,2025-03-31T17:44:51
USR-0096,CNT-0497,click,32,2025-03-31T17:56:28
USR-0596,CNT-0203,view,18,2025-03-31T18:18:00
USR-0117,CNT-0187,view,58,2025-03-31T18:30:09
USR-0893,CNT-0416,view,77,2025-03-31T18:33:11
USR-0732,CNT-0061,complete,679,2025-03-31T18:35:49
USR-0951,CNT-0121,view,15,2025-03-31T18:45:51
USR-0287,CNT-0004,view,2855,2025-03-31T19:09:19
USR-0657,CNT-0148,click,514,2025-03-31T19:23:19
USR-0115,CNT-0158,view,11,2025-03-31T19:24:25
USR-0721,CNT-0471,like,2770,2025-03-31T19:28:28
USR-0011,CNT-0046,like,547,2025-03-31T19:28:32
USR-0836,CNT-0036,view,417,2025-03-31T20:21:25
USR-0342,CNT-0067,view,3845,2025-03-31T20:34:10
USR-0906,CNT-0322,view,456,2025-03-31T20:34:22
USR-0412,CNT-0473,skip,28,2025-03-31T20:36:06
USR-0164,CNT-0396,like,180,2025-03-31T20:46:30
USR-0993,CNT-0115,complete,566,2025-03-31T20:53:16
USR-0348,CNT-0474,view,144,2025-03-31T20:57:25
USR-0783,CNT-0060,view,153,2025-03-31T21:01:10
USR-0884,CNT-0312,click,153,2025-03-31T21:12:00
USR-0424,CNT-0375,complete,458,2025-03-31T21:19:14
USR-0503,CNT-0349,click,2965,2025-03-31T21:21:12
USR-0981,CNT-0090,view,211,2025-03-31T21:28:33
USR-0214,CNT-0289,skip,11,2025-03-31T21:34:51
USR-0092,CNT-0489,view,3089,2025-03-31T21:42:58
USR-0170,CNT-0251,click,326,2025-03-31T21:44:29
USR-0360,CNT-0241,complete,2510,2025-03-31T21:46:31
USR-0723,CNT-0207,like,898,2025-03-31T22:00:37
USR-0901,CNT-0240,view,22,2025-03-31T22:03:19
USR-0247,CNT-0271,view,2253,2025-03-31T22:04:43
USR-0794,CNT-0183,view,2066,2025-03-31T22:09:38
USR-0242,CNT-0134,view,625,2025-03-31T22:12:45
USR-0807,CNT-0308,skip,412,2025-03-31T22:15:43
USR-0284,CNT-0277,like,0,2025-03-31T22:16:05
USR-0893,CNT-0491,view,1476,2025-03-31T22:17:19
USR-0563,CNT-0129,view,112,2025-03-31T22:21:33
USR-0944,CNT-0275,click,60,2025-03-31T22:22:02
USR-0191,CNT-0091,complete,40,2025-03-31T22:33:06
USR-0347,CNT-0365,view,621,2025-03-31T22:39:39
USR-0001,CNT-0341,view,28,2025-03-31T22:42:23
USR-0644,CNT-0498,like,618,2025-03-31T22:45:20
USR-0382,CNT-0130,view,9,2025-03-31T22:57:58
USR-0749,CNT-0109,click,420,2025-03-31T23:03:05
USR-0240,CNT-0468,click,616,2025-03-31T23:03:39
USR-0314,CNT-0210,complete,2746,2025-03-31T23:05:34
USR-0877,CNT-0069,complete,5039,2025-03-31T23:07:45
USR-0402,CNT-0180,view,46,2025-03-31T23:17:44
USR-0955,CNT-0290,like,3989,2025-03-31T23:17:51
USR-0358,CNT-0129,skip,110,2025-03-31T23:26:53
USR-0544,CNT-0260,complete,784,2025-03-31T23:41:11
USR-0273,CNT-0285,click,835,2025-03-31T23:42:18
USR-0756,CNT-0466,complete,277,2025-03-31T23:42:39
USR-0896,CNT-0456,like,38,2025-03-31T23:43:24
USR-0886,CNT-0115,view,406,2025-03-31T23:55:20
